id,articleId,article_createdAt,articleType,text,replyId,replyType,reply_createdAt,reply_type,latency_hours,text_preview,scam_hits,pol_hits,health_hits,rule_topic,election_cycle
1,23w45v2k2m42g,2023-12-09 09:09:56.762000+00:00,TEXT,"當今新疆類似1945年之前的原住民區
當今到十年後的新疆
類似台灣1945年至台灣民主化前的原住民
中國能給台灣原住民如同新疆一樣的自治區",ovZuTowBAjOeMOkl-nPQ,RUMOR,2023-12-09 11:55:45.231000+00:00,RUMOR,2.763463611111111,"當今新疆類似1945年之前的原住民區
當今到十年後的新疆
類似台灣1945年至台灣民主化前的原住民
中國能給台灣原住民如同新疆一樣的自治區",0,1,0,political,2024
2,10ox81ilpzc5o,2024-01-02 02:04:39.342000+00:00,TEXT,"因為我美甲薪水沒有很穩定..所以我有跟廠商配合在賣大漢酵素的強效威能飲
如果可以的話能幫我捧場一盒就好嗎..含運費是1079🥺
我知道很突然..但如果你願意幫我的話 看你哪天有空我們可以一起出去吃飯逛逛 我再順便請你喝杯飲料好好謝謝你..可以嘛..",QvdE6YwBAjOeMOklZzBq,NOT_ARTICLE,2024-01-08 13:30:23.466000+00:00,NOT_ARTICLE,155.42892333333333,"因為我美甲薪水沒有很穩定..所以我有跟廠商配合在賣大漢酵素的強效威能飲
如果可以的話能幫我捧場一盒就好嗎..含運費是1079🥺
我知道很突然..但如果你願意幫我的話 看你哪天有空我們可以一起出去吃飯逛逛 我再順便請你喝杯飲料好好謝謝你..可以嘛..",1,0,0,scam,2024
3,2ijpzntpql6y5,2020-04-07 14:54:11.330000+00:00,TEXT,"題外話。
寒軒也即將要收了。
各位身邊若還有寒軒餐券記得盡快使用完畢",LA5RbXEBrhVJn3LNbODb,NOT_ARTICLE,2020-04-12 07:36:25.050000+00:00,NOT_ARTICLE,112.70381111111112,"題外話。
寒軒也即將要收了。
各位身邊若還有寒軒餐券記得盡快使用完畢",0,0,0,other,2020
4,w6eh4qmzidm8,2020-01-28 04:41:53.619000+00:00,TEXT,"非常重要請仔細聽完、攸關生命安全

現任萬海航運總經理，兒子是留美醫生，昨天傍晚特轉語音提醒。

請轉告提醒身旁的親朋好友們警慎防護",hGN36m8Bd3n3h-WYeuos,RUMOR,2020-01-28 04:44:56.235000+00:00,RUMOR,0.0507266666666666,"非常重要請仔細聽完、攸關生命安全

現任萬海航運總經理，兒子是留美醫生，昨天傍晚特轉語音提醒。

請轉告提醒身旁的親朋好友們警慎防護",0,0,0,other,2020
5,uvkeajyi4u9n,2024-03-29 07:11:41.783000+00:00,TEXT,https://t1.twvoteping.life/?fbclid=IwAR2nycbA0cHoch_WpYAlgZrB7r4RTPPVXl5z43H4tREDCrOc7tQD-8E3pac_aem_AdvrKLcYl8g2ZjlV6cxW2VPP4zUVqk0H_NWb10e0hyyoEs3cJ0WV7Q7KCtay1SOvIAaqknHo-XaTzDQJ2Sz-ys00,4BEWno4B0DEb0v6ccxGu,RUMOR,2024-04-02 09:14:15.342000+00:00,RUMOR,98.04265527777778,https://t1.twvoteping.life/?fbclid=IwAR2nycbA0cHoch_WpYAlgZrB7r4RTPPVXl5z43H4tREDCrOc7tQD-8E3pac_aem_AdvrKLcYl8g2ZjlV6cxW2VPP4zUVqk0H_NWb10e0hyyoEs3cJ0WV7Q7KCtay1SOvIAaqknHo-XaTzDQJ2Sz-ys00,0,0,0,other,2024
6,20c202qx1i942,2023-11-15 07:41:13.635000+00:00,TEXT,"台電新的電價調整政策
15:30—21:30
一度9.29/元
變向漲價。近4倍之多",R_V51YsBAjOeMOkldOLC,RUMOR,2023-11-16 00:13:08.673000+00:00,RUMOR,16.531955,"台電新的電價調整政策
15:30—21:30
一度9.29/元
變向漲價。近4倍之多",0,0,0,other,2024
7,31tndjnwnxg1s,2020-01-08 22:13:18.648000+00:00,TEXT,"新疆沙漠竟下雪了，美到爆！
http://mp.weixin.qq.com/s?__biz=MjM5OTAwMjIzNw==&mid=401530329&idx=1&sn=e8a972c938104eef343a069ef2d2d591&scene=0#wechat_redirect",BF79h28Bd3n3h-WYqTbu,NOT_RUMOR,2020-01-09 01:49:05.901000+00:00,NOT_RUMOR,3.596459166666667,"新疆沙漠竟下雪了，美到爆！
http://mp.weixin.qq.com/s?__biz=MjM5OTAwMjIzNw==&mid=401530329&idx=1&sn=e8a972c938104eef343a069ef2d2d591&scene=0#wechat_redirect",0,0,0,other,2020
8,2260pff5kev0o,2020-03-30 07:37:39.180000+00:00,TEXT,【疫情曙光】零死亡零住院　紐約醫師分享武漢肺炎療法 https://tw.appledaily.com/new/realtime/20200330/1725590/,NAnlKnEBrhVJn3LNI3fV,OPINIONATED,2020-03-30 10:03:12.212000+00:00,OPINIONATED,2.4258422222222222,【疫情曙光】零死亡零住院　紐約醫師分享武漢肺炎療法 https://tw.appledaily.com/new/realtime/20200330/1725590/,0,0,2,health,2020
9,h4f7mjxw95n3,2023-12-18 14:20:51.174000+00:00,TEXT,https://youtube.com/shorts/xpFmr91cyOw?si=WsVYyv7RdOczQ04Y,UvbogowBAjOeMOklgbIa,RUMOR,2023-12-19 16:28:44.696000+00:00,RUMOR,26.13153388888889,https://youtube.com/shorts/xpFmr91cyOw?si=WsVYyv7RdOczQ04Y,0,0,0,other,2024
10,1j8auh1rqdtry,2020-01-30 11:12:58.263000+00:00,TEXT,https://www.facebook.com/morgan.lin.5220/posts/10157874019299659,W2Qv9m8Bd3n3h-WYEKhx,RUMOR,2020-01-30 11:21:17.167000+00:00,RUMOR,0.1385844444444444,https://www.facebook.com/morgan.lin.5220/posts/10157874019299659,0,0,0,other,2020
11,g7b00hzwi90c,2020-01-30 19:19:49.157000+00:00,TEXT,"韓國消費者協會（KCN）日前檢測市面上熱銷氣炸鍋，結果發現有4成炸出來的薯條致癌物質超標，最嚴重超標兩倍多。（youtube 截圖）
標榜不需要落油就可以煮出炸物的氣炸鍋，是近年大受歡迎的家電產品，皆因不少人都覺得用這種方式烹調食物會更健康。早前韓國消費者協會進行抽樣調查，結果發現在部分由空氣炸鍋製作出來的薯條中，檢驗出致癌物質嚴重超標，情況令人憂慮。

韓國消費者協會就市面上10款氣炸鍋進行調查，並測試由各款氣炸鍋製作出來的薯條。

研究人員按照說明書，將雪藏薯條放入攝氏200度的高溫內烹調，結果發現有4個樣本的薯條，被驗出致癌物「質酰胺」含量超出歐盟安全標準，其中有部分樣本更超標高達2倍有多。

協會並沒有詳細標明10款氣炸鍋的牌子，只是透露有韓國暢銷品牌以及歐洲品牌。但無論如何，今次結果已經可以證實，其實所謂的「無油煮食」並不如坊間所指這麼健康。

5個使用氣炸鍋的小貼士
1. 不要將蔬菜放入氣炸鍋烹調，因為當中的葉酸、維生素B、C遇熱便會被破壞。

2. 不要將加工食物放入氣炸鍋烹調，因為炸翻所制造出的油份並不健康，更會產生反式脂肪。

3. 氣炸鍋溫度不要超過攝氏180度，以免食物焦化致癌。

4. 1個月內最好不用使用超過2次氣炸鍋烹調。

5. 注意烹調時間，不宜過長。",v2Qg-m8Bd3n3h-WYh-cn,RUMOR,2020-01-31 05:43:53.381000+00:00,RUMOR,10.401173333333334,"韓國消費者協會（KCN）日前檢測市面上熱銷氣炸鍋，結果發現有4成炸出來的薯條致癌物質超標，最嚴重超標兩倍多。（youtube 截圖）
標榜不需要落油就可以煮出炸物的氣炸鍋，是近年大受歡迎的家電產品，皆因不少人都覺得用這種方式烹調食物會更健康。早前韓國消費者協會進行抽樣調查，結果發現在部分由空氣炸鍋製作出來的薯條中，檢驗出致癌物質嚴重超標，情況令人憂慮。

韓國消費者協會就市面上10款氣炸鍋進行調查",0,0,2,health,2020
12,2ow34cgbkfgjd,2024-01-05 12:01:07.538000+00:00,TEXT,健保卡卡號加戶口名簿號碼登錄勞保局查勞保資料已經在112年/12/25停用,7PfQ2YwBAjOeMOkl0xtq,NOT_RUMOR,2024-01-05 13:29:50.697000+00:00,NOT_RUMOR,1.4786552777777775,健保卡卡號加戶口名簿號碼登錄勞保局查勞保資料已經在112年/12/25停用,0,0,0,other,2024
13,3ou0qj8rhxbb4,2024-04-06 13:22:38.514000+00:00,TEXT,"這個蠻橫兇惡的女人，在捷運上佔據二個位置。
    不但不覺羞恥，還惡言挑釁公然侮辱她人。因為這女人自稱是民進黨蔡英文派系，還秀出包包上民進黨徽。
    看來，加入民進黨就有神功護體，廉恥不侵囉！",LnOSeJEBd3gcY0LpCFxH,OPINIONATED,2024-08-22 05:32:01.990000+00:00,OPINIONATED,3304.156521111111,"這個蠻橫兇惡的女人，在捷運上佔據二個位置。
    不但不覺羞恥，還惡言挑釁公然侮辱她人。因為這女人自稱是民進黨蔡英文派系，還秀出包包上民進黨徽。
    看來，加入民進黨就有神功護體，廉恥不侵囉！",0,2,0,political,2024
14,lb9tr4dbooh5,2023-10-19 07:03:58.583000+00:00,TEXT,因為我們公司個人帳戶不夠用，所以我們需要出來租借提款卡，只要你的提款卡可以正常使用，我們就可以配合。,wvY-cYwBAjOeMOklGZwU,RUMOR,2023-12-16 06:09:04.275000+00:00,RUMOR,1391.0849144444444,因為我們公司個人帳戶不夠用，所以我們需要出來租借提款卡，只要你的提款卡可以正常使用，我們就可以配合。,2,0,0,scam,2024
15,w0k08ptwf56m,2019-11-08 16:56:32.238000+00:00,TEXT,"今天免費永久貼圖!趕緊下載
↓↓↓↓
https://lihi1.cc/MqXvd
還有免費主題!趕緊套用
↓↓↓↓
https://lihi1.cc/q5qsu
以上兩個都可以領取唷",IkuUTm4BV0DITCqGd13w,RUMOR,2019-11-09 05:13:03.214000+00:00,RUMOR,12.275271111111111,"今天免費永久貼圖!趕緊下載
↓↓↓↓
https://lihi1.cc/MqXvd
還有免費主題!趕緊套用
↓↓↓↓
https://lihi1.cc/q5qsu
以上兩個都可以領取唷",2,0,0,scam,2020
16,xndgyg17ws4g,2020-03-18 14:32:06.687000+00:00,TEXT,"武漢肺炎 發病的第一個症狀是發燒 第二個是咳嗽 所以家裡應該備有 ㈠退燒 和㈡袪痰 兩種藥應急

世界衛生組織警告 退燒藥不可使用具有消炎效力 (如Ibuprofen 布洛芬 除退燒止痛外 也具有消炎效力) 會加重病情
使用 普拿疼(只含paracetamol 單一成份) 就可以退燒了

咳嗽藥有 止咳祛痰 兩種不同的作用 咳嗽有排毒作用 所以要選擇具有排痰功效的Guaifenesin 讓痰容易排出體外",6AXo9XABrhVJn3LNNyxb,OPINIONATED,2020-03-20 03:06:41.370000+00:00,OPINIONATED,36.57630083333333,"武漢肺炎 發病的第一個症狀是發燒 第二個是咳嗽 所以家裡應該備有 ㈠退燒 和㈡袪痰 兩種藥應急

世界衛生組織警告 退燒藥不可使用具有消炎效力 (如Ibuprofen 布洛芬 除退燒止痛外 也具有消炎效力) 會加重病情
使用 普拿疼(只含paracetamol 單一成份) 就可以退燒了

咳嗽藥有 止咳祛痰 兩種不同的作用 咳嗽有排毒作用 所以要選擇具有排痰功效的Guaifenesin 讓痰容易排",0,0,1,health,2020
17,1cguv13v2vfdr,2024-02-20 14:17:43.773000+00:00,TEXT,"地上建築物延燒3.5.7號1樓及2樓，每一層樓50平方公尺，燃燒面積300平方公尺，3號地下室無法評估燃燒面積，每一樓層囤放7000顆藍牙耳機鋰電池，請注意鋰電池燃燒時會釋放鎳、鋁、鋰、銅、鈷等金屬氧化物的顆粒，以及氫氣、一氧化碳等大量的有毒氣體，對人體傷害非常嚴重
請芳鄰居家時也戴好口罩",z5oxyY0BBMtPEaE0oeKf,NOT_RUMOR,2024-02-21 01:04:49.566000+00:00,NOT_RUMOR,10.7849425,"地上建築物延燒3.5.7號1樓及2樓，每一層樓50平方公尺，燃燒面積300平方公尺，3號地下室無法評估燃燒面積，每一樓層囤放7000顆藍牙耳機鋰電池，請注意鋰電池燃燒時會釋放鎳、鋁、鋰、銅、鈷等金屬氧化物的顆粒，以及氫氣、一氧化碳等大量的有毒氣體，對人體傷害非常嚴重
請芳鄰居家時也戴好口罩",0,0,0,other,2024
18,2i67cpwl4ue70,2023-12-13 23:44:55.994000+00:00,TEXT,"有外國媒體報導，台灣即將引進10萬印度勞工，民進黨政府立刻澄清「10萬人是假消息」，不知道民進黨何時準備向國人說清楚，準備引進多少、哪些類別？而目前失聯的8.5萬移工，如何協尋？

引進外籍移工的目的，是「補足」目前台灣勞工不足的缺口，而不是取代本土勞工。台灣的勞動條件不佳，不能再讓台灣勞工低薪、窮忙，更不能讓勞保基金繼續惡化，讓勞工退休權益雪上加霜。

柯文哲提出勞動政策四大綱領，包含「企業賺錢，勞工加薪」，「友善環境，保障勞權」，「年金改革，刻不容緩」，「廣納人才，人權立國」，要為辛苦打拚的台灣人撐起健康、幸福的勞動環境。

2000年以來，我國實質GDP的成長達120%，但實質薪資只增加4%，意味貧富懸殊，企業獲利並未有效分配給員工。

柯文哲主張儘速訂立《#最低工資法》，不能再讓法案躺在立法院，要依照科學基礎，以公式決定薪資漲幅，上市公司有義務揭露員工薪酬水準、調整資訊， #落實企業ESG責任、營造對投資人更透明的市場環境。

第二，「友善環境，保障勞權」。台灣勞工假太少、工時太高，應該增加 #勞工家庭照顧假天數，以 #就業保險形式，給付休假期間部分工資；要增訂以「小時」為單位的「#親職假」，方便家長處理兒童突發狀況，友善育兒需求；並且改掉「一家兩制」怪象，教師節、勞動節均列國定假日，也體現對教師的尊重。

對於非典型聘雇如承攬及派遣人力，應全面檢討並訂立《#外送平台從業人員權益保障法》，保障日益增加的非典勞動族群。

第三，「年金改革，刻不容緩」。我主張每年撥補1千億，有超徵稅收再撥補。盡速召開 #年金改革國是會議，徹底檢討台灣社福制度如何永續。勞退目前是雇主提撥6%，勞工可提撥0到6%，我若執政，雇主提撥比例若願意再拉高，就由政府給稅率優惠。

第四，「廣納人才，人權立國」，讓已經屆齡退休卻還有能力工作、想工作的人，可以藉由「勞務重新設計」繼續找到合適的工作。台灣正在邁入高齡社會，相關法條都要與時俱進修改。

針對外籍移工，政府要進行總額管制，而且 #分業別、#課人頭稅，強化國對國「直聘」，放寛移工自由轉換，減少移工逃逸動機，縮短雇主等待期；也要建立移工學習系統，唯有友善移工朋友，杜絕剝削，台灣才能真正邁向人權國家，讓普世價值在台灣實現。

這些重要的勞動議題，必須有人解決，而不是2017年開完年金改革國是會議，砍完軍公教後，「因為選舉將屆，就停止改革」。",6JpCu40BBMtPEaE0Gcqt,OPINIONATED,2024-02-18 08:08:07.852000+00:00,OPINIONATED,1592.3866272222222,"有外國媒體報導，台灣即將引進10萬印度勞工，民進黨政府立刻澄清「10萬人是假消息」，不知道民進黨何時準備向國人說清楚，準備引進多少、哪些類別？而目前失聯的8.5萬移工，如何協尋？

引進外籍移工的目的，是「補足」目前台灣勞工不足的缺口，而不是取代本土勞工。台灣的勞動條件不佳，不能再讓台灣勞工低薪、窮忙，更不能讓勞保基金繼續惡化，讓勞工退休權益雪上加霜。

柯文哲提出勞動政策四大綱領，包含「企業賺錢",0,2,0,political,2024
19,3un8z99ojd3x2,2020-02-12 09:37:50.613000+00:00,TEXT,新聞報導說吃咖喱，因為印度，那有武漢病人，在印度卻發現沒有人，在有問題了！不知這是比較好了嗎？因為姜黃嗎？,GEUPOXABHjv_5zI2pEJN,RUMOR,2020-02-12 11:01:31.340000+00:00,RUMOR,1.394646388888889,新聞報導說吃咖喱，因為印度，那有武漢病人，在印度卻發現沒有人，在有問題了！不知這是比較好了嗎？因為姜黃嗎？,0,0,0,other,2020
20,2asj7rix9k77v,2020-02-10 05:34:22.549000+00:00,TEXT,https://www.google.com/url?sa=t&source=web&cd=3&ved=2ahUKEwitt5q0mMLnAhUkCqYKHTXiAjcQFjACegQICRAB&url=https%3A%2F%2Fm.ixigua.com%2Fi6790231843502293511%2F&usg=AOvVaw3ROGdnemEXvoL5J6yEaASR,lWiaL3ABd3n3h-WYAr1n,RUMOR,2020-02-10 14:56:27.238000+00:00,RUMOR,9.367969166666668,https://www.google.com/url?sa=t&source=web&cd=3&ved=2ahUKEwitt5q0mMLnAhUkCqYKHTXiAjcQFjACegQICRAB&url=https%3A%2F%2Fm.ixigua.com%2Fi6790231843502293511%2F&usg=AOvVaw3ROGdnemEXvoL5J6yEaASR,0,0,0,other,2020
21,hp7cspug1juu,2020-04-04 14:27:02.094000+00:00,TEXT,"武漢肺炎風暴經濟躺槍 美國首間銀行倒閉｜國際 | 中央社 CNA
https://bit.ly/2JFcQ44",9gu8RXEBrhVJn3LN4aCS,NOT_RUMOR,2020-04-04 15:08:58.641000+00:00,NOT_RUMOR,0.6990408333333333,"武漢肺炎風暴經濟躺槍 美國首間銀行倒閉｜國際 | 中央社 CNA
https://bit.ly/2JFcQ44",1,0,1,scam,2020
22,30w9gvbhhv4hi,2024-01-08 09:07:40.304000+00:00,TEXT,針對你現在體內內分泌絮亂，胃腸道疲虛，基礎代謝率低等因素造成的肥胖問題，我會採用桂圓、白芷、秋葵、橘皮、百合、枸杞子等珍貴植物萃取精華提取並研磨成粉末喔，使用方式是很簡單方便的，只需要餐後用溫水泡開飲用即可，一天喝1-2次，拿到產品後我都會詳細指導你使用的，只有這樣才能讓你健康瘦下來不反彈的，從身體根源解決肥胖，瘦肚子，瘦腿，瘦腰，瘦全身，綜合性調理的哦。減重期間全程跟進你的瘦身情況，直到您瘦身成功老師的任務才算完成的哦。,lGPxXo8BUCqzrknpyNeQ,RUMOR,2024-05-09 20:00:54.926000+00:00,RUMOR,2938.887395,針對你現在體內內分泌絮亂，胃腸道疲虛，基礎代謝率低等因素造成的肥胖問題，我會採用桂圓、白芷、秋葵、橘皮、百合、枸杞子等珍貴植物萃取精華提取並研磨成粉末喔，使用方式是很簡單方便的，只需要餐後用溫水泡開飲用即可，一天喝1-2次，拿到產品後我都會詳細指導你使用的，只有這樣才能讓你健康瘦下來不反彈的，從身體根源解決肥胖，瘦肚子，瘦腿，瘦腰，瘦全身，綜合性調理的哦。減重期間全程跟進你的瘦身情況，直到您瘦身成,0,0,1,health,2024
23,3ed64kejsnofy,2019-11-18 12:33:20.741000+00:00,TEXT,"得勝者正爭取「台新公益慈善基金會」25萬元提案贊助，要入選才有機會獲得贊助！
讓我們的下一代成為能力與品格兼備的財商達人！
目前3739票，離目標還有段距離，再麻煩請大家協助宣傳哦~
https://www.poweroflove.com.tw/tab_project.aspx?projectid=0B2766&refsource=vote",Dk5yhm4BV0DITCqGutd3,NOT_ARTICLE,2019-11-20 01:34:56.118000+00:00,NOT_ARTICLE,37.02649361111112,"得勝者正爭取「台新公益慈善基金會」25萬元提案贊助，要入選才有機會獲得贊助！
讓我們的下一代成為能力與品格兼備的財商達人！
目前3739票，離目標還有段距離，再麻煩請大家協助宣傳哦~
https://www.poweroflove.com.tw/tab_project.aspx?projectid=0B2766&refsource=vote",0,0,0,other,2020
24,23i6vqtaxnykd,2024-04-05 12:41:35.528000+00:00,TEXT,就..可以的話..能不能當作支持我一次..幫我捧場一組我兼職網拍賣的辣椒醬醬嗎 一組兩罐是1200 因為我有個小目標達到就有額外的獎金 我想用這獎金來送給家人一個禮物..我現在就只差2組了!!所以才希望你能夠幫我一組就好可以嗎...,7OboQJQBYrjt7MSMR6LH,RUMOR,2025-01-07 13:15:52.134000+00:00,RUMOR,6648.571279444444,就..可以的話..能不能當作支持我一次..幫我捧場一組我兼職網拍賣的辣椒醬醬嗎 一組兩罐是1200 因為我有個小目標達到就有額外的獎金 我想用這獎金來送給家人一個禮物..我現在就只差2組了!!所以才希望你能夠幫我一組就好可以嗎...,1,0,0,scam,2024
25,1zqpyretjmy9i,2023-11-05 14:59:12.007000+00:00,TEXT,(coffee)(coffee)(coffee)本次的茶葉是我們老班章普洱04年珍藏版，目前是我們市面上最後一批了，賣完就沒有了，所以非常的珍貴，價格方面我們最終談到了1200美金一餅，預計週期是20-25天，預計最終會有50倍的利潤，且這次我們拿到的茶葉也不是很多哦，所以請大家及時把握住機會。(pleased face)(pleased face),iPUs6IsBAjOeMOkl5flk,RUMOR,2023-11-19 15:22:18.338000+00:00,RUMOR,336.38509194444447,(coffee)(coffee)(coffee)本次的茶葉是我們老班章普洱04年珍藏版，目前是我們市面上最後一批了，賣完就沒有了，所以非常的珍貴，價格方面我們最終談到了1200美金一餅，預計週期是20-25天，預計最終會有50倍的利潤，且這次我們拿到的茶葉也不是很多哦，所以請大家及時把握住機會。(pleased face)(pleased face),0,0,0,other,2024
26,ltn0s12hp1t4,2024-01-12 14:09:32.719000+00:00,TEXT,今晚24:00後不可以再在line群組裡留言-支持任何一個團體或是對象，如果被截圖的話，會被中選會罰款！金額高達數拾萬到百萬，請各自留意一下！直到明天下午四點完成選舉後。才能再發表自己意見！,qPd3AI0BAjOeMOklklFa,OPINIONATED,2024-01-13 01:37:32.761000+00:00,OPINIONATED,11.466678333333334,今晚24:00後不可以再在line群組裡留言-支持任何一個團體或是對象，如果被截圖的話，會被中選會罰款！金額高達數拾萬到百萬，請各自留意一下！直到明天下午四點完成選舉後。才能再發表自己意見！,0,1,0,political,2024
27,22kwlgr6dqzsv,2023-11-09 07:13:26.485000+00:00,TEXT,"下面是你的薪水(錢包)派發網址
:www.runwinoaes.com
查看薪水方式點擊網址
輸入帳號/密碼就可以登入查看囉❤️
",ap1Bb44BBMtPEaE04gg3,RUMOR,2024-03-24 06:59:32.535000+00:00,RUMOR,3263.7683472222225,"下面是你的薪水(錢包)派發網址
:www.runwinoaes.com
查看薪水方式點擊網址
輸入帳號/密碼就可以登入查看囉❤️
",4,0,0,scam,2024
28,1ezln8prfrcpl,2024-03-18 08:29:51.120000+00:00,TEXT,"登記好了
你的會員編號是帳號:PH3312
點擊即可加入工作群組
進去後［兩頁］都幫我輸入錢包帳號+暱稱

第一頁會員編號填上PH3312
第二頁暱稱 填上編號PH3312-後面加上妳的暱稱

您已被邀請加入「🌊EasyLife-商辦學院-拾貳🌊」！請點選以下連結加入社群！
https://line.me/ti/g2/Ioe3jncHFeuIelaSr_8M9U3SGZd1u4R1gD-kqQ?utm_source=invitation&utm_medium=link_copy&utm_campaign=default",NmOj2Y4BUCqzrknp-gsb,RUMOR,2024-04-13 22:46:26.075000+00:00,RUMOR,638.2763763888889,"登記好了
你的會員編號是帳號:PH3312
點擊即可加入工作群組
進去後［兩頁］都幫我輸入錢包帳號+暱稱

第一頁會員編號填上PH3312
第二頁暱稱 填上編號PH3312-後面加上妳的暱稱

您已被邀請加入「🌊EasyLife-商辦學院-拾貳🌊」！請點選以下連結加入社群！
https://line.me/ti/g2/Ioe3jncHFeuIelaSr_8M9U3SGZd1u4R1gD-kqQ?u",2,0,0,scam,2024
29,3oy1ny205x4cx,2020-04-05 05:05:48.061000+00:00,TEXT,"* Help share 🙏: --- √👍👍 *

 Doctors in China confirm.
 這 是 100 ％ 準確 的 信息 ，
 This information is 100% accurate
 對於 每個 人 都 非常 有效。
 Very effective for everyone

 為什麼 中國 大陸 過去 幾天 大大 減少 了 感染 人數
 China has significantly reduced the number of infections in the past few days.

 除了 戴 口罩 勤 洗手 外 ，
 Besides wearing masks and washing hands

 他們 只是 簡單 地 每天 漱口 3 次 鹽水
 They also gargle salt water 3 times a day

 完成 後 ， 喝水 5 分鐘。
 After that, drink warm water for 5 minutes nails

 因為 該 病毒 只能 在 喉嚨 中 侵襲 ，
 Because the virus initially only attacks the throat

 然後 再 侵襲 肺部
 Then just attack the lungs

 當 受到 鹽水 侵襲 時.
 When hit by salt water

 該 病毒 會 死亡 或 胃中 胃中 下來 並 在 胃中 銷毀,
 The virus will die or descend and disintegrate in the stomach

  這 是 預防 冠狀 病毒 流行 的 唯一 方法 ，
 This is one way to prevent Covid19 from being used by people.

  市場 上 沒有 藥品
 There is no medicine on the market
  所以 不要 購買。
 No need to buy

  童 綜合 王叔 昂 醫師 醫師 ：
 The General Hospital stated

  新 冠 肺炎 在 還 沒有 來到 肺部 之前, Before the crown pneumonia / virus reaches the lungs
 
  它 會 在 喉嚨 部位 存活 4 天
 The virus lives in the throat for 4 days

  在 這個 時候 ， 人們 會 開始 咳嗽 及 喉痛。
 At this time, the infected start to cough & sore throat.

  如果 他 能 儘量 喝多 溫 開水 及 或,
 If you can drink as much warm water as possible nails or salt water

  就能 消滅 病菌。
 Can eliminate viruses

  儘快 把 此 訊息 轉達 一下 ，
 Hurry and spread this message.

  因爲 你 會 救 他人 一 命！
 Because you will save someone's life

 由 刘 赞 坤 翻译 于 2020 年 4 月 2 日
 Translated by Liu Zan kun on April 2, 2020

 Good afternoon, always healthy greetings
 #Sangatlawanviruscorona 🙏",FwxAUHEBrhVJn3LNmn1o,RUMOR,2020-04-06 16:09:03.334000+00:00,RUMOR,35.0542425,"* Help share 🙏: --- √👍👍 *

 Doctors in China confirm.
 這 是 100 ％ 準確 的 信息 ，
 This information is 100% accurate
 對於 每個 人 都 非常 有效。
 Very effective for everyone

 為什麼 中國 大陸 過去 幾天 大大 減少 了 感染 人數
 China has ",0,1,1,political,2020
30,157cckn7dtox1,2023-12-06 14:08:38.105000+00:00,TEXT,"拚立委連任  馬文君：監督避免軍火掮客吸血汗錢
https://bit.ly/46KJsBq",E_apQowBAjOeMOkl-GUa,NOT_RUMOR,2023-12-07 05:04:44.569000+00:00,NOT_RUMOR,14.935128888888888,"拚立委連任  馬文君：監督避免軍火掮客吸血汗錢
https://bit.ly/46KJsBq",0,1,0,political,2024
31,353a5cu33vjg9,2024-02-17 13:26:39.605000+00:00,TEXT,"鮭魚寄生蟲

美國哥倫比亞疾病控制中心研究發現，約有75％的野生太平洋鮭魚感染了異尖線蟲，也稱為鯡魚線蟲或鱈魚線蟲，是魚類中相當常見的寄生蟲，其消滅方法需要透過徹底烹飪或低溫冷凍。 

然而，若該寄生蟲在活著的狀態下被誤食，它們便會附著在人的胃上，進而導致異尖線蟲病或二葉絲蟲病，後者是一種長期感染。

建議群友們不要吃鮭魚的生魚片。",hprYw40BBMtPEaE0Htmb,NOT_RUMOR,2024-02-20 00:08:57.243000+00:00,NOT_RUMOR,58.70489944444444,"鮭魚寄生蟲

美國哥倫比亞疾病控制中心研究發現，約有75％的野生太平洋鮭魚感染了異尖線蟲，也稱為鯡魚線蟲或鱈魚線蟲，是魚類中相當常見的寄生蟲，其消滅方法需要透過徹底烹飪或低溫冷凍。 

然而，若該寄生蟲在活著的狀態下被誤食，它們便會附著在人的胃上，進而導致異尖線蟲病或二葉絲蟲病，後者是一種長期感染。

建議群友們不要吃鮭魚的生魚片。",0,0,1,health,2024
32,40jet19jelyb,2020-03-28 01:22:00.880000+00:00,TEXT,人性的不同，德國人將食品用品分放路旁，給有需要的人自取，不自私，也不發國難財,EAhGInEBrhVJn3LNTMhW,RUMOR,2020-03-28 17:52:44.629000+00:00,RUMOR,16.512152500000003,人性的不同，德國人將食品用品分放路旁，給有需要的人自取，不自私，也不發國難財,0,0,1,health,2020
33,1n2ehxhghuwyl,2024-01-25 05:34:40.819000+00:00,TEXT,"陳彥堯律師遞狀前通知:
您好，由於您多次不理會我司，我司將於三日內提起法律訴訟詐欺罪三年以上七年以下有期徒刑以及違約金新台幣30萬元整，如要和解請於三日內與我司聯繫，否視同違約移送管轄法院。",-nMArJEBd3gcY0LphaZs,RUMOR,2024-09-01 05:13:21.004000+00:00,RUMOR,5279.644495833333,"陳彥堯律師遞狀前通知:
您好，由於您多次不理會我司，我司將於三日內提起法律訴訟詐欺罪三年以上七年以下有期徒刑以及違約金新台幣30萬元整，如要和解請於三日內與我司聯繫，否視同違約移送管轄法院。",0,0,0,other,2024
34,2df1tajd26t4g,2023-12-07 11:02:07.714000+00:00,TEXT,一個月內完成3000個有額外5000元的獎勵薪水   入職公司還會為你繳勞健保  如果你已經有在其他公司交了    我們公司會為你轉為現金1000元給妳,ZvdrR40BAjOeMOklSKgS,RUMOR,2024-01-26 20:17:09.648000+00:00,RUMOR,1209.2505372222224,一個月內完成3000個有額外5000元的獎勵薪水   入職公司還會為你繳勞健保  如果你已經有在其他公司交了    我們公司會為你轉為現金1000元給妳,2,0,0,scam,2024
35,2cw0sskask1zj,2020-03-11 08:06:32.589000+00:00,TEXT,有在診所或藥局領長期處方如高血壓、高血酯、糖尿病的親友要考慮先自費購買一兩個月的備藥，因為目前這些藥品已經在很緊張的狀態了，怕到時會領不到藥。,5JgMynABXgMiGHzR6XTM,OPINIONATED,2020-03-11 14:43:28.843000+00:00,OPINIONATED,6.615626111111111,有在診所或藥局領長期處方如高血壓、高血酯、糖尿病的親友要考慮先自費購買一兩個月的備藥，因為目前這些藥品已經在很緊張的狀態了，怕到時會領不到藥。,0,0,0,other,2020
36,16en7vev7n8a,2020-01-23 08:51:41.531000+00:00,TEXT,一名懷疑肺炎帶菌者，由武漢逃跑到上海，想經上海虹橋逃到港澳台！活捉，裝箱，打包(以上內容包括短片都是轉發),g2Lv0m8Bd3n3h-WYKKMs,RUMOR,2020-01-23 15:04:46.378000+00:00,RUMOR,6.218013055555556,一名懷疑肺炎帶菌者，由武漢逃跑到上海，想經上海虹橋逃到港澳台！活捉，裝箱，打包(以上內容包括短片都是轉發),0,0,1,health,2020
37,30panmqbdi4ua,2020-03-27 19:24:52.544000+00:00,TEXT,"溫馨大提醒- 關於雇用老年人照顧員 (很長的熱騰騰的故事)
如果你們以後有需要找老人家的居家照顧人員, 不管是找外國人還是台灣人, 都要小心遇到心術不正的人, 不管年紀與國籍

我家幾個月前開始有長照人員來照顧我爸, 第一個(男)因離職, 換了第二個人(女), 這家公司的服務人員都很專業與負責. 只是不知道他們的督導到底是有多機車, 讓我家那位白痴大姐, 因為她不爽對方督導, 就要求換掉. 結果, 換了另一間公司, 來了一位心術不正的(女)服務員

(服務方面) 上班第一天就頻頻反應我們的洗澡椅不專業, 不好用, 她之前的公司有在賣, 一個多少又多少. 帶領病人做運動, 是坐在一旁說: 現在做運動, 你自己數自己做. 詢問沒做到的工作內容, 就說她們公司沒有這項服務, 她要問. 要做的家務服務, 是做了個頭, 還要我媽去收尾 (但錢她照領) 該帶出去見太陽的, 一個月內都說時間來不及 沒去

重點是!!!!! 她說她們帳目要清楚, 但她一點都不清楚; 不可以隨意翻病人物品, 但她也翻了
(心術不正的地方) 服務中有含購買午餐, 我們都事先拿錢給她們買, 第一天, 她就以""忘了""為由, 準備拿包就跑, 沒有把找回的零錢繳回, 還要我爸急忙站起, 她才說”忘了” (狀況1- 這麼需要清白的地方可以這麼容易”忘了”!!), 接著又說: 啊, 我沒零錢, 所以我給你多少錢 (狀況2- 我們沒有讓她先墊, 沒有她本人要找零的問題), 再補充說, 如果我以後忘了, 你要提醒我, 這個帳目我們都要算的清清楚楚 (狀況3- 如果她今天的病人是長期臥床.無法言語的人, 究竟要如何提醒). 之前的2位照顧員, 都沒在注意我爸桌上有多少零錢, 但她注意到了, 今天真心忍不住的自告奮勇的去整理桌上的零錢 (這項絕沒有含在要求服務內)
該長照的事沒做到多少, 不是淨埋怨器具不好, 就是沒時間; 一雙眼睛只巴望著病人有多少有價物品, 以照顧之名, 去翻去找, 還故意攀關係時, 在替我爸洗澡時, 叫我爸 ""老ㄟ"" (這種藍色蜘蛛網的劇情到現在還在演!!). 
她今天又以尋找一個""已被放在桌上""且""已告知她""的刮鬍刀之名, 再度翻找我爸的私人物品,

後續: 在第一天出事時, 我就跟其它人說要換掉她, 要不是她今天又再犯, 我追問為何她們的人員調度這麼久都還沒換掉, 這才知道白痴大姐在自我心情不爽與對方心術不正之間, 選擇了”對心術不正的不以為意”. 所以, 在被我正色教育一下午後, 終於, 下周換回原來的照顧員及公司


所以~~ 你們以後如果要找長照公司一定要多注意, 心術不正的人是不分年齡.性別及國籍的
願你們都不會遇到這麼八點檔的劇情
",_wmFK3EBrhVJn3LNL4fL,OPINIONATED,2020-03-30 12:58:01.030000+00:00,OPINIONATED,65.55235722222223,"溫馨大提醒- 關於雇用老年人照顧員 (很長的熱騰騰的故事)
如果你們以後有需要找老人家的居家照顧人員, 不管是找外國人還是台灣人, 都要小心遇到心術不正的人, 不管年紀與國籍

我家幾個月前開始有長照人員來照顧我爸, 第一個(男)因離職, 換了第二個人(女), 這家公司的服務人員都很專業與負責. 只是不知道他們的督導到底是有多機車, 讓我家那位白痴大姐, 因為她不爽對方督導, 就要求換掉. 結果,",0,0,0,other,2020
38,22r6xx7l8kse8,2020-02-09 11:24:25.807000+00:00,TEXT,"2020年是庚子之災，此年大禍之一瘟疫。
從政，名人，及大自然災害特別小心傷亡。

2020年=(庚子年)此年為殘殺變動之年。每60年會遇到一次，人一生當中，大約也只能遇到一次。

我們正經歷千禧年第一個庚子年！
古人智慧稱此年為:庚子之災...

我們要特別注意....
劉伯溫所說:.......
貧者一萬留一千。富者一萬留二三，
這句話是說窮人1萬會死九千人，只剩下1千人。
富人1萬會只剩下2個或3個人。這些數字可能是玄數無法判斷之數，
古代富人可能都為仁不富心態，所以死傷可能也會特別嚴重。
古人所稱富人通常也為官宦之家...
以現今來說，從政者跟名人都要特別小心。

劉伯溫碑記所說..正是庚子之災..
若問瘟疫何時現，但看九冬十月間
行善之人得一見，作惡之人不得觀!
就是銅打鐵羅漢，難過七月初一十三
任你金剛鐵羅漢，除非善乃能保全!
九愁屍體無人撿，十愁難過豬鼠年
此年為瘟疫自然災害人為損失之大年...

歷史上庚子年記載:
1840年庚子年：中國第一次鴉片戰爭。
1900年庚子年：八國聯軍打進京師，慈禧迅速西逃。
1960年庚子年：中國開始了持續三年的大饑荒，餓死了數千萬人。
1900年庚子年：印度大饑荒，數百萬人餓死。歐洲爆發罷工浪潮，南非戰爭爆發，屍體遍布，正是劉伯溫所述，九愁屍體無人撿。
1960年庚子年：非洲17國相繼宣布獨立，被稱為「非洲獨立年」。美國正式派兵介入越南戰爭。智利發生9.5級大地震，突破人類記錄死亡最多人數紀錄!

2020年黃帝地母經:
2020年黃帝地母經庚子年全文
詩曰︰
太歲庚子年，人民多暴卒。
春夏水淹流，秋冬頻飢渴。

高田猶及半，晚稻無可割。
秦淮足流蕩，吳楚多劫奪。

桑葉須後賤，蠶娘情不悅。
見蠶不見絲，徒勞用心切。

庚子年也是地球磁場變動一年，人都是宇宙萬物之一，這可能說明了，這些災害原因，

若得過了大劫年，才算世間不老仙，謹防人人艱難過，關過天番龍蛇年。
如果你能躲過這次劫難到2024-2025的龍蛇年，就可以算是否極泰來，
庚子年為置之死地而後生的一年。生死循環變動大年。

如何避開庚子之災

1:少旅遊，容易發生大自然災害地方少去。

2:出外防護最重要，病毒不挑人，皇帝霸王亦得死。

3:盡量謹慎行事，避免不必要的爭端,尤其是情緒起伏大，且損害別人；使自己得到好處切記莫作.記取中庸之道。",pmhrMnABd3n3h-WYIeVT,RUMOR,2020-02-11 04:04:06.610000+00:00,RUMOR,40.66133416666667,"2020年是庚子之災，此年大禍之一瘟疫。
從政，名人，及大自然災害特別小心傷亡。

2020年=(庚子年)此年為殘殺變動之年。每60年會遇到一次，人一生當中，大約也只能遇到一次。

我們正經歷千禧年第一個庚子年！
古人智慧稱此年為:庚子之災...

我們要特別注意....
劉伯溫所說:.......
貧者一萬留一千。富者一萬留二三，
這句話是說窮人1萬會死九千人，只剩下1千人。
富人1萬會只剩下2",0,0,0,other,2020
39,pskplgb3iq3p,2020-02-03 07:18:06.132000+00:00,TEXT,"【政府釋放防疫儲備口罩】

2/3 全台門市19：30同步販售

※每日政府配給數量請依現場為主，售完為止
※家樂福店中店、全家複合店、機場門市、金門店不在此販售範圍",T2V8CnABd3n3h-WYgvrP,OPINIONATED,2020-02-03 09:58:17.033000+00:00,OPINIONATED,2.6696947222222223,"【政府釋放防疫儲備口罩】

2/3 全台門市19：30同步販售

※每日政府配給數量請依現場為主，售完為止
※家樂福店中店、全家複合店、機場門市、金門店不在此販售範圍",0,0,0,other,2020
40,h5j7pvufosu,2020-03-02 03:25:41.479000+00:00,TEXT,"義大利提出約1200億台幣的紓困方案，度過新冠肺炎危機。
台灣還要承擔中國籍，來台依親6個月後健保費，不知道台灣人每個月多繳健保費？ 不知道台灣人手皮粗，說沒有人情，回頭一看原來馬英久用公告放寬，中國人大方進入，由台灣中國人買單。
台灣人認命更加用力，戮破手皮、健保給付不保怎麼辦？",94UvnHABWiTSPYAZhbjo,OPINIONATED,2020-03-02 16:58:45.094000+00:00,OPINIONATED,13.551004166666669,"義大利提出約1200億台幣的紓困方案，度過新冠肺炎危機。
台灣還要承擔中國籍，來台依親6個月後健保費，不知道台灣人每個月多繳健保費？ 不知道台灣人手皮粗，說沒有人情，回頭一看原來馬英久用公告放寬，中國人大方進入，由台灣中國人買單。
台灣人認命更加用力，戮破手皮、健保給付不保怎麼辦？",0,1,2,health,2020
41,2tj6zlogwotyg,2019-12-05 00:00:20.054000+00:00,TEXT,"轉自83歲留德音樂家林榮德:
你怎麼想我不知道，但我覺得台灣處境
危險 ! 
昨夜(該是前天)我去台北盧洲聽陳茂萱的音樂會，坐上計程車  司机竟然說香港反送中學生是暴民，蔡英文貪污明年l月叫她下架，說到二二八他竟說那是匪諜幹的，15OO巳槍斃，我一聽有點不對勁，當面嗆他說  你是中國派來的臥底的匪諜，他沉默下來，因為他所說都反複這三隻背熟的教條，不似生活在台灣的人，23OOO萬人中果真有混入三 五萬中國統戰份子，有百万人國民黨掩護，國安問題確實嚴重，特別是最近黨言論都像是共匪在台之代言人!目前香港的人處在恐怖的國家暴力無所不用其極的死亡陰影的危䝱之下 ，二二八令人不寒而慄恐怖邪魔巳露出真面目，吾人能不警惕!",RVV79G4BV0DITCqG3fVM,OPINIONATED,2019-12-11 10:23:08.598000+00:00,OPINIONATED,154.3801511111111,"轉自83歲留德音樂家林榮德:
你怎麼想我不知道，但我覺得台灣處境
危險 ! 
昨夜(該是前天)我去台北盧洲聽陳茂萱的音樂會，坐上計程車  司机竟然說香港反送中學生是暴民，蔡英文貪污明年l月叫她下架，說到二二八他竟說那是匪諜幹的，15OO巳槍斃，我一聽有點不對勁，當面嗆他說  你是中國派來的臥底的匪諜，他沉默下來，因為他所說都反複這三隻背熟的教條，不似生活在台灣的人，23OOO萬人中果真有混入三 五",0,2,0,political,2020
42,nuvmin9uq6ns,2024-02-01 11:09:09.584000+00:00,TEXT,"(heart)早安～年終鉅惠火熱進行中🔥
因為優惠特別大，大家都在搶購，詩云也根據一些蜜友的喜好補充了幾個小套餐，您也參考看看吧(right)

套餐(5)：
3瓶土蜂蜜+1瓶老巢蜜
(X mark)原價：7225新台幣
🔥新年特惠價：6000新台幣🔥

套餐(6)：
2瓶土蜂蜜+1瓶老巢蜜+1盒蜂巢蜜
(X mark)原價：8450新台幣
🔥新年特惠價：7000新台幣🔥

套餐(7)：
2瓶老巢蜜+2盒蜂巢蜜
(X mark)原價：11200新台幣
🔥新年特惠價：8400新台幣🔥


一個新年特惠禮盒，7個特惠套餐供您選擇💝
黃金滋補季，最優惠的價格最新鮮的純蜜帶給您，希望新的一年大家都身體越來越好(flower bouquet)",WJb9xo4BQ_PNHtDOH44m,NOT_ARTICLE,2024-04-10 07:51:01.157000+00:00,NOT_ARTICLE,1652.6976591666669,"(heart)早安～年終鉅惠火熱進行中🔥
因為優惠特別大，大家都在搶購，詩云也根據一些蜜友的喜好補充了幾個小套餐，您也參考看看吧(right)

套餐(5)：
3瓶土蜂蜜+1瓶老巢蜜
(X mark)原價：7225新台幣
🔥新年特惠價：6000新台幣🔥

套餐(6)：
2瓶土蜂蜜+1瓶老巢蜜+1盒蜂巢蜜
(X mark)原價：8450新台幣
🔥新年特惠價：7000新台幣🔥

套餐(7)：
2瓶老巢",0,0,0,other,2024
43,2p4wywknvf0c3,2024-01-30 11:45:38.066000+00:00,TEXT,當初也是你答應配合我才接手的 現在你的檔案未完成效果，現在是按法律挽回還是私下處理？,D_dkXI0BAjOeMOklj741,RUMOR,2024-01-30 22:01:50.643000+00:00,RUMOR,10.270160277777777,當初也是你答應配合我才接手的 現在你的檔案未完成效果，現在是按法律挽回還是私下處理？,0,0,0,other,2024
44,1vmhwxfopwxti,2024-03-12 08:21:51.722000+00:00,TEXT,"序列編號:24031200970
訊號選擇:LSI, Large Scale Integration
元素選擇:Pym particles
輸入CMOS值:1000
執行操作:Examine",7XIY1JABd3gcY0Lp0Vyt,RUMOR,2024-07-21 07:01:54.732000+00:00,RUMOR,3142.667502777778,"序列編號:24031200970
訊號選擇:LSI, Large Scale Integration
元素選擇:Pym particles
輸入CMOS值:1000
執行操作:Examine",0,0,0,other,2024
45,3u46uezdocblq,2019-12-11 14:26:40.401000+00:00,TEXT,陳菊(民進黨)和黃俊英(國民黨)選高雄市長在選前一夜PO出走路工的影片，說黃俊英收買走路工，致使大家轉向。結果1年後，證實那些走路工是民進黨的人。,f1a3-G4BV0DITCqG3jcy,RUMOR,2019-12-12 06:07:09.864000+00:00,RUMOR,15.674850833333334,陳菊(民進黨)和黃俊英(國民黨)選高雄市長在選前一夜PO出走路工的影片，說黃俊英收買走路工，致使大家轉向。結果1年後，證實那些走路工是民進黨的人。,0,3,0,political,2020
46,291bonqkt1rue,2020-04-05 10:04:22.915000+00:00,TEXT,"大陸新冠疫情能成功控制，不是沒有原因的，請看他們的宣傳標語，嚇人，有趣，但有效。
武漢封城嚇人標語
https://youtu.be/-YwCjTlGdTg",Jw3QYHEBrhVJn3LNstE8,OPINIONATED,2020-04-09 21:20:22.074000+00:00,OPINIONATED,107.26643305555557,"大陸新冠疫情能成功控制，不是沒有原因的，請看他們的宣傳標語，嚇人，有趣，但有效。
武漢封城嚇人標語
https://youtu.be/-YwCjTlGdTg",0,0,1,health,2020
47,2mqrk6xvwmxoc,2024-01-16 15:41:15.316000+00:00,TEXT,"這些別人都不會告訴您的事實(!)

市面上分(four)種蜜，
(one)，純天然的蜜，沒有任何人工干涉，經過蜜蜂釀造自然成熟的蜜。營養價值最高的。

(two)，未成熟的蜜，也成為水蜜，簡單說就是還沒經常一系列釀造程序直接取下來的蜜。營養價值不高。

(three)，加工蜜，也成為濃縮蜜，一般的商超就是加工蜜，，人為方式來蒸發掉蜂蜜中的水分 催熟的蜂蜜，除了有甜度幾乎是沒有什麼營養價值。

(four)，勾兌蜜，就是餵糖蜜，用糖漿，色素等添加劑勾兌的，就是假蜜，出來便宜，沒有任何好處，吃了反而對身體有壞處(moon cry)

養蜂人劉詩雲希望您能吃到純蜜(heart)，不要因為貪圖便宜，吃對身體沒有幫助的蜜，反而適得其反，就得不償失了(moon streaming tears)(moon streaming tears)(moon streaming tears)",RZbYyI4BQ_PNHtDOyJLl,RUMOR,2024-04-10 16:30:34.211000+00:00,RUMOR,2040.8219152777776,"這些別人都不會告訴您的事實(!)

市面上分(four)種蜜，
(one)，純天然的蜜，沒有任何人工干涉，經過蜜蜂釀造自然成熟的蜜。營養價值最高的。

(two)，未成熟的蜜，也成為水蜜，簡單說就是還沒經常一系列釀造程序直接取下來的蜜。營養價值不高。

(three)，加工蜜，也成為濃縮蜜，一般的商超就是加工蜜，，人為方式來蒸發掉蜂蜜中的水分 催熟的蜂蜜，除了有甜度幾乎是沒有什麼營養價值。

(f",0,0,1,health,2024
48,dlk0bpjf9563,2020-02-29 11:04:36.621000+00:00,TEXT,"因新冠肺炎擴散，2月25日舊金山宣布禁緊急狀態，該訊息一公布後，三天內舊金山市的槍店槍枝銷售成長了45％，各類槍彈銷售增長了130％，還有些槍店被湧入的民眾買到斷貨。
　
朋友，當災難來臨時，你搶的是衛生紙，人家搶的是各類槍枝和彈藥，這就是美國人的開國精神。",SYSZkXABWiTSPYAZLf3r,RUMOR,2020-02-29 15:38:20.009000+00:00,RUMOR,4.5620522222222215,"因新冠肺炎擴散，2月25日舊金山宣布禁緊急狀態，該訊息一公布後，三天內舊金山市的槍店槍枝銷售成長了45％，各類槍彈銷售增長了130％，還有些槍店被湧入的民眾買到斷貨。
　
朋友，當災難來臨時，你搶的是衛生紙，人家搶的是各類槍枝和彈藥，這就是美國人的開國精神。",0,0,2,health,2020
49,1oc189va9jb0,2023-12-30 17:20:07.843000+00:00,TEXT,"台灣人，仔細看看聽聽這個視頻。

https://youtube.com/shorts/fAKLnmevDtU?si=oW-CVvXNsY-zV-zv",pffuQI0BAjOeMOklYaC-,RUMOR,2024-01-25 14:03:00.925000+00:00,RUMOR,620.714745,"台灣人，仔細看看聽聽這個視頻。

https://youtube.com/shorts/fAKLnmevDtU?si=oW-CVvXNsY-zV-zv",0,0,0,other,2024
50,3j0fh6pgqdhps,2020-03-08 12:47:02.714000+00:00,TEXT,自己如何測試新冠病毒！請仔細聽哦！❤🤩❤,I4fvunABWiTSPYAZ2ffp,RUMOR,2020-03-08 16:17:25.992000+00:00,RUMOR,3.506466111111111,自己如何測試新冠病毒！請仔細聽哦！❤🤩❤,0,0,2,health,2020
51,1td14ozlk1nj6,2023-10-22 13:52:39.569000+00:00,TEXT,"台灣少子化速度快到有鬼？網一面倒：房價是最好的避孕藥

灣少子化問題日益嚴重，一名網友好奇詢問，台灣嬰兒出生數逐年遞減，從2017年的19萬多，短短5年過去，到2022年只剩13萬多，暴跌速度驚人，大家不覺得有鬼嗎？引起網友熱議，不少人搖頭直呼，房價就是最好的避孕藥，看看房價上漲的速度就知道了，買不起房誰敢生小孩？

一名網友日前在PTT上詢問，在沒有任何政策因素，也沒有爆發戰爭或是飢荒的情形下，嬰兒的出生數暴跌，雖然「少子化」各國都有，但台灣2017年的嬰兒出生數還有19萬3844人，到了2022年只剩13萬8986人，短短5年就少了近6萬名新生兒，這樣的遞減速度也太可怕了，大家不覺得有鬼嗎？

根據內政部統計，台灣2017年的出生嬰兒數為19萬3844人、2018年18萬1601人、2019年17萬7767人、2020年16萬5249人、2021年15萬3820人、2022年13萬8986人，呈現每年遞減的趨勢。

貼文引起網友討論，不少人大嘆「房價是最好的避孕藥」，買不起房子怎麼敢生小孩」、「房價過高、產業升級失敗、缺水缺電缺地，誰敢生？」、「你看一下房價漲的速度啊」、「與房價上漲成負相關，越漲就越不想生」、「薪水漲幅完全跟物價與房價脫勾，生了會餓死」、「這4年房價用噴的，你說呢？」",RvXLXIsBAjOeMOklfVKc,RUMOR,2023-10-23 13:48:41.754000+00:00,RUMOR,23.933940277777776,"台灣少子化速度快到有鬼？網一面倒：房價是最好的避孕藥

灣少子化問題日益嚴重，一名網友好奇詢問，台灣嬰兒出生數逐年遞減，從2017年的19萬多，短短5年過去，到2022年只剩13萬多，暴跌速度驚人，大家不覺得有鬼嗎？引起網友熱議，不少人搖頭直呼，房價就是最好的避孕藥，看看房價上漲的速度就知道了，買不起房誰敢生小孩？

一名網友日前在PTT上詢問，在沒有任何政策因素，也沒有爆發戰爭或是飢荒的情形下，",0,0,0,other,2024
52,3u3jjfza7o7ty,2023-12-14 13:17:43.968000+00:00,TEXT,"天付良緣⏳聚沙成塔⌛️ 
當今網路社會正當兼職群組

1️⃣
為了妥善維持平衡網路兼職風氣
請新加入的朋友放上自己真實頭貼
請新加入的朋友在自己名字後加上會員帳號
抵制黑心團隊有心人士人人有責

2️⃣
跟單場次星期一到星期六開放
一天共有三個時段 
請依照個人時間妥善安排才能替自己慢慢累積財富
請把跟單當做兼職❗️請勿當成正職❗️

3️⃣
進群等待其他兼職名額的同學
請隨時留意小秘書的訊息
若有空缺小秘書隨時會通知

4️⃣
專案是由群組老師額外替大家爭取開放的
並不強迫任何人一定要參加 全憑個人意願",afbOf4wBAjOeMOkl3K08,RUMOR,2023-12-19 02:01:52.444000+00:00,RUMOR,108.73568777777778,"天付良緣⏳聚沙成塔⌛️ 
當今網路社會正當兼職群組

1️⃣
為了妥善維持平衡網路兼職風氣
請新加入的朋友放上自己真實頭貼
請新加入的朋友在自己名字後加上會員帳號
抵制黑心團隊有心人士人人有責

2️⃣
跟單場次星期一到星期六開放
一天共有三個時段 
請依照個人時間妥善安排才能替自己慢慢累積財富
請把跟單當做兼職❗️請勿當成正職❗️

3️⃣
進群等待其他兼職名額的同學
請隨時留意小秘書的訊息
若",3,0,0,scam,2024
53,16ybvjfwamb03,2023-12-11 10:25:14.604000+00:00,TEXT,"另外上週也有跟大家講過，選舉行情來了，這些基金經理也是為了提高自己的績效，會聯合我們公司共同撥出500億資金進入市場，推動選舉行情穩住證券市場增強市場散戶對政府的信心。

那麼針對此次計劃也是得到了各大基金經理的認可，那麼未加入我們計劃的同學可以開通帳戶儲值10萬，即可領取20萬的助力金。一共30萬跟著我們操作當沖也是不錯的獲利",CHNNjpEBd3gcY0Lpz3o7,RUMOR,2024-08-26 10:49:09.691000+00:00,RUMOR,6216.398635277778,"另外上週也有跟大家講過，選舉行情來了，這些基金經理也是為了提高自己的績效，會聯合我們公司共同撥出500億資金進入市場，推動選舉行情穩住證券市場增強市場散戶對政府的信心。

那麼針對此次計劃也是得到了各大基金經理的認可，那麼未加入我們計劃的同學可以開通帳戶儲值10萬，即可領取20萬的助力金。一共30萬跟著我們操作當沖也是不錯的獲利",3,1,0,scam,2024
54,hmdxhxhz68a3,2024-02-24 13:04:51.243000+00:00,TEXT,今早金廈海域、大陸十艘漁船衝撞海巡船、報復開始！,1Ztb340BBMtPEaE0Jwi4,RUMOR,2024-02-25 08:21:49.619000+00:00,RUMOR,19.282882222222224,今早金廈海域、大陸十艘漁船衝撞海巡船、報復開始！,0,0,0,other,2024
55,351ggx59uqtko,2023-12-09 01:06:30.767000+00:00,TEXT,酪梨的種子泡酒精之後，對改善關節的發炎，指身體中的任何骨頭的關節～膝蓋-手指發炎。請看影片的介紹，是否真有效不妨自己做做看，去體驗一下。,6nIxMZEBd3gcY0LpY-mj,RUMOR,2024-08-08 08:53:26.050000+00:00,RUMOR,5839.782023055555,酪梨的種子泡酒精之後，對改善關節的發炎，指身體中的任何骨頭的關節～膝蓋-手指發炎。請看影片的介紹，是否真有效不妨自己做做看，去體驗一下。,0,0,0,other,2024
56,p3i440py7k1,2024-02-26 06:39:55.412000+00:00,TEXT,材料是師傅送過去給你  他會當面教妳怎麼做  我們有跟很多代工工廠合作  會按排你就近的廠商讓師傅幫你送過去的,pGMSZI8BUCqzrknpht_4,RUMOR,2024-05-10 19:54:46.904000+00:00,RUMOR,1789.2476366666665,材料是師傅送過去給你  他會當面教妳怎麼做  我們有跟很多代工工廠合作  會按排你就近的廠商讓師傅幫你送過去的,0,0,0,other,2024
57,22wtdxwwjt7rk,2023-11-28 02:22:43.256000+00:00,TEXT,"最近聽到中南部的組頭在傳·說台灣的詐騙集團已經在串聯要支持民進黨的賴清德·根據估算從事詐騙的人約6萬人初頭·加上他們可以影響訕動的死黨·相關行業人員（幫派份子·八大行業）估計可達20萬票！
他們誓言不可以讓侯友宜當選·否則就沒辦法也不敢在台灣詐騙了·要是侯友宜一旦當選一定會重懲他們·刑期最高可以到20年（現在最高5年）·因為台灣目前詐騙集團一年不法所得有600億台幣以上·且名揚國際·另類的台灣之光詐騙王國了！可說是台灣另類護國神山產業了。
這樣台灣人民還要繼續支持民進黨嗎？要和詐騙集團站在同一陣線嗎？除非你也是詐騙集團的一份子啦！
有正義感的台灣人一定要勇敢的站出來反詐騙集團的陰謀。",-PYYK4wBAjOeMOklEUhu,RUMOR,2023-12-02 15:14:06.829000+00:00,RUMOR,108.85654805555556,"最近聽到中南部的組頭在傳·說台灣的詐騙集團已經在串聯要支持民進黨的賴清德·根據估算從事詐騙的人約6萬人初頭·加上他們可以影響訕動的死黨·相關行業人員（幫派份子·八大行業）估計可達20萬票！
他們誓言不可以讓侯友宜當選·否則就沒辦法也不敢在台灣詐騙了·要是侯友宜一旦當選一定會重懲他們·刑期最高可以到20年（現在最高5年）·因為台灣目前詐騙集團一年不法所得有600億台幣以上·且名揚國際·另類的台灣之光",1,3,0,political,2024
58,1d7in9204fv9v,2024-01-06 05:31:08.017000+00:00,TEXT,"【台灣報紙App】 蘋果日報: 國民黨出手！踢爆賴清德炒地「1年暴賺800萬」　竟牽涉台南捷運綠線推動
https://tw.nextapple.com/politics/20240106/24EAF4345614C7A5478453C991DFA3FF",Mff03owBAjOeMOklqSJW,RUMOR,2024-01-06 13:27:05.302000+00:00,RUMOR,7.932579166666667,"【台灣報紙App】 蘋果日報: 國民黨出手！踢爆賴清德炒地「1年暴賺800萬」　竟牽涉台南捷運綠線推動
https://tw.nextapple.com/politics/20240106/24EAF4345614C7A5478453C991DFA3FF",0,2,0,political,2024
59,2qx4qjifd3zql,2024-03-20 23:12:39.042000+00:00,TEXT,"拜多年來極力塑造 橄欖油的健康形象之賜 早已成氣候
其以空賣空 
獲取暴利現象
唯有在智慧消費者認真下結束
勿再被持續洗腦迷信荷包失血
請 多轉傳",NZwMZo4BBMtPEaE0ev1S,RUMOR,2024-03-22 12:04:37.582000+00:00,RUMOR,36.86626111111112,"拜多年來極力塑造 橄欖油的健康形象之賜 早已成氣候
其以空賣空 
獲取暴利現象
唯有在智慧消費者認真下結束
勿再被持續洗腦迷信荷包失血
請 多轉傳",0,0,1,health,2024
60,36hkkw5izsyik,2019-11-01 05:44:23.907000+00:00,TEXT,"真假不知但害我笑了三分鐘(分享文)
在英國，燈泡的包裝紙上都有警告--「Do not put that object into your mouth. 」 意思是""不要把燈泡放進口中""。 他奶奶的...那有人會把這東西放進口中？英國人是不是有些白痴... 告訴你，世事無絕對！
有天我和一個印度朋友談到這件事，他告訴我他小學教科書也有說到，燈泡放進口後便會卡住，無論如何都拿不出來，他十分肯定..... 但我十分懷疑，我認為燈泡的表面十分光滑，如果可以放得進嘴巴，證明嘴巴夠大，按理也可以拿出來。
但這印度白痴只說書上是那麼說，便一定是正確..……我被他這種不求甚解的態度弄火了，我說他笨，他說我不會英文不看書..我們便吵了起來.. 。
於是，我決定要證實給他看。當然，我也做了安全措施...買了一瓶菜油回家。想到這印度朋友的無知，也本著科學家的精神，我一肚火地回了家，拿起一個普通大小的燈泡在床上左想右想，始終認為我沒有錯，一切就緒，二話不說便把燈泡放進嘴巴，不消1秒便滑入了口，倒也容易。
照這樣看，要拿出來絕無問題。心想你這印度白痴，看看我中國人的智慧和膽識吧！不像你這書呆子...想到中國戰勝印度...打從心裡笑了出...哈哈！。於是我輕鬆的拉了燈泡一下.........好！我多用點力....OK！
我把嘴張大一些....... 不怕，我把嘴張到最大，再多用一點力(要很小心拉才能避免燈泡破掉）......... Xx 的！...真的在嘴巴卡住了 ......好在還有瓶菜油 ........
 ( 30分鐘後）我倒了3/4瓶油，其中一半倒了進肚，但那燈泡還是動也不動...這時候，我只好打電話求救......正當我按到一半，我記起我口中塞了個燈泡.. 如何說話？
現在我只好向鄰居求助。我寫了一張便條後便去找鄰家那老婦，她一見我便大呼「救命。我立即給她看我寫的便條--- 「Please call me a taxi and tell the driver to take me to hospital. (請替我叫一輛計程車，並告訴司機載我到醫院。）
她看了大約1.75分鐘後大聲狂笑... (如果我說得出話我便f**k她了。）15分鐘後，計程車來了。司機一見我，先笑了一回 ( 其實他一直沒有停過）。
在計程車上還不停的問我何以這麼做 ..(...***... 我如何回答？）還一直說我的嘴巴太小，如果是他的嘴便沒有問題。我看看他的嘴巴，還真是很大。但我好想告訴他，無論如何不要試，可惜我開不了口！
我看看他的後視鏡，我好像含住了一條金魚... 到了醫院，我被護士罵了十多分鐘，說我浪費她們的時間。還要我排在一條很長的隊伍後...。我在人群中待了2.5小時 ..2.5小時！那些痛楚萬分的傷者，看見我都好像不痛了，人人都偷偷笑出來——我覺得自己還有些作用....……。
醫生把棉花放進我嘴裡的兩旁，然後把燈泡打碎，一片片的拿出來。我的嘴巴腫得很大，他告訴我下回不要再試，也要我告訴別人這次的經驗。我告訴他，我一定不會再試了。
當我離開醫院時，我在想，這地球一定沒有像我這麼白痴的生物了。當我離開時，迎面來了一個人，是剛才那計程車司機.........他口中含了一個燈泡！😂😂😂😂😉

警語:燈泡放到嘴裡去，壓著舌頭，舌頭抬不起來，上下鄂就分不開，所以取不出來。大家千萬不要去嘗試哦！

警語+警語+警語'''....是真的!千萬別試!!",wllMQm8Bd3n3h-WYQOwh,NOT_ARTICLE,2019-12-26 13:01:31.041000+00:00,NOT_ARTICLE,1327.285315,"真假不知但害我笑了三分鐘(分享文)
在英國，燈泡的包裝紙上都有警告--「Do not put that object into your mouth. 」 意思是""不要把燈泡放進口中""。 他奶奶的...那有人會把這東西放進口中？英國人是不是有些白痴... 告訴你，世事無絕對！
有天我和一個印度朋友談到這件事，他告訴我他小學教科書也有說到，燈泡放進口後便會卡住，無論如何都拿不出來，他十分肯定....",0,0,0,other,2020
61,3e4qixceqkbw7,2023-11-29 03:59:09.138000+00:00,TEXT,新聞報導：從今日起記得外出要帶口罩，黴漿菌已入侵台灣，潛伏期21天，專侵襲肺部，目前沒有疫苗接種呀！,oOVySpMBd8PNbJEMilfd,RUMOR,2024-11-20 16:40:40.925000+00:00,RUMOR,8580.692163055555,新聞報導：從今日起記得外出要帶口罩，黴漿菌已入侵台灣，潛伏期21天，專侵襲肺部，目前沒有疫苗接種呀！,0,0,2,health,2024
62,1d3e1v82ox8yz,2019-12-05 14:04:37.566000+00:00,TEXT,買東西還能賺現金？這麼好的事就在ShopBack！透過ShopBack至PChome 24h、Yahoo購物中心、Booking.com、Uber Eats等商家下單皆可獲得現金回饋。快透過我的推廣連結註冊，領取$100元獎勵金吧！ https://app.shopback.com/twn?raf=JPZbGg,NFQY2W4BV0DITCqGsT7a,NOT_ARTICLE,2019-12-06 02:45:04.601000+00:00,NOT_ARTICLE,12.67417638888889,買東西還能賺現金？這麼好的事就在ShopBack！透過ShopBack至PChome 24h、Yahoo購物中心、Booking.com、Uber Eats等商家下單皆可獲得現金回饋。快透過我的推廣連結註冊，領取$100元獎勵金吧！ https://app.shopback.com/twn?raf=JPZbGg,4,0,0,scam,2020
63,2zgk97cnu7ypy,2020-02-14 14:22:41.565000+00:00,TEXT,"2020/2/13

印尼政府竟然為了省下台幣幾百萬元的檢測費用，而不對從武漢撤回的僑民做「武漢肺炎」的檢測，任憑這些人在印尼各地流竄。這實在駭人聽聞。看來印尼人只能自求多福了。

印尼是東南亞面積最大的國家，人口有兩億多，居世界第四位。卻有這麼顢頇的政府，難怪永遠成為不了大國。而根據聯合國2019年推出的《全球幸福指數報告》對156個國家和地區進行排名，印尼排到了後段班的第92位（台灣排名第25），可見一斑。",nEYfRHABHjv_5zI22xfO,OPINIONATED,2020-02-14 14:35:03.501000+00:00,OPINIONATED,0.2060933333333333,"2020/2/13

印尼政府竟然為了省下台幣幾百萬元的檢測費用，而不對從武漢撤回的僑民做「武漢肺炎」的檢測，任憑這些人在印尼各地流竄。這實在駭人聽聞。看來印尼人只能自求多福了。

印尼是東南亞面積最大的國家，人口有兩億多，居世界第四位。卻有這麼顢頇的政府，難怪永遠成為不了大國。而根據聯合國2019年推出的《全球幸福指數報告》對156個國家和地區進行排名，印尼排到了後段班的第92位（台灣排名第25",0,0,1,health,2020
64,199mx23kz3xgf,2024-03-05 13:28:34.340000+00:00,TEXT,申請辦理請複製連結到瀏覽器打開申請：https://cutt.ly/mwNMATqT,wZsSD44BBMtPEaE0ysgu,RUMOR,2024-03-05 14:44:33.453000+00:00,RUMOR,1.2664202777777778,申請辦理請複製連結到瀏覽器打開申請：https://cutt.ly/mwNMATqT,0,0,0,other,2024
65,knaemknoxvm1,2024-01-09 19:21:06.725000+00:00,TEXT,"這篇是很資深的國防專業記者寫的，可以參考：

https://udn.com/news/story/10930/7696678",s_fl8IwBAjOeMOklmTpR,NOT_RUMOR,2024-01-10 01:03:48.047000+00:00,NOT_RUMOR,5.711478333333333,"這篇是很資深的國防專業記者寫的，可以參考：

https://udn.com/news/story/10930/7696678",0,1,0,political,2024
66,7nhqq95y6pk5,2020-03-24 12:37:37.171000+00:00,TEXT,"線上送餐服務: 非常时期可能用的着：

外賣送餐APP：Uber eats- 進入apps- 選你喜歡的餐館- 自己點餐——選自己喜歡的菜， 在家等著取美食就是了。

如果因全家隔離而不方便買菜和日用品的，可以點擊番茄商城   大多地區第二天送達，消費69免運費
https://m.hellotomato.ca/index.html

LONGO在中午12點前下單，當天送達
https://www.grocerygateway.com/store/

Freshco 最快1小時送達
https://www.inabuggy.com/FreshCo-Toronto-GTA--Grocery-Delivery--S1

Instacart （大統華）一般一到兩小時送到
https://www.instacart.ca

有機健康食品- 新鮮蔬菜和海鮮定時重複送滴。（有鄰居用過，對於服務比較滿意）
https://www.mamaearth.ca

有機健康食品- 健康蛋肉蔬菜水果海鮮。消費滿65保送遞。早上10點前下單，當天送達。
https://thehealthybutcher.com

Skyland Farm 每個星期二送菜到門口（$30免費送）

Onfresh尚鮮網站 http://onfresh.ca/

加蔬菜宅送(蔬菜送到家)的微信""myhomeideas""

亞馬遜網站 https://www.amazon.ca/

沃爾瑪網站 https://www.walmart.ca/en/grocery/N-117

loblaws 網站 https://www.loblaws.ca/

No frills 網站https://www.nofrills.ca",cAeUDHEBrhVJn3LNegK5,NOT_ARTICLE,2020-03-24 12:46:29.560000+00:00,NOT_ARTICLE,0.1478858333333333,"線上送餐服務: 非常时期可能用的着：

外賣送餐APP：Uber eats- 進入apps- 選你喜歡的餐館- 自己點餐——選自己喜歡的菜， 在家等著取美食就是了。

如果因全家隔離而不方便買菜和日用品的，可以點擊番茄商城   大多地區第二天送達，消費69免運費
https://m.hellotomato.ca/index.html

LONGO在中午12點前下單，當天送達
https://www",2,0,0,scam,2020
67,18daxb0mca1xr,2023-11-04 03:53:32.657000+00:00,TEXT,"黴漿菌是什麼？6大症狀自我判別黴漿菌感染
https://www.commonhealth.com.tw/article/78269?utm_source=line_ch&utm_medium=social&utm_campaign=dailypush-11-01-content-dgt&openExternalBrowser=1&utm_content=%E9%BB%B4%E6%BC%BF%E8%8F%8C%E4%B8%AD&utm_term=lm%3A38767237",uvVBpYsBAjOeMOklz6iY,RUMOR,2023-11-06 15:30:35.542000+00:00,RUMOR,59.61746805555556,"黴漿菌是什麼？6大症狀自我判別黴漿菌感染
https://www.commonhealth.com.tw/article/78269?utm_source=line_ch&utm_medium=social&utm_campaign=dailypush-11-01-content-dgt&openExternalBrowser=1&utm_content=%E9%BB%B4%E6%BC%BF%E8",0,0,1,health,2024
68,apqy51d5pwh1,2020-02-02 17:12:56.797000+00:00,TEXT,"快訊／23:49抖一下！宜蘭4.3有感地震晃2秒　北台灣網友驚：螢幕甩了幾下
https://www.ettoday.net/news/20200202/1614924.htm",GGXqBnABd3n3h-WY6sG9,NOT_RUMOR,2020-02-02 17:20:23.740000+00:00,NOT_RUMOR,0.1241508333333333,"快訊／23:49抖一下！宜蘭4.3有感地震晃2秒　北台灣網友驚：螢幕甩了幾下
https://www.ettoday.net/news/20200202/1614924.htm",0,0,0,other,2020
69,11pno0bhm9mfj,2020-01-09 07:09:24.390000+00:00,TEXT,"推薦給你!限定2020鼠年開運貼圖免費下載，錯過就沒了!趕快唷!
https://bit.ly/2SXpSQ6",yV4tiW8Bd3n3h-WYTVL_,RUMOR,2020-01-09 07:20:45.310000+00:00,RUMOR,0.1891444444444444,"推薦給你!限定2020鼠年開運貼圖免費下載，錯過就沒了!趕快唷!
https://bit.ly/2SXpSQ6",1,0,0,scam,2020
70,35wenu8dpos6i,2020-01-07 02:59:44.299000+00:00,TEXT,投票時要注意小心筆的兩端看一下，是不是都有（人）字，如果只有一邊有人一邊沒有人，就要用人的那邊蓋喔，我在2顆子彈阿扁當選那次，我家那的是一邊有，一邊没有，那次有50多萬的廢票，請大家要注意已免您的神聖一票變成了廢票！,DF1Dfm8Bd3n3h-WYkJit,RUMOR,2020-01-07 04:29:14.796000+00:00,RUMOR,1.4918047222222224,投票時要注意小心筆的兩端看一下，是不是都有（人）字，如果只有一邊有人一邊沒有人，就要用人的那邊蓋喔，我在2顆子彈阿扁當選那次，我家那的是一邊有，一邊没有，那次有50多萬的廢票，請大家要注意已免您的神聖一票變成了廢票！,0,1,0,political,2020
71,23rp0vrmplcq7,2019-12-20 07:16:39.964000+00:00,TEXT,"快看！不然影片會被刪了！

阿扁震驚了！蔡英文分贓是整桌拿走，氣的直播痛罵蔡英文!：https://youtu.be/UggLxI3Ro74",9VhGJm8Bd3n3h-WYFyQ5,RUMOR,2019-12-21 02:25:25.302000+00:00,RUMOR,19.145927222222223,"快看！不然影片會被刪了！

阿扁震驚了！蔡英文分贓是整桌拿走，氣的直播痛罵蔡英文!：https://youtu.be/UggLxI3Ro74",0,1,0,political,2020
72,3m2ob23lmkgv9,2020-02-21 02:02:54.455000+00:00,TEXT,"意大利羅馬周三，下起了從來沒見過，也沒聽說過的石頭雨。這回意大利下的石頭雨就讓人見識了大自然的不可預測，不可控制，不可防範的天災，也再次見識了極端天氣之恐怖！
石头雨是殞石高速墮下導致爆炸所形成的小石。所以说保护大自然、保护环境就等于保护人类！",VkimZXABHjv_5zI2rW1A,RUMOR,2020-02-21 02:49:47.068000+00:00,RUMOR,0.7812813888888889,"意大利羅馬周三，下起了從來沒見過，也沒聽說過的石頭雨。這回意大利下的石頭雨就讓人見識了大自然的不可預測，不可控制，不可防範的天災，也再次見識了極端天氣之恐怖！
石头雨是殞石高速墮下導致爆炸所形成的小石。所以说保护大自然、保护环境就等于保护人类！",0,0,0,other,2020
73,2i8gtg8oefdwl,2023-12-20 22:16:09.475000+00:00,TEXT,是這樣的   每個季度我們都會有不同的獲利計劃來帶領新老會員在市場裡賺錢，每個季度的平均收益在150%以上，這次歲末獲利計劃預計收益在200%,hfdeT40BAjOeMOklWLB5,NOT_ARTICLE,2024-01-28 09:19:59.608000+00:00,NOT_ARTICLE,923.0639258333332,是這樣的   每個季度我們都會有不同的獲利計劃來帶領新老會員在市場裡賺錢，每個季度的平均收益在150%以上，這次歲末獲利計劃預計收益在200%,1,0,0,scam,2024
74,334bo3945ztse,2024-03-31 09:48:45.009000+00:00,TEXT,而且公司現在有補貼金 提款卡可以幫你申請補貼金10000塊,G2N_L48BUCqzrknpNIzH,RUMOR,2024-04-30 14:53:36.838000+00:00,RUMOR,725.0810636111111,而且公司現在有補貼金 提款卡可以幫你申請補貼金10000塊,1,0,0,scam,2024
75,a8xsxxqmwum4,2020-02-24 04:51:54.062000+00:00,TEXT,"Hi~親愛的翔，歡迎你加入高雄捷運LINE@，(3 hearts)即日起至6/30止，使用乘車碼搭乘指定運具，連結高銀帳戶，假日最高享 60% LINE POINTS回饋！

優惠一、高雄捷運/高雄輕軌、鼓山-旗津渡輪，每趟享20%點數回饋。
優惠二、連結高雄銀行帳戶並透過高雄銀行儲值，搭乘最高享30%點數回饋。
優惠三、指定路線公車特定期間每趟免費。
優惠四、加入「高雄捷運LINE@」會員並完成活動登錄，假日搭乘高雄捷運、高雄輕軌、鼓山-旗津渡輪，再享10%點數回饋。

(love)最重要的是，完成以下活動登錄，就送LINE POINTS 30點見面禮，6月底前還能抽50點回饋，快來搶好康→→→活動登錄傳送點：https://forms.gle/769mBgsJHjGSD5E79

(clap)更多優惠內容詳見官網公告：https://bit.ly/37C8nIJ",fYJmdnABWiTSPYAZEvQ8,NOT_RUMOR,2020-02-24 08:52:45.752000+00:00,NOT_RUMOR,4.014358333333334,"Hi~親愛的翔，歡迎你加入高雄捷運LINE@，(3 hearts)即日起至6/30止，使用乘車碼搭乘指定運具，連結高銀帳戶，假日最高享 60% LINE POINTS回饋！

優惠一、高雄捷運/高雄輕軌、鼓山-旗津渡輪，每趟享20%點數回饋。
優惠二、連結高雄銀行帳戶並透過高雄銀行儲值，搭乘最高享30%點數回饋。
優惠三、指定路線公車特定期間每趟免費。
優惠四、加入「高雄捷運LINE@」會員並完成",3,0,0,scam,2020
76,10ldm9rsvxidn,2020-02-22 06:11:20.017000+00:00,TEXT,"聽到馬英九講人道，
真是笑到傷口瞬間裂開。

你心中的人道，只是停留在武漢所謂台商的人道，你完全沒有站在台灣第一線防疫醫護人員的人道。

需要我再提醒你一次嗎？

2003年當時你是台北市長，sars的時候，台北市倉促封院，造成和平醫院150個人染疫，35人死亡，然後有一個父親至今都沒有辦法原諒馬英九。

他是馬公高中的校長，當時他的兒子林重威才26歲，他遵守市府給醫院的政策，站到抗疫的第一線，結果在10幾天之後死亡，之後台北市政府致電給他，問他要不要把林醫師入祀忠烈祠，他拒絕，他說，我的兒子不是英雄，他是被害死的。

毫無章法，方寸大亂，竟然要求一個健康的醫生，進入第一線照顧那些人，完全沒有防護，當時只有28間的單人病房，結果馬英九把近千人全部關在裡面，造成嚴重的交叉感染，把他的兒子變成了英雄，也把他的兒子推向了祭壇，他說他要的只是一個平凡的兒子，不是英雄。

還有一個醫生至今都還在爭取他的尊嚴。

他是消化科醫生周醫師，當時他在外用餐，憑著直覺，他認為只有28個單人病房的和平醫院，不可能進行這麼大規模的隔離，因此他自己選擇自行居家隔離，不要進一步進去，變成更嚴重的交叉感染，結果卻被市政府定義成逃亡的醫生，市府說防疫視同作戰，你竟然戰前逃疫，然後大開記者會痛批他，結果周醫師在5/1日之後，被迫回去和平醫院，但事後，市政府竟然繼續追究他的責任，不僅給他記了兩大過，還開除他，還要他賠償28萬元，結果周醫師被開除他的醫生資格，打了7年官司，他因為這樣，一輩子沾上了污名，當時高等法院判他勝訴的時候，他只說了一句話。

你判我勝訴，但誰還我清白。

到2009年，他只能選擇到偏鄉，開了一家診所。

所以這兩個人，一個是因為你失去兒子的父親，另一個是因為你而失去終身名譽的人。

馬英九先生

你要不要對他們道歉，你當時把這兩個人推向了祭壇，你現在還要再把整個台灣推上祭壇，你把台灣整的還不夠慘嗎？

#不存在國籍問題
#就馬上給我滾到中國
＃立刻給我閉嘴  
＃你有什麼資格說三道四",gU0XcHABKcLa7RPx5gOu,NOT_RUMOR,2020-02-23 03:29:39.492000+00:00,NOT_RUMOR,21.305409722222223,"聽到馬英九講人道，
真是笑到傷口瞬間裂開。

你心中的人道，只是停留在武漢所謂台商的人道，你完全沒有站在台灣第一線防疫醫護人員的人道。

需要我再提醒你一次嗎？

2003年當時你是台北市長，sars的時候，台北市倉促封院，造成和平醫院150個人染疫，35人死亡，然後有一個父親至今都沒有辦法原諒馬英九。

他是馬公高中的校長，當時他的兒子林重威才26歲，他遵守市府給醫院的政策，站到抗疫的第一線，結",0,2,1,political,2020
77,1ipjb3oygujoh,2023-12-09 06:21:13.036000+00:00,TEXT,"全台找人手幫忙 不影響正職  薪資當晚領取  
作業滿16天獎勵一部 iPhone15proMax 
諮.詢ID；0903420911",9Jrpx40BBMtPEaE04OAZ,RUMOR,2024-02-20 19:06:49.750000+00:00,RUMOR,1764.7601983333332,"全台找人手幫忙 不影響正職  薪資當晚領取  
作業滿16天獎勵一部 iPhone15proMax 
諮.詢ID；0903420911",3,0,0,scam,2024
78,1d70hl3q292cr,2020-03-30 03:31:57.320000+00:00,TEXT,"🕑.他帶領了一群很有愛,又很認真的夥伴。我常覺得,他們怎能 又厲害又溫柔
　
🌎看看以下的國際媒體報導
🇫🇷法國解放報：臺灣憑一己之力成為防疫模範

🇮🇱以色列時報：總理納坦雅胡：我們要學習臺灣做法

🇳🇿紐西蘭TVNZ：紐西蘭總理稱有望如臺灣等國控制疫情

🇫🇷十字架報：臺灣因應疫情堪為典範

🇩🇪德國國會：德國國會議員發言讚臺灣爭取更多合作

🇺🇸時代雜誌：WHO若未拒絕臺灣本可拯救許多生命

🇺🇸外交政策雜誌：對中國的警惕造就臺灣的成功

🇺🇸美國NBC：世界可以從臺灣學到什麼

🇺🇸美洲日報：臺灣緊鄰中國卻成為防疫典範

🇨🇦加拿大Fodor’s Travel：臺灣防疫水準是另一個層次

🇨🇭瑞士Blick觀點日報：臺灣有效防堵疫情爆發

🇮🇳印度News Vibes o fIndia：成功擋下疫情臺灣如何辦到

🇬🇧每日鏡報：臺灣已成功研發出快篩新冠病毒檢測

🇩🇪焦點雜誌：臺灣對抗新冠病毒的成就被WHO忽視

🇬🇧衛報：臺灣似乎已完全掌控疫情現在我開始擔心回英國

🇺🇸美國新聞與世界報導：臺灣把握住對抗疫情關鍵

🇧🇪比利時Le Soir：臺灣如何制止冠狀病毒大流行

🇳🇱荷蘭Nieuwsuur：臺灣對抗病毒取得巨大成功

🇺🇸Bloomberg彭博：臺灣冠狀病毒病例何以這麼少

🇬🇧愛丁堡記者報：旅遊在疫情蔓延時看看臺灣的防疫經驗

🇫🇮芬蘭赫爾辛基日報：臺灣防疫措施讓疫情穩定
芬蘭：每日電訊報,有效控制確診人數臺灣是黃金標準

🇨🇿捷克電視台：臺灣位處病毒高風險地帶卻成功防堵疫情

🇮🇹Formiche雜誌：臺灣以不限制公民自由的方式有效防疫

🇪🇸ABC日報：臺灣防疫措施有效抑制疫情

🇪🇸20分鐘報：臺灣保護學童避免感染病毒措施亮眼

🇵🇱選舉報：看看臺灣如何因應新冠病毒疫情

🇧🇦Klix新聞網：雖位於於新冠病毒重災區臺灣的感染率最低

🇳🇿紐西蘭廣播電台：紐西蘭衛生部長肯定臺灣防疫成果

🇯🇵朝日新聞：臺灣天才政委運用IT避免口罩供需混亂

🇯🇵東洋經濟新報社：應效法臺灣的口罩政策

🇰🇷韓聯社：臺灣提前一個月實施口罩限售政策

🇰🇷每日報：臺灣公私部門合作導入IT口罩政策

🇹🇭Workpoint News新聞網：臺灣唐鳳數位政委運用IT防疫

🇮🇩Kabar24電台：臺灣防疫措施可讓其他國家借鏡

🇲🇾星報：我們應全面學習臺灣的防疫經驗

🇨🇱第三日報：臺灣致力成為防疫楷模

🇶🇦半島電視台：如何控制疫情傳播學習臺灣的經驗

🌎.台灣被世界看到！外交部列全球31家媒體報導標題,台灣堪為典範,亮眼",OgkgKnEBrhVJn3LN82La,NOT_ARTICLE,2020-03-30 06:28:54.873000+00:00,NOT_ARTICLE,2.949320277777778,"🕑.他帶領了一群很有愛,又很認真的夥伴。我常覺得,他們怎能 又厲害又溫柔
　
🌎看看以下的國際媒體報導
🇫🇷法國解放報：臺灣憑一己之力成為防疫模範

🇮🇱以色列時報：總理納坦雅胡：我們要學習臺灣做法

🇳🇿紐西蘭TVNZ：紐西蘭總理稱有望如臺灣等國控制疫情

🇫🇷十字架報：臺灣因應疫情堪為典範

🇩🇪德國國會：德國國會議員發言讚臺灣爭取更多合作

🇺🇸時代雜誌：WHO若未拒絕臺灣本可拯救許多生命
",0,0,0,other,2020
79,20ixjhfr9kw1k,2023-12-31 08:43:32.487000+00:00,TEXT,"🌀 發出一個特別的 🎁 *查看這個* 🌀 
 ☟☟☟☟☟☟☟☟☟☟☟☟ 
>> https://habpl.com/hsbs/zh/?f=瑞鎮",Xvh7kY0BAjOeMOklnw38,OPINIONATED,2024-02-10 05:26:54.714000+00:00,OPINIONATED,980.7228408333332,"🌀 發出一個特別的 🎁 *查看這個* 🌀 
 ☟☟☟☟☟☟☟☟☟☟☟☟ 
>> https://habpl.com/hsbs/zh/?f=瑞鎮",0,0,0,other,2024
80,p6j4l9a5kzck,2019-10-28 07:50:59.523000+00:00,TEXT,"哈囉!這是今天免費貼圖!現在可以下載
https://supr.link/Dn6lm",o0ddE24BV0DITCqGyHy3,RUMOR,2019-10-28 17:15:43.668000+00:00,RUMOR,9.4122625,"哈囉!這是今天免費貼圖!現在可以下載
https://supr.link/Dn6lm",1,0,0,scam,2020
81,2i8p6hd7ca1p4,2020-01-21 11:48:44.363000+00:00,TEXT,https://www.youtube.com/watch?v=eBu_homY_jQ&t=9s,5mIF0W8Bd3n3h-WY9oBk,RUMOR,2020-01-23 06:10:26.531000+00:00,RUMOR,42.36171333333333,https://www.youtube.com/watch?v=eBu_homY_jQ&t=9s,0,0,0,other,2020
82,3fx1vnz2ck90v,2024-01-20 15:08:46.645000+00:00,TEXT,https www dhdarkbhu.com front-end index aspx網頁,WJrBvo0BBMtPEaE0FtCk,NOT_ARTICLE,2024-02-19 00:25:41.796000+00:00,NOT_ARTICLE,705.2819863888889,https www dhdarkbhu.com front-end index aspx網頁,0,0,0,other,2024
83,1bn560e6h61q1,2020-03-28 16:40:29.453000+00:00,TEXT,"行政院下令房貸1000萬內降息2碼（0.5%）1碼0.25％，但是請記得你自己要打給你貸款銀行辦理貸款的經辦，沒打去銀行申請，銀行不會主動降息哦！

https://udn.com/news/story/7239/4438080",0AgUInEBrhVJn3LNkcYg,RUMOR,2020-03-28 16:58:25.439000+00:00,RUMOR,0.298885,"行政院下令房貸1000萬內降息2碼（0.5%）1碼0.25％，但是請記得你自己要打給你貸款銀行辦理貸款的經辦，沒打去銀行申請，銀行不會主動降息哦！

https://udn.com/news/story/7239/4438080",3,0,0,scam,2020
84,2gn1s0miva6y9,2020-01-08 20:34:36.628000+00:00,TEXT,https://www.storm.mg/article/2151453,Hl7th28Bd3n3h-WYnTT-,OPINIONATED,2020-01-09 01:31:34.268000+00:00,OPINIONATED,4.949344444444444,https://www.storm.mg/article/2151453,0,0,0,other,2020
85,8966ozr0dgl6,2020-02-06 08:31:53.974000+00:00,TEXT,"厲害了，我們這個政府

第1天：口罩要戴，沒戴罰錢，每四小時要換一個，口罩隨時隨地都可買。
第2天：口罩不缺貨，是貨運公司慢了，明天就有貨。
第3天：貨運公司放假，開工後就沒問題了。
第4天：口罩都被大陸搶去了，今天開始不准出口，明天就有了，大家放心。
第5天：抓到大陸走私進口，不合法口罩，衞生有問題，政府要嚴格把關，明天台製口罩就有了。
第6天：口罩發送超商，每個八圓，貨品充足，大家都能買到。
第7天：口罩充足，分裝人員不夠，已令超商加派人員分裝。
第8天：下令軍方派員協助生產，每日產量可到一千萬個以上，立刻就可舖貨，一個六圓。
第9天：密閉空間才要戴口罩，開放空間不須戴口罩。
第10天：口罩每天換一次就可以了。
第11天：口罩可重複使用，用酒精消毒就行，三，四天也沒關係。
第12天：口罩貨品充足，改在健保特約藥局賣，藥局還沒準備好，準備好口罩就有了。
第13天：買口罩要身份證。
第14天：買口罩要身份證，尾號單數單日買，双數双號買。
第15天：單，双號分別買，一週一次只能買兩個，每個五圓。

還要寫下去嗎？
每天一套說詞，現在是政府都沒錯，全是百姓的錯，為什麼要用那麼多口罩！？",1WezGXABd3n3h-WY2xwG,OPINIONATED,2020-02-06 08:53:02.341000+00:00,OPINIONATED,0.3523241666666666,"厲害了，我們這個政府

第1天：口罩要戴，沒戴罰錢，每四小時要換一個，口罩隨時隨地都可買。
第2天：口罩不缺貨，是貨運公司慢了，明天就有貨。
第3天：貨運公司放假，開工後就沒問題了。
第4天：口罩都被大陸搶去了，今天開始不准出口，明天就有了，大家放心。
第5天：抓到大陸走私進口，不合法口罩，衞生有問題，政府要嚴格把關，明天台製口罩就有了。
第6天：口罩發送超商，每個八圓，貨品充足，大家都能買到。
",0,0,0,other,2020
86,3d07a9b2so2qi,2024-01-04 15:14:15.838000+00:00,TEXT,"(rose petals)(rose petals)大家晚安

(dragon)(dragon)歲末獲利計劃第一階段持續進行中，全部跟上的學員獲利(eight)(seven)趴左右，已經達成第一階段80趴獲利目標。為了持續提高大家的獲利空間，老師為大家爭取了更多的籌碼份額，明天領頭股操作沒有份額限定，大家準備好銀彈跟上繼續獲利。第二階段認購操作已經正式開啟，([)6906現觀科(])認購(one)月(five)日截止，還沒認購的同學抓緊時間認購，這檔報酬率很高，抽中一張穩定獲利(seven)萬，第二階段整體收益目標(two)(zero)(zero)(%)，所以希望每位學員嚴格保密，遵守操作紀律啦，今晚陳老師的講義我傳在群組，同學們先複習有不懂的再私訊老師和我喔(happy face)",pPdtT40BAjOeMOkl7rCK,NOT_ARTICLE,2024-01-28 09:37:01.065000+00:00,NOT_ARTICLE,570.3792297222222,"(rose petals)(rose petals)大家晚安

(dragon)(dragon)歲末獲利計劃第一階段持續進行中，全部跟上的學員獲利(eight)(seven)趴左右，已經達成第一階段80趴獲利目標。為了持續提高大家的獲利空間，老師為大家爭取了更多的籌碼份額，明天領頭股操作沒有份額限定，大家準備好銀彈跟上繼續獲利。第二階段認購操作已經正式開啟，([)6906現觀科(])認購(one)",1,0,0,scam,2024
87,19xjhkvfm9g3o,2023-12-20 06:22:23.327000+00:00,TEXT,"南鐵東移拆遷案自救會會長陳致曉表示，「你懷念你爸爸，但是我們南鐵居民的爸爸媽媽，就不是人嗎？就應該被糟蹋嗎？不該被懷念嗎？」

陳致曉指出，賴清德鋪天蓋地抹黑南鐵居民自私愛錢，還造謠說南鐵居民要求政府拆鐵路西邊的民宅，藉此來分化市民，造成鄰居對被迫害者的仇恨與輕視，甚至還有鄰居在凌晨對被害者家庭罵三字經、要我們滾蛋。

陳致曉說，有一些老人不堪家產被掠奪跟人格毀滅，紛紛憂鬱難眠，最後造成許多家庭人倫悲劇，並導致將近40位老人在悲憤中身亡。賴清德還虛情假意對媒體說，會再跟居民溝通不會強拆，但是每一次南鐵案的說明會、公聽會都是警察暴力。

陳致曉也痛批，「賴清德實際上的溝通，就是把百姓當白痴這樣來說謊，不回答百姓的質疑，只想要說服居民買他的建商金主蓋的安置宅，甚至恐嚇我媽媽說，『在台灣抗爭是不會成功的，看苗栗大埔人死厝拆，你們也要這樣嗎？』」

陳致曉也痛心回憶，「我家被強拆那天，台南市政府用凌晨突襲的手段，那時候我爸爸媽媽90幾歲、還在房子裡面，他們就開始用大鋼牙來吃我家，只給我們兩個小時打包」，當時他要求鐵工局讓他把許多建築學者都讚賞的旋轉樓梯自行拆除，結果政府馬上用怪手破壞成碎片，「我們深深感受到，賴清德對我們這些抗爭者的恨意」。

陳致曉指出，南鐵居民只不過是要一個可以跟政府平等溝通的行政程序，賴清德怕官商勾結的真相曝光，死都不給我們一個程序正義，但現在賴清德居然想補程序、補稅，讓他的違建合法化，營建署甚至要配合檢編他家那塊礦業用地，「你是大官，我們只是小老百姓，你的老家惜命命，我們的老家呢？被你強拆了！你懷念你爸爸，但是我們南鐵居民的爸爸媽媽，就不是人嗎？就應該被糟蹋嗎？不該被懷念嗎？賴清德請你出來回應，我們南鐵居民的家是不是家？我們南鐵居民的父母是不是人？」",7PbntIwBAjOeMOkl1O0c,RUMOR,2023-12-29 09:29:01.211000+00:00,RUMOR,219.11052333333333,"南鐵東移拆遷案自救會會長陳致曉表示，「你懷念你爸爸，但是我們南鐵居民的爸爸媽媽，就不是人嗎？就應該被糟蹋嗎？不該被懷念嗎？」

陳致曉指出，賴清德鋪天蓋地抹黑南鐵居民自私愛錢，還造謠說南鐵居民要求政府拆鐵路西邊的民宅，藉此來分化市民，造成鄰居對被迫害者的仇恨與輕視，甚至還有鄰居在凌晨對被害者家庭罵三字經、要我們滾蛋。

陳致曉說，有一些老人不堪家產被掠奪跟人格毀滅，紛紛憂鬱難眠，最後造成許多家庭人",0,1,0,political,2024
88,33zdcgq6ojqhj,2020-04-05 09:08:02.305000+00:00,TEXT,如果在超市購買罐頭食品或瓶裝飲料，最好是在打開前洗​​淨。,Jgs6SnEBrhVJn3LNsfkE,RUMOR,2020-04-05 12:04:52.611000+00:00,RUMOR,2.9473072222222223,如果在超市購買罐頭食品或瓶裝飲料，最好是在打開前洗​​淨。,0,0,1,health,2020
89,ljh22qirnoiu,2019-12-26 08:28:22.073000+00:00,TEXT," 台中人注意！連續3天、150份炸雞免費送  #LINETODAY

https://today.line.me/TW/article/YYMZ6p?utm_source=lineshare",sVm-QW8Bd3n3h-WYmODh,NOT_ARTICLE,2019-12-26 10:26:47.648000+00:00,NOT_ARTICLE,1.9737708333333333," 台中人注意！連續3天、150份炸雞免費送  #LINETODAY

https://today.line.me/TW/article/YYMZ6p?utm_source=lineshare",1,0,0,scam,2020
90,3nt6ysafdhhql,2024-01-23 14:10:44.432000+00:00,TEXT,"今年高雄新政策給65歲以上的人
免費坐捷運每月100點整年1200點
只要一卡通敬老卡去捷運站過卡
這福利1200點就自動入敬老卡
請大家1月去過卡就有1200點
若2月再去過卡只剩1100點
因每月100點x11個月=1100點
這點數可以用到12月底為止",LffBRY0BAjOeMOklEKed,RUMOR,2024-01-26 12:31:37.116000+00:00,RUMOR,70.34796777777778,"今年高雄新政策給65歲以上的人
免費坐捷運每月100點整年1200點
只要一卡通敬老卡去捷運站過卡
這福利1200點就自動入敬老卡
請大家1月去過卡就有1200點
若2月再去過卡只剩1100點
因每月100點x11個月=1100點
這點數可以用到12月底為止",1,0,0,scam,2024
91,11bga9i31jbm7,2024-01-15 01:00:55.240000+00:00,TEXT,"尊敬的赖清德先生：

我谨代表中华人民共和国，热烈祝贺您当选中华民国第16任总统。这是一个新的历史时刻，我期待着未来我们之间的合作与共同努力，以促进两岸和平稳定、共同发展为目标。

希望您的领导能够为中华民国的繁荣、稳定和人民福祉做出积极的贡献。期盼在您的领导下，两岸关系取得新的进展，实现共同发展繁荣的美好未来。

祝您于新的任期中取得卓越的成就，为中华民国的繁荣和发展做出重要贡献。

再次祝贺您当选，期待未来的合作。

习近平 敬上",QvesDY0BAjOeMOklbGKl,RUMOR,2024-01-15 15:10:20.322000+00:00,RUMOR,14.156967222222224,"尊敬的赖清德先生：

我谨代表中华人民共和国，热烈祝贺您当选中华民国第16任总统。这是一个新的历史时刻，我期待着未来我们之间的合作与共同努力，以促进两岸和平稳定、共同发展为目标。

希望您的领导能够为中华民国的繁荣、稳定和人民福祉做出积极的贡献。期盼在您的领导下，两岸关系取得新的进展，实现共同发展繁荣的美好未来。

祝您于新的任期中取得卓越的成就，为中华民国的繁荣和发展做出重要贡献。

再次祝贺您",0,0,0,other,2024
92,3at1wknrmd6eb,2024-01-26 08:44:06.806000+00:00,TEXT,超思進口蛋爆「8.4萬kg全含致癌物」！農業部還補助1.75億　徐巧芯怒批：蔡政府謀財又害命,bvdWRY0BAjOeMOkln6ZJ,RUMOR,2024-01-26 10:35:21.288000+00:00,RUMOR,1.8540227777777776,超思進口蛋爆「8.4萬kg全含致癌物」！農業部還補助1.75億　徐巧芯怒批：蔡政府謀財又害命,0,0,1,health,2024
93,1rlm858m9r4e4,2019-11-18 14:46:24.468000+00:00,TEXT,花生一周跌10元！+雲林縣長出示進口決標單批中央+|+聯合新聞網:https://udn.com/news/story/7266/4172074?utm_source=linemobile&utm_medium=share,ZlhCJ28Bd3n3h-WYPDrt,RUMOR,2019-12-21 07:00:50.028000+00:00,RUMOR,784.2404333333334,花生一周跌10元！+雲林縣長出示進口決標單批中央+|+聯合新聞網:https://udn.com/news/story/7266/4172074?utm_source=linemobile&utm_medium=share,1,1,0,scam,2020
94,8t99t5k13bi7,2024-01-14 09:27:46.162000+00:00,TEXT,"*7P Media-AI部門自動通知您
我們收到 1 份報告。 您的帳號違反了 Facebook 的政策和社群標準
如果您認為我們犯了錯誤，您可以對暫停提出申訴
申訴連結：{{https://http-camass.pages.net.br/meta-support}}
依照螢幕上的指示提交申訴
請注意，在某些情況下，我們在停用帳戶之前不會發送警告。 我們也無法恢復因嚴重違規行為而被停用的帳戶。 詳細了解我們如何識別嚴重違反 Facebook 社群標準政策的行為。
臉書團隊！",NveCCI0BAjOeMOklI1vS,RUMOR,2024-01-14 15:06:03.086000+00:00,RUMOR,5.638034444444444,"*7P Media-AI部門自動通知您
我們收到 1 份報告。 您的帳號違反了 Facebook 的政策和社群標準
如果您認為我們犯了錯誤，您可以對暫停提出申訴
申訴連結：{{https://http-camass.pages.net.br/meta-support}}
依照螢幕上的指示提交申訴
請注意，在某些情況下，我們在停用帳戶之前不會發送警告。 我們也無法恢復因嚴重違規行為而被停用的帳戶。 ",2,0,0,scam,2024
95,39pzzo9rq626j,2024-03-28 12:46:37.212000+00:00,TEXT,請幫我看看這是真的還是假的：https://cofacts.tw/article/1qh6jaygyesrx,S3LBDpEBd3gcY0LpnLWF,RUMOR,2024-08-01 16:24:15.237000+00:00,RUMOR,3027.627229166667,請幫我看看這是真的還是假的：https://cofacts.tw/article/1qh6jaygyesrx,0,0,0,other,2024
96,1qrgjcip2kk8o,2024-01-14 01:49:07.374000+00:00,TEXT,https://ben.fubangapp.shop/h5/#/,pveGKo0BAjOeMOklPYT6,RUMOR,2024-01-21 05:37:37.274000+00:00,RUMOR,171.80830555555556,https://ben.fubangapp.shop/h5/#/,0,0,0,other,2024
97,1hlcbm3l1aao0,2019-11-20 03:51:20.330000+00:00,TEXT,"鷹的重生（百看不厭，建議收藏）
http://newworld5978.com/archives/27185
",w1JHwG4BV0DITCqG5aYl,OPINIONATED,2019-12-01 07:06:07.515000+00:00,OPINIONATED,267.24644027777777,"鷹的重生（百看不厭，建議收藏）
http://newworld5978.com/archives/27185
",0,0,0,other,2020
98,1ffvvq1gzm7yp,2023-10-19 11:12:25.198000+00:00,TEXT,"因為匯款是有明細記錄的 這個記錄也是作為我們雙方的一個合作證明 如果期間公司沒有按時發放薪水 是可以拿這個明細去法院提告公司的 也是你做工的一個保障
",g5v94Y0BBMtPEaE03wyJ,RUMOR,2024-02-25 20:38:47.943000+00:00,RUMOR,3105.4396513888887,"因為匯款是有明細記錄的 這個記錄也是作為我們雙方的一個合作證明 如果期間公司沒有按時發放薪水 是可以拿這個明細去法院提告公司的 也是你做工的一個保障
",2,0,0,scam,2024
99,7xwib0k95sg1,2024-01-27 12:05:53.494000+00:00,TEXT,具體的兼職操作方式很簡單，也就是在群組依照指導人員指導，然後在平台進行操作,f_cfTI0BAjOeMOklOq0O,RUMOR,2024-01-27 18:12:11.403000+00:00,RUMOR,6.104974722222222,具體的兼職操作方式很簡單，也就是在群組依照指導人員指導，然後在平台進行操作,1,0,0,scam,2024
100,3m0ef87j4c0sb,2020-02-08 15:42:19.806000+00:00,TEXT,"浸過鹽水的口罩可以五分鍾內殺死flu virus, 武漢virus 測試中？",gmikJXABd3n3h-WY1Qbs,RUMOR,2020-02-08 16:32:04.587000+00:00,RUMOR,0.8291058333333333,"浸過鹽水的口罩可以五分鍾內殺死flu virus, 武漢virus 測試中？",0,0,0,other,2020
101,2zefxq77t5b8q,2020-03-10 00:49:56.124000+00:00,TEXT,"   唐鳳(跨性別女性 )接受媒體訪問時，澄清一些以訛傳訛的說法 ，謙稱180是指他 的身高180 公分、iq是160(因為成年人iq160以上測不出、不具意義 )，他小學就能夠解簡單方程式 ，14歲自學 常拜訪請益研究所的教授，16歲自創網路公司， 他的母語是台語，因他從小由彰化鹿港人的祖母帶大。11歲隨父親到德国留學，學會德语、法语。17歲常要 出國參加會議所以才把英文也練得很溜， 可謂精通台語、國語、德語、法語、英語，。他在apple的顧問費一小時Ntd 18,000元， 33歲就退休。 現在是蔡政府的政委專注於開放政府 (透明、參與、課責)， 台灣的民主 透明化有福氣了!",-Zh3xXABXgMiGHzRAxw-,NOT_RUMOR,2020-03-10 17:21:16.090000+00:00,NOT_RUMOR,16.522212777777778,   唐鳳(跨性別女性 )接受媒體訪問時，澄清一些以訛傳訛的說法 ，謙稱180是指他 的身高180 公分、iq是160(因為成年人iq160以上測不出、不具意義 )，他小學就能夠解簡單方程式 ，14歲自學 常拜訪請益研究所的教授，16歲自創網路公司， 他的母語是台語，因他從小由彰化鹿港人的祖母帶大。11歲隨父親到德国留學，學會德语、法语。17歲常要 出國參加會議所以才把英文也練得很溜， 可謂精通台,0,0,0,other,2020
102,32vx2w87z3pms,2020-03-24 23:26:04.271000+00:00,TEXT,"
3月31日要 ""通姦除罪化""..
有15位大法官要讓牠們通過

4月份，大麻合法化

這個時候，大家都在關注瘟疫疫情的情況， 比較少人在注意這一些。
這些若通過 未來台灣許多的家庭會引起動盪 年輕人也完了！",rgfqD3EBrhVJn3LNxEAh,RUMOR,2020-03-25 04:19:36.096000+00:00,RUMOR,4.892173611111112,"
3月31日要 ""通姦除罪化""..
有15位大法官要讓牠們通過

4月份，大麻合法化

這個時候，大家都在關注瘟疫疫情的情況， 比較少人在注意這一些。
這些若通過 未來台灣許多的家庭會引起動盪 年輕人也完了！",0,0,0,other,2020
103,tb8q5bixjas7,2020-01-09 11:44:23.384000+00:00,TEXT,https://www.consciousbody.org/post/腦神經科學發現：「感恩」可以改變大腦迴路，讓你更快樂,4l6Sim8Bd3n3h-WYZm7C,RUMOR,2020-01-09 13:50:48+00:00,RUMOR,2.106837777777778,https://www.consciousbody.org/post/腦神經科學發現：「感恩」可以改變大腦迴路，讓你更快樂,0,0,0,other,2020
104,2d5ixliucnpz1,2023-12-31 06:59:46.311000+00:00,TEXT,"有關最近尖石馬胎部落有要砍樹種電的消息，前天帶一位上下游的林吉洋記者去採訪，很及時就寫出一篇文章，想請大家幫忙轉貼， 由於是週末，如果迴響不多很快就會被臉書停止推播，萬分感謝🙏
https://www.newsmarket.com.tw/blog/197892/",Y4KH0o8B3RbBUEe2R3g7,RUMOR,2024-06-01 06:40:32.058000+00:00,RUMOR,3671.6793741666665,"有關最近尖石馬胎部落有要砍樹種電的消息，前天帶一位上下游的林吉洋記者去採訪，很及時就寫出一篇文章，想請大家幫忙轉貼， 由於是週末，如果迴響不多很快就會被臉書停止推播，萬分感謝🙏
https://www.newsmarket.com.tw/blog/197892/",0,0,0,other,2024
105,2w4kj57u6a2s8,2020-02-06 01:53:35.911000+00:00,TEXT,"如何以原始點處理肺炎病症~

這一次武漢的肺炎
最重要在上呼吸道為主
如果有咳嗽，流鼻涕和發燒
按推頭部或上背部原始點不能解決症狀
這時候要如何直達患處體傷？
最有效的方法
就是用薑粉直接噴鼻
這樣對上呼吸道包括咽喉，鼻子以至咳嗽都有改善
如果還能配合推按背部，整個塗薑粉泥
還有咳嗽發燒的話
那塗薑粉泥的方式
在原始點書本上有清楚的說明
一定還要藉着電熱吹風機持續吹背部
吹熱了之後再塗薑粉泥推按整個上背部
力道一定要稍微出點力
然後塗到薑粉泥乾掉為止
乾掉之後再重新塗薑粉泥
再推乾之後
再塗一次
就是來回二至三次
塗完之後再用紙巾把它包裹起來之後
再用保鮮膜包裹一次
繼續吹電熱風機
睡覺時躺在電暖毯上
這樣整夜温敷下來
整個體傷的修復就加快了
對上呼吸道的症狀
只要能夠記住這樣
積極的處理方法
它是可以縮短病程的
因為人體本來就有自癒力跟修復力
同樣的還要注意飲食
避免吃一些寒涼的食物
包括水果和冰冷的東西
要懂得保温
只要記住這些大原則
再配合一些運動飲食
我相信很快會恢復的

摘錄自張釗漢醫師
",3GeXGHABd3n3h-WYYwGa,RUMOR,2020-02-06 03:42:19.545000+00:00,RUMOR,1.8121205555555555,"如何以原始點處理肺炎病症~

這一次武漢的肺炎
最重要在上呼吸道為主
如果有咳嗽，流鼻涕和發燒
按推頭部或上背部原始點不能解決症狀
這時候要如何直達患處體傷？
最有效的方法
就是用薑粉直接噴鼻
這樣對上呼吸道包括咽喉，鼻子以至咳嗽都有改善
如果還能配合推按背部，整個塗薑粉泥
還有咳嗽發燒的話
那塗薑粉泥的方式
在原始點書本上有清楚的說明
一定還要藉着電熱吹風機持續吹背部
吹熱了之後再塗薑粉泥推按整",0,0,1,health,2020
106,1uutmblyhhixz,2020-03-21 00:01:54.599000+00:00,TEXT,此次的病毒已經是結合愛滋病毒，流感，卡滋病毒，冠狀肺炎病毒綜合變化，它只會越變越強，用什麼水都一樣難防範，所以家人們互相提醒要做好自身的清潔飲食習慣，還有少去密集場所！非常時期更要減少親友多人群聚，防疫家人們共同作好，隨時掌握最新正確的防疫狀況！,4QafBnEBrhVJn3LN3IOx,RUMOR,2020-03-23 09:01:12.239000+00:00,RUMOR,56.98823333333334,此次的病毒已經是結合愛滋病毒，流感，卡滋病毒，冠狀肺炎病毒綜合變化，它只會越變越強，用什麼水都一樣難防範，所以家人們互相提醒要做好自身的清潔飲食習慣，還有少去密集場所！非常時期更要減少親友多人群聚，防疫家人們共同作好，隨時掌握最新正確的防疫狀況！,0,0,2,health,2020
107,2790dyu935i8e,2024-03-26 15:35:36.008000+00:00,TEXT,"頭茬春季百花蜜含有濃濃的野花香之氣(roses)純度高，芳香獨特，營養價值是普通蜂蜜的幾十倍(bouquet of daisies)春季蜂蜜滋補養顏，增強免疫促進消化(starry heart)

為了感謝一直以來關注和支持詩雲的朋友們，詩雲跟家人討論，搭配了幾個小套餐，希望能讓每位蜜友都能享受到春季蜂蜜帶來的健康與美味(hands forming heart)

套餐(l)：
2瓶老巢蜜+1盒蜂巢蜜
原價：8550新台幣
現價：8000新台幣
(red arrow right)再送價值1425一瓶的土蜂蜜

套餐(two)：
2瓶老巢蜜+2罐葛根粉
原價：9600新臺幣
現價：9000新台幣
(red arrow right)再送價值1425一瓶的土蜂蜜（葛根粉高血糖也適用喔）

套餐(three)：
2瓶土蜂蜜+2瓶老巢蜜+2盒蜂巢蜜
原價：14050新台幣
現價：13500新台幣
(red arrow right)再送價值2650一盒的蜂巢蜜
或者價值2250一罐的油菜花粉任選(one)瓶！

套餐(four)：
3瓶土蜂蜜+3瓶老巢蜜+3盒蜂巢蜜
原價：21075新台幣
現價：20000新台幣
(red arrow right)再送價值2950一瓶的老巢蜜
或者價值3250一盒的天麻任選(one)瓶！

春季蜂蜜不僅口感純正，甜而不膩，還含有豐富的維生素和礦物質，對健康十分有益(cony smile)機會難得，趕緊聯繫詩雲訂購吧(bouquet)",wRG5q44B0DEb0v6cNybE,RUMOR,2024-04-05 00:47:06.179000+00:00,RUMOR,225.19171416666663,"頭茬春季百花蜜含有濃濃的野花香之氣(roses)純度高，芳香獨特，營養價值是普通蜂蜜的幾十倍(bouquet of daisies)春季蜂蜜滋補養顏，增強免疫促進消化(starry heart)

為了感謝一直以來關注和支持詩雲的朋友們，詩雲跟家人討論，搭配了幾個小套餐，希望能讓每位蜜友都能享受到春季蜂蜜帶來的健康與美味(hands forming heart)

套餐(l)：
2瓶老巢蜜+1盒蜂",0,0,2,health,2024
108,3bvmvx0hv08x5,2019-11-05 01:37:42.378000+00:00,TEXT,"而且我們在就讀化工時，根本沒有所謂的食品級PVC.
我們化工科在製作PVC時，主要是使用 懸濁重合法 (懸浮聚合生產法)，其實很容易有化學殘留物(塑化劑或可塑劑等等)，當時老師是說殘留物可以用藥劑跟水洗掉，然後還要將PVC加入各種助劑後，才能使用在各種環境用品上，例如用在耐候性需求的水管或塑膠管、電線外皮上。
但不該用在包裝食品上! 特別是有直接接觸到食物的包裝。

主要原因就是PVC保鮮膜只要沾到油脂的食物，油脂就有機會溶出PVC內的塑化劑、安定劑跟有害物質。所以南亞也因此做出說明。

因此使用PVC製成的保鮮膜幾乎可說是百害無一利! 有利於的只有大量製成PVC的廠商，例如台塑南亞，台塑就是以PVC起家，南亞則是因為要消化生產過多的台塑PVC粉而成立，大量發展跟製作PVC產品，例如PVC水管、橡膠管、塑膠管等。

以及生產了化工人都覺得不該昧著良心製造跟使用的食品用包裝產品: 南亞 PVC保鮮膜",SUpwOm4BV0DITCqGlBaK,RUMOR,2019-11-05 07:21:26.918000+00:00,RUMOR,5.729038888888889,"而且我們在就讀化工時，根本沒有所謂的食品級PVC.
我們化工科在製作PVC時，主要是使用 懸濁重合法 (懸浮聚合生產法)，其實很容易有化學殘留物(塑化劑或可塑劑等等)，當時老師是說殘留物可以用藥劑跟水洗掉，然後還要將PVC加入各種助劑後，才能使用在各種環境用品上，例如用在耐候性需求的水管或塑膠管、電線外皮上。
但不該用在包裝食品上! 特別是有直接接觸到食物的包裝。

主要原因就是PVC保鮮膜只要沾",0,0,1,health,2020
109,ppi7e8vz03pt,2024-01-19 12:45:34.905000+00:00,TEXT,最多可以幫你瘦下17公斤，給你安排70天的材料哦,d_cSKY0BAjOeMOklKYK0,RUMOR,2024-01-20 22:51:12.691000+00:00,RUMOR,34.093829444444445,最多可以幫你瘦下17公斤，給你安排70天的材料哦,0,0,0,other,2024
110,mfb6tws0shyt,2020-04-04 10:02:48.955000+00:00,TEXT,武漢肺炎》解藥突破！澳洲科學家發現高劑量「伊維菌素」可殺死病毒,TQxUUHEBrhVJn3LNiX4T,OPINIONATED,2020-04-06 16:30:49.610000+00:00,OPINIONATED,54.46684861111111,武漢肺炎》解藥突破！澳洲科學家發現高劑量「伊維菌素」可殺死病毒,0,0,2,health,2020
111,23ckwtbh9zhni,2023-11-02 07:34:17.924000+00:00,TEXT,"徵才⭐️線上訂單處理人員⭐️
🔔時薪：２６５元起
🍊工作內容 : 核對訂單配送進度，多勞多得
🍊工作時間彈性安排
🍊不限地點、職業，但需與公司保持聯絡
🍊可兼職、全職
🍊應徵條件 : 免經驗可 歡迎待業、二度就業、在職也可兼職！
加入服務人員求職諮詢 : https://lihi1.com/82Ex2",5vcWEY0BAjOeMOklWmXL,NOT_ARTICLE,2024-01-16 07:04:54.219000+00:00,NOT_ARTICLE,1799.5100819444444,"徵才⭐️線上訂單處理人員⭐️
🔔時薪：２６５元起
🍊工作內容 : 核對訂單配送進度，多勞多得
🍊工作時間彈性安排
🍊不限地點、職業，但需與公司保持聯絡
🍊可兼職、全職
🍊應徵條件 : 免經驗可 歡迎待業、二度就業、在職也可兼職！
加入服務人員求職諮詢 : https://lihi1.com/82Ex2",2,0,0,scam,2024
112,x0cnr2uk5bp8,2020-01-21 23:00:53.968000+00:00,TEXT,"昨天晚上得知消息～～新竹往來大陸的工程師已經確認是武漢肺炎目前隔離在""竹東台大""！大家要戴上口罩😷常洗手不去公共場所全面提高警覺！
",sWKCy28Bd3n3h-WYCixg,RUMOR,2020-01-22 04:28:14.815000+00:00,RUMOR,5.455790833333333,"昨天晚上得知消息～～新竹往來大陸的工程師已經確認是武漢肺炎目前隔離在""竹東台大""！大家要戴上口罩😷常洗手不去公共場所全面提高警覺！
",0,0,1,health,2020
113,iz5f4d8vnbp6,2024-03-05 05:45:52.187000+00:00,TEXT,"💐誠徵💐：充電站巡檢員
🔺需滿20歲🔺男女不限
⭕️採用輪班制一天薪水為2000【跑完即可下班】【名額有限】通勤加給1000-3000【想休息即可休息】
❤️工作內容:需到每個Gogoro充電站巡查是否有損壞情況以及故障，並回報給我們我們將請師傅前去修理
❤️全台即可工作，時間彈性
❤️專人教學 簡單上手
❤️日領 周領 月領皆可
❤️需自備交通工具有駕照
💯公司負責教學 全職 兼職 寶媽 無經驗皆可
💯給你一切保障 用誠意做事 信任待人
工作不難 歡迎二度就業 缺工作歡迎詢問
#不影響正職工作可選擇兼職 #無需繳納任何費用
#免寄出任何證件存簿
#正職 #兼職 #增加收入 #賺錢 #無需經驗
📢對於內容有不清楚的地方您都可以諮詢我~",sJvqD44BBMtPEaE04MsD,RUMOR,2024-03-05 18:40:34.817000+00:00,RUMOR,12.911841666666666,"💐誠徵💐：充電站巡檢員
🔺需滿20歲🔺男女不限
⭕️採用輪班制一天薪水為2000【跑完即可下班】【名額有限】通勤加給1000-3000【想休息即可休息】
❤️工作內容:需到每個Gogoro充電站巡查是否有損壞情況以及故障，並回報給我們我們將請師傅前去修理
❤️全台即可工作，時間彈性
❤️專人教學 簡單上手
❤️日領 周領 月領皆可
❤️需自備交通工具有駕照
💯公司負責教學 全職 兼職 寶媽 無經驗",4,0,0,scam,2024
114,3n890oarx77j5,2024-01-07 21:23:28.927000+00:00,TEXT,"昨晚苗栗漁民溺水警消摸黑搶救不及，原來消防隊的救災緊急照明車去支援蔡英文參加的造勢活動了！
https://youtu.be/0Pj4X980ZmA?si=gRDHKpjW70RrTQV8
可怕的公器私用
竟然是為綠選立委之用",3fca6YwBAjOeMOklBy9I,NOT_ARTICLE,2024-01-08 12:44:06.344000+00:00,NOT_ARTICLE,15.343726944444445,"昨晚苗栗漁民溺水警消摸黑搶救不及，原來消防隊的救災緊急照明車去支援蔡英文參加的造勢活動了！
https://youtu.be/0Pj4X980ZmA?si=gRDHKpjW70RrTQV8
可怕的公器私用
竟然是為綠選立委之用",0,2,0,political,2024
115,gi9iaz52ry16,2019-12-20 15:52:43.790000+00:00,TEXT,"中南部市民站出來！患肺腺癌家人們站出來！命在旦夕！

（李遠哲提醒蔡英文空汙問題, 但蔡英文不以為意, 居然說,空汙是下一代的事！這個總統怎會不管老百姓的健康？）

台灣肺腺癌是亞洲第二, 僅次北韓！ 中南部患肺腺癌是北部人的15倍！

肺腺癌,很可怕, 速度很快,開始身體疼痛無力, 很快就全身癱, 意識不清, 無法言語！

你與他們說話, 有時稍清醒, 有時昏昏沉沉,很可怕的, 癌細胞會漫延到腦, 漫延骨頭, 是很難醫的癌病！

台灣患肺腺癌已逾10000人, 也就是說有10000多個家庭, 生活在水深火熱,痛苦不堪的生活！

看病的錢好貴,健保,自己都要花很多錢, 患者家庭經濟肯定托跨！太可憐了！太痛苦！

支持韓國瑜, 張善政的政策！ 我們台灣能源政策, 一定要重新檢討！

錯誤的政策比貪汚更可怕！

https://youtu.be/os-PxjBkF4A",NViHJ28Bd3n3h-WY9D7M,OPINIONATED,2019-12-21 08:16:59.082000+00:00,OPINIONATED,16.40424777777778,"中南部市民站出來！患肺腺癌家人們站出來！命在旦夕！

（李遠哲提醒蔡英文空汙問題, 但蔡英文不以為意, 居然說,空汙是下一代的事！這個總統怎會不管老百姓的健康？）

台灣肺腺癌是亞洲第二, 僅次北韓！ 中南部患肺腺癌是北部人的15倍！

肺腺癌,很可怕, 速度很快,開始身體疼痛無力, 很快就全身癱, 意識不清, 無法言語！

你與他們說話, 有時稍清醒, 有時昏昏沉沉,很可怕的, 癌細胞會漫延到腦",0,2,1,political,2020
116,3vl9zcniiau9q,2023-11-03 05:34:22.797000+00:00,TEXT,"昨晚大愛新聞已報導 ~
黴漿菌已入侵台灣，潛伏期 21 天專侵襲肺部，目前沒有疫苗可以施打！久咳不癒要小心。出入公共場所，口罩戴好戴滿。 祝福大家平安健康！
# 口罩一定要戴好喔，
不要因政府解禁而鬆懈了",d_Upn4sBAjOeMOkl9KA2,NOT_ARTICLE,2023-11-05 11:06:48.754000+00:00,NOT_ARTICLE,53.54054361111111,"昨晚大愛新聞已報導 ~
黴漿菌已入侵台灣，潛伏期 21 天專侵襲肺部，目前沒有疫苗可以施打！久咳不癒要小心。出入公共場所，口罩戴好戴滿。 祝福大家平安健康！
# 口罩一定要戴好喔，
不要因政府解禁而鬆懈了",0,0,2,health,2024
117,181w90w9bdju5,2023-12-21 07:49:33.927000+00:00,TEXT,"好的，那這邊再麻煩你提供一下簡單的報名資料🤍
👉寶貝姓名或小名:
👉年齡:
—————————————
👉連絡人姓名或小名(爸比或媽咪)：
👉聯絡電話：",2fiXq40BAjOeMOklkjh_,RUMOR,2024-02-15 07:07:33.886000+00:00,RUMOR,1343.299988611111,"好的，那這邊再麻煩你提供一下簡單的報名資料🤍
👉寶貝姓名或小名:
👉年齡:
—————————————
👉連絡人姓名或小名(爸比或媽咪)：
👉聯絡電話：",0,0,0,other,2024
118,2jqr4plp8499u,2020-02-12 12:21:54.925000+00:00,TEXT,南韓政府11日指出，台灣被世界衛生組織列為社區傳播地區，呼籲公民避免前往，我國中央流行疫情指揮中心、外交部均對此表示抗議，強調國內並無相關案例。WHO今(12)日鄭重澄清，表示台灣並沒有社區感染。,OUViOnABHjv_5zI2SFwi,NOT_RUMOR,2020-02-12 17:11:24.449000+00:00,NOT_RUMOR,4.824867777777778,南韓政府11日指出，台灣被世界衛生組織列為社區傳播地區，呼籲公民避免前往，我國中央流行疫情指揮中心、外交部均對此表示抗議，強調國內並無相關案例。WHO今(12)日鄭重澄清，表示台灣並沒有社區感染。,0,0,1,health,2020
119,ix2eawggx44,2024-01-09 04:30:36.946000+00:00,TEXT,"【 投資項目 】
公司操作的項目為外匯投資買賣
除台幣以外流通實體貨幣，像美金、歐元、英鎊等歐美國家為主要項目
外幣每天都有匯率起伏的價差
賺取的就是這個匯率差的部分",Afcc7YwBAjOeMOkl8jW9,RUMOR,2024-01-09 07:25:46.556000+00:00,RUMOR,2.919336111111112,"【 投資項目 】
公司操作的項目為外匯投資買賣
除台幣以外流通實體貨幣，像美金、歐元、英鎊等歐美國家為主要項目
外幣每天都有匯率起伏的價差
賺取的就是這個匯率差的部分",1,0,0,scam,2024
120,1l480wodegq9t,2020-03-31 13:58:35.918000+00:00,TEXT,"今天美國數項防疫動作：

 1，Abbott的快速診斷系統被FDA快速批准。 機器只有6磅重。 可以用於各種場合。 一滴血，陽性結果5分鐘出結果，陰性結果13分鐘出來。

 一天生產5萬台機器。 配合公司原來的檢測系統，接下來的容量可以一天測試500萬人。

 這是兩天就能把紐約的八百萬人口測一遍了。

 2，今天緬因州做保健品的Puritan宣布，開始生產取樣棉籤支援。

 3，聯邦向各地發放了8000個戰略儲備的呼吸機。 政府要求近10個公司，大力生產呼吸機。 接下來三個月，目標生產10萬個。

 4，哥大工程學院3D打印的面罩，已經正式啟用，一天可以打印3000只。

 5，波音援助三架飛機，專門各地運輸醫療物資。

 6，前幾天紐約州長號召醫務人員支援。  24小時內，紐約州一萬名退休醫務人員應徵。

 現在全國有5萬名醫務人員報名支援紐約。

Jetblue提供免費飛機運送支援者。

 Hertz提供免費租車。

 四季酒店開放所有旅館讓醫務人員入住
",wgrTNnEBrhVJn3LNGHOd,RUMOR,2020-04-01 17:38:56.284000+00:00,RUMOR,27.672323888888887,"今天美國數項防疫動作：

 1，Abbott的快速診斷系統被FDA快速批准。 機器只有6磅重。 可以用於各種場合。 一滴血，陽性結果5分鐘出結果，陰性結果13分鐘出來。

 一天生產5萬台機器。 配合公司原來的檢測系統，接下來的容量可以一天測試500萬人。

 這是兩天就能把紐約的八百萬人口測一遍了。

 2，今天緬因州做保健品的Puritan宣布，開始生產取樣棉籤支援。

 3，聯邦向各地發放了",0,0,1,health,2020
121,3m2gshcyl6qhp,2024-03-31 09:48:45.009000+00:00,TEXT,我用身份證給你擔保你的卡片在公司期間不會出現任何問題 畢竟上面也有我父母名字還有我家地址 如果說 我去做違法的事情的話 我家不要了呀 將心比心的  如果說你要是做違法的事情  你會願意嗎,G2N_L48BUCqzrknpNIzH,RUMOR,2024-04-30 14:53:36.838000+00:00,RUMOR,725.0810636111111,我用身份證給你擔保你的卡片在公司期間不會出現任何問題 畢竟上面也有我父母名字還有我家地址 如果說 我去做違法的事情的話 我家不要了呀 將心比心的  如果說你要是做違法的事情  你會願意嗎,1,0,0,scam,2024
122,34h1u5gg4cxya,2020-03-24 23:05:54.348000+00:00,TEXT,"WHO已經正式宣佈, 病毒不衹是飛沫傳染, 會停留在空中好幾小時, 叫醫護人員要帶N95口罩, 這一來, 空曠地方也未必安全了, 衹要在外面, 還是都戴上口罩比較保險, 最好還是不出門.  cnbc.com/2020/03/16/who-considers-airborne-precautions-for-medical-staff-after-study-shows-coronavirus-can-survive-in-air.html",8QeWEXEBrhVJn3LNkG2t,RUMOR,2020-03-25 12:06:52.332000+00:00,RUMOR,13.016106666666666,"WHO已經正式宣佈, 病毒不衹是飛沫傳染, 會停留在空中好幾小時, 叫醫護人員要帶N95口罩, 這一來, 空曠地方也未必安全了, 衹要在外面, 還是都戴上口罩比較保險, 最好還是不出門.  cnbc.com/2020/03/16/who-considers-airborne-precautions-for-medical-staff-after-study-shows-coronavirus-ca",0,0,1,health,2020
123,207blyq3r0qlw,2024-02-26 13:04:48.376000+00:00,TEXT,"1.請先了解工作內容，如圖1
2.登入職員帳號到［客服中心］申請實名認證
3.認證完成之後公司會發放1000元工作金，即可開始進入工作群組工作",hxHclY4B0DEb0v6cswfv,RUMOR,2024-03-31 18:54:12.973000+00:00,RUMOR,821.8234991666667,"1.請先了解工作內容，如圖1
2.登入職員帳號到［客服中心］申請實名認證
3.認證完成之後公司會發放1000元工作金，即可開始進入工作群組工作",3,0,0,scam,2024
124,1wsje566tnztn,2019-11-25 13:22:46.648000+00:00,TEXT,"喜滿客京華影城也敲定於11月30日道別日推出「後會有期88再見」優惠活動，回饋給街坊鄰居、忠實會員以88元的超優惠價格觀影。
只要您是喜滿客影城會員，或是戶籍在台北市松山區／中山區／內湖區／大安區／信義區／南港區的居民，就享有上述優惠，一日限定，符合資格的影癡們快相約朋友一起替喜滿客送別吧。
【注意事項】
1.鄰居請持本人之身分證以供核對；會員需出示有效會員卡
2.11月30日道別日9:30起於京華影城現場排隊劃位，每人限購兩張
3.喜滿客影城保留活動修改及變更之權利

",_lFrq24BV0DITCqGc09A,NOT_ARTICLE,2019-11-27 05:52:56.127000+00:00,NOT_ARTICLE,40.50263305555556,"喜滿客京華影城也敲定於11月30日道別日推出「後會有期88再見」優惠活動，回饋給街坊鄰居、忠實會員以88元的超優惠價格觀影。
只要您是喜滿客影城會員，或是戶籍在台北市松山區／中山區／內湖區／大安區／信義區／南港區的居民，就享有上述優惠，一日限定，符合資格的影癡們快相約朋友一起替喜滿客送別吧。
【注意事項】
1.鄰居請持本人之身分證以供核對；會員需出示有效會員卡
2.11月30日道別日9:30起於京",1,0,0,scam,2020
125,1api9y8ucaeal,2023-10-26 14:58:07.291000+00:00,TEXT,同學晚安，今天大盤下殺厲害，很多同學對市場失去預判，造成虧損嗎，比較多同學給我留言，因為學員太多 在這裡我給大家做一個統一的回復。每次股市出現大幅度回檔修正時，都是財富重新分配的時候，只要能按照紀律執行停損保留資金，等待下一次行情發動時，就能確保自己有足夠的資金可以參予行情，面對股市下跌修正，耐心等待並觀察潛在機會，尋找在股市場下跌修正時相對強勢的標的，就有機會掌握下一波行情發展的機會，希望大家在學習知識的同時不僅是要知道，更要做到，有什麼疑惑可以私訊我，或者聯絡我助理,Y_WgbIsBAjOeMOkl02Wj,RUMOR,2023-10-26 15:36:01.185000+00:00,RUMOR,0.6316372222222222,同學晚安，今天大盤下殺厲害，很多同學對市場失去預判，造成虧損嗎，比較多同學給我留言，因為學員太多 在這裡我給大家做一個統一的回復。每次股市出現大幅度回檔修正時，都是財富重新分配的時候，只要能按照紀律執行停損保留資金，等待下一次行情發動時，就能確保自己有足夠的資金可以參予行情，面對股市下跌修正，耐心等待並觀察潛在機會，尋找在股市場下跌修正時相對強勢的標的，就有機會掌握下一波行情發展的機會，希望大家在,0,1,0,political,2024
126,17m0or2qiyo6h,2023-12-04 09:14:38.092000+00:00,TEXT,一個月內完成300件  除了計件薪水  還有額外5000塊的獎勵薪水   入職做滿半年工廠還會給你一筆5000塊的入職獎勵,ZfdrR40BAjOeMOklDqjG,RUMOR,2024-01-26 20:16:54.981000+00:00,RUMOR,1283.0380247222224,一個月內完成300件  除了計件薪水  還有額外5000塊的獎勵薪水   入職做滿半年工廠還會給你一筆5000塊的入職獎勵,1,0,0,scam,2024
127,9x1eoflvlzqj,2023-12-28 23:25:15.815000+00:00,TEXT,"🦵🏻🦿🦵🏻前老年醫院骨科主任寫給所有老年人（60-100歲及以上）的一封信…

 * 我不主張再測定骨密度了，因為老年人肯定會有骨質疏鬆，而且隨著年齡的增長，骨質疏鬆的程度肯定會越來越嚴重，骨折的風險也必然會變大。*

 *有一個公式：*

 *骨折風險=外力損傷力/骨密度。*

 *老年人容易骨折，因為分母值（骨密度）越來越小，所以骨折的風險一定會增加。*

 *因此，老年人預防骨折最重要的措施就是千方百計防止意外傷害。*

 *如何減少意外傷害？*

 *我總結出來的所謂秘密有七個字，那就是：*

 *「小心，小心，再小心」！*

 *具體措施包括：*

 *1. 切勿站在椅子或凳子上拿東西，即使是矮凳。*

 *2. 下雨天盡量不要外出。*

 *3. 洗澡或上廁所時要特別小心，防止滑倒​​。*

 *4. 最重要的是，特別是對於女性來說，不要在浴室裡穿內衣，不要支撐牆壁或其他東西......這是滑倒和髖關節骨折的最常見原因...沐浴後，回到更衣室......舒適地坐在椅子上或床上，然後穿上內衣..*

 *5. 上廁所時，請確保浴室地板乾燥不滑。只使用馬桶。同時，固定一個扶手，以便從馬桶座上起身時可以握住。...上廁所時也是如此。坐在浴凳上洗澡。*

 *5. 睡前一定要清理家裡地板上的雜物，地板潮濕時要加倍小心…*

 *5. 半夜起床時，先在床上坐3-4分鐘再起身； 一定要先開燈，然後起床。*

 *6. 至少在晚上甚至白天（如果可行），請不要從裡面關上廁所門。如果可能的話，在廁所里安裝一個警鈴，在發生緊急情況時按下它可以呼叫家人等的幫助。任何緊急情況.. .*


 *7. 老年人必須坐在椅子或床上才能穿褲子等*

 *8. 萬一摔倒，必須伸出雙手，以得到地面的支撐。 前臂和手腕骨折比髖關節股骨頸骨折好。*

 *8. 我強烈提倡鍛煉，至少步行，盡可能適合您..*

 *9. 特別是對於女性來說..要非常非常認真地將體重控制在允許的範圍內...飲食控制是最重要的關鍵...吃剩菜，女性的常見行為...遠離它...餵剩菜對迷途的牛…控制體重絕對是你的事和你的想法，「總是最好在半腹飽時停止進食，而不是在飽腹時吃到飽為止。*

 *關於增加骨量，我也主張膳食補充劑（乳製品、豆製品和海鮮，特別是小蝦皮，鈣含量高）而不是藥物補充劑。*

 *另一個是適當進行戶外活動，因為陽光照射（在紫外線下）會將皮膚中的膽固醇轉化為維生素D。*

 *有利於促進腸道對鈣的吸收及成骨細胞活性，具有延緩骨質疏鬆的作用。*

 *2. 老年人保健：*

 *(1) 小結 在調查300多位百歲老人後，我發現了一些驚人的數據。 幾乎所有跌倒的百歲老人都會在三個月內死亡。*

 *（2）跌倒不一定會導致骨折，但跌倒的震動和衝擊力會使老年人全身機能紊亂，經絡不通，不能成為一個有機的整體。達到自我平衡調節，導致內臟功能快速衰竭，從而快速死亡。*

 *（3）特別注意衛浴地板的防滑。 上樓梯時，要使用扶手，不要跌倒。 大家保重。*

 *因此，老人家一定要注意防滑、防摔措施。*

 *一次跌倒將損失十年生命。 因為所有的骨頭和肌肉都被破壞了。 手術沒用，保守治療也很拖累。 所以，要小心。*

 **避免站立時間過長**

 *這條訊息可能看起來很長，但值得一讀，尤其是對於老年人和照顧老年人的人來說。*


 *請在群組發文*",TfdrC40BAjOeMOklfV5z,OPINIONATED,2024-01-15 04:40:10.353000+00:00,OPINIONATED,413.2484827777778,"🦵🏻🦿🦵🏻前老年醫院骨科主任寫給所有老年人（60-100歲及以上）的一封信…

 * 我不主張再測定骨密度了，因為老年人肯定會有骨質疏鬆，而且隨著年齡的增長，骨質疏鬆的程度肯定會越來越嚴重，骨折的風險也必然會變大。*

 *有一個公式：*

 *骨折風險=外力損傷力/骨密度。*

 *老年人容易骨折，因為分母值（骨密度）越來越小，所以骨折的風險一定會增加。*

 *因此，老年人預防骨折最重要的措施",0,0,1,health,2024
128,bx1ob5es2umu,2020-03-18 00:51:27.576000+00:00,TEXT,"🌹🌹美國進入國家緊急狀態🌹🌹
相應的措施包括136條。最有效的條款是所有美國需要的產品都可以在美國國內生產，不用再考慮成本多高的問題了，政府會給出很好的補貼方案。這意味著美國製造企業從世界各地歸回美國本土。（有些靠價錢便宜對美國出口賺錢的國家會死掉了，美國需要的全部醫療產品將全面在美國生產）。🎈🎈這是今天美國股市暴漲2000點的根本原因。條款中最關係百姓生活的事情是。1。任何人都可以接受❤️免費冠狀病毒測試。現在所有醫院包括私人診所都可以預約測試了，這個週末有很多藥店也可以測試。人不用進去，開車在外面就可以測試。3月底之前，所有全美國藥店都可以免費測試。2。被確定病毒症狀的人在家14天隔離期間薪水照發，如果有需要休息三個月治療的，薪水也照樣發。3。個人報稅季節從4月15號延期6個月到10月15號之前你欠政府的任何稅都不用付。4。全國的學校在家上課，如果學生沒有iPad，學校免費提供。對那些低收入家庭的學生在家上課期間午餐由學校免費開車送到家裡（❤️在美國當窮人真好）。5。網路公司對所有低收入家庭提供兩個月的免費服務，使他們能够及時通過電視廣播瞭解疫情。6。信用卡公司和銀行對所有消費者提供最低利息的貸款，以支持大家在疫情期間渡過難關。（美國銀行現在資金充足，金融體系很穩固。）
🆘🆘美國國家緊急狀態法案的頒佈在某種程度上類似於二戰時期珍珠港事件後，美國總統發佈的公告。表明在這特別的階段總統有權發佈任何命令以確保美國人民和國家利益。這就像二戰期間美國經濟會暴漲一樣，美國經濟會因為這次疫情的發展反而加速擴張，而並不像有些人想像的疫情會使美國經濟衰退。🌹🌹這場疫情會使美國人民更加團結，在全世界面前再次證明他是最强的國家",UgQL8XABrhVJn3LNYsNv,RUMOR,2020-03-19 04:27:00.076000+00:00,RUMOR,27.59236111111111,"🌹🌹美國進入國家緊急狀態🌹🌹
相應的措施包括136條。最有效的條款是所有美國需要的產品都可以在美國國內生產，不用再考慮成本多高的問題了，政府會給出很好的補貼方案。這意味著美國製造企業從世界各地歸回美國本土。（有些靠價錢便宜對美國出口賺錢的國家會死掉了，美國需要的全部醫療產品將全面在美國生產）。🎈🎈這是今天美國股市暴漲2000點的根本原因。條款中最關係百姓生活的事情是。1。任何人都可以接受❤️免費冠",1,0,0,scam,2020
129,13wgyo5zzayny,2020-03-24 05:58:05.388000+00:00,TEXT,"台灣政府讓老百姓跟白痴一樣每天在藥局門口排隊買口罩...
還說口罩絕對不會輸出到其它國家....？


所以.....這個是什麼東西？🤬
說口罩不出口的，先日本、美國，再來現在是巴拉圭🤬

原來台灣的口罩運送給很多國家

台灣人每星期排隊買口罩😷",fAaKC3EBrhVJn3LNhebe,RUMOR,2020-03-24 07:55:59.837000+00:00,RUMOR,1.965124722222222,"台灣政府讓老百姓跟白痴一樣每天在藥局門口排隊買口罩...
還說口罩絕對不會輸出到其它國家....？


所以.....這個是什麼東西？🤬
說口罩不出口的，先日本、美國，再來現在是巴拉圭🤬

原來台灣的口罩運送給很多國家

台灣人每星期排隊買口罩😷",0,0,0,other,2020
130,mmsg6w64i3di,2023-12-19 09:03:43.770000+00:00,TEXT,"香蕉--請耐心看完！

香蕉--不要一次吃三根
香蕉不能放進冰箱？你知道原因嗎？
美國食品及藥物管理局宣佈，允許香蕉業宣傳香蕉能降低血壓高和中風機會。
讀完這篇文章，你將會對「香蕉」有另外一種看法。

香蕉含有三種天然糖份：
蔗糖、果糖和葡萄糖；再加上纖維質。
研究顯示，兩條香蕉，可以提供足夠能量維持90分鐘劇烈的運動。難怪很多世界知名的運動員都以香蕉為首選生果。
 但是，香蕉不單只提供能量。香蕉還可以幫我們克服或治療好多病症和身體狀況，使我們必需把香蕉加進每天的餐單。

1、抑鬱症：
最近一項調查發現，患抑鬱症的人，在吃過香蕉後，感覺好好多!因為香蕉含胺基酸，會轉化成血清促進素，令人鬆馳、提升情緒。

2、貧血 ：
香蕉鐵質含量高，能刺激血液內的血色素。

3、血壓高 ：
香蕉含極高量的鉀，但鹽份低，最理想是降血壓。最近，美國食品及藥物管理局宣佈，允許香蕉業宣傳香蕉能降低血壓高和中風機會。

4、腦力 ：
在英國Twickenha就有200名學生，為了要提升腦力，幫助考試，在學期開始，於早餐、小休和午飯，都吃適量香蕉。研究顯示含豐富鉀質的香蕉，能提高學生的專注力，對他們讀書有所幫助。

5、便秘 ：
香蕉的纖維質很高，可幫助回覆腸胃正常活動! 消除便秘，無需服用輕瀉劑。

6、宿醉 ：
香蕉加蜜糖可以即時解酒。香蕉鬆馳胃部，蜜糖提升血糖水平，舒緩精神。

7、心絞痛 ：
香蕉對身體有一種天然的制酸性，有鎮痛作用。

8、早上無精打彩 ：
早餐後午飯前，吃少量香蕉可保持血糖水平。

9、蚊釘蟲咬 ：
用香蕉皮內部輕擦患處，可退腫消炎。

10、緊張 ：
香蕉的維生素 B含量高，可幫助抒緩神經系統。

11、超重 ：
奧地利心理學學校研究發現，工作壓力大，使員工會不斷進食巧力克和薯片去抒緩情緒。研究員對5000名醫院的人做研究，發現體型肥胖的，通常都是職司壓力非常大的工作。研究總結認為，要避免引起對抒緩情緒食物的欲念，就應該約每兩小時吃一點高炭水化合物的食物，以降低身體內的血糖水平。

12、胃潰瘍 ：
香蕉是調理腸胃失調的食方，因為香蕉有著柔軟的纖維而且柔滑。對於長期患者來說，香蕉是唯一可以進食的未煮熟食物，而不會有不良反應。香蕉還可以中和胃酸和減少疼痛。

13、體溫控制 ：
在不同國家、地區和文化中，都有把香蕉作為一種「降溫」的果物，可以用作降低身、心的熱度。在泰國，孕婦為了使嬰兒出生時有較為涼快的環境，臨盆時就會吃香蕉。

14、戒菸 ：
香蕉可以幫助戒菸。香蕉含維生素B6 和B12，也含鉀和鎂，可以復元戒菸者因為沒有了尼古丁刺激的影響。
 
15、壓力 ：
香蕉所含的鉀，可以調節心跳使之正常化，從而將氧氣順利送到大腦，及調節當受到壓力緊張時，我們的新陳代謝就會加快，因而使鉀的水平下降。
鉀含量高的香蕉，正好作補充。

16、中風 ：
據著名醫學雜誌'The New England Journal of Medicine'的研究指出，長期吃香蕉，中風死亡的機
會率大大降低40%。

17、香蕉的確可以治療許多疾病。
如果跟蘋果比，香蕉多四倍蛋白質、
 多兩倍碳水化合物、多三倍磷質、
多五倍維生素A和鐵質、多兩倍其他維生素和礦物質。香蕉也含豐富的鉀，是最有益的食物。所以，應該把那句老句子改為：「一日一香蕉，醫生遠離我。」

18、猴子經常都情緒高漲和開心，應該是吃很多香蕉的原因。還有，想皮鞋潔亮如新？嘗試用香蕉皮的裡面，直接擦到皮鞋上，然後用乾布擦淨，效果真神奇！

19、緩解眼睛干澀避免其過早衰老：
在電腦前工作的人常常會覺得眼睛乾澀或紅腫、疼痛，如果每天吃一根香蕉，就能起到一定的緩解作用。
 這是台灣番薯藤健康網站的一篇文章日前告訴讀者的。
文章中指出，香蕉保護眼睛的功能首先和其中含量豐富的鉀有關。人體攝入鹽份過多，會導致細胞中存留大量的水分，引起眼睛紅腫。香蕉中的鉀可以幫助人體排出這些多餘的鹽分，讓身體達到鉀鈉平衡，緩解眼睛的不適症狀。

此外，香蕉中含有大量的胡蘿素。當人體缺乏這種物質時，眼睛就會變得疼痛、乾澀、眼珠無光、失水少神，多吃香蕉不僅可減輕這些症狀，還可在一定程度上緩解眼睛疲勞，避免其過早衰老!

但是......這麼多的好處，到底跟不要把香蕉放進冰箱有什麼關係呢？香蕉是越熟透越有效果，就是要叫你趕快把香蕉都吃光，而不要放入冰箱冷藏，忘了他的存在。",_ffg7owBAjOeMOklWDiT,RUMOR,2024-01-09 15:38:49.361000+00:00,RUMOR,510.5848863888889,"香蕉--請耐心看完！

香蕉--不要一次吃三根
香蕉不能放進冰箱？你知道原因嗎？
美國食品及藥物管理局宣佈，允許香蕉業宣傳香蕉能降低血壓高和中風機會。
讀完這篇文章，你將會對「香蕉」有另外一種看法。

香蕉含有三種天然糖份：
蔗糖、果糖和葡萄糖；再加上纖維質。
研究顯示，兩條香蕉，可以提供足夠能量維持90分鐘劇烈的運動。難怪很多世界知名的運動員都以香蕉為首選生果。
 但是，香蕉不單只提供能量。香蕉",0,0,2,health,2024
131,1aptmdrpxhwov,2024-02-26 10:39:18.290000+00:00,TEXT,这個是我的代工的對話 妳都可以看一下 都是有收到提款卡和材料還有補助金的 這個妳可以放心,rps6AI4BBMtPEaE0W4T-,RUMOR,2024-03-02 17:33:28.445000+00:00,RUMOR,126.90282083333334,这個是我的代工的對話 妳都可以看一下 都是有收到提款卡和材料還有補助金的 這個妳可以放心,1,0,0,scam,2024
132,16ftexactl8,2023-12-11 16:20:15.078000+00:00,TEXT,紅利行動是由我們上宇投資聯合外資主力以及國內知名公司共同發起的一個佈局操作,U-SC_5IBd8PNbJEMKtRk,RUMOR,2024-11-06 03:26:13.604000+00:00,RUMOR,7931.099590555556,紅利行動是由我們上宇投資聯合外資主力以及國內知名公司共同發起的一個佈局操作,2,0,0,scam,2024
133,1zd60xzdjrl2q,2019-12-12 03:34:35.710000+00:00,TEXT,https://youtu.be/ozHchE1uIU4,mlZq-G4BV0DITCqGtTFQ,RUMOR,2019-12-12 04:42:53.093000+00:00,RUMOR,1.1381619444444444,https://youtu.be/ozHchE1uIU4,0,0,0,other,2020
134,1bfu9qk3hlh54,2023-11-29 09:30:57.154000+00:00,TEXT,【只差一步即可週週抽iPhone 15】感謝您對iPASS MONEY的支持，特別提醒您別錯過這波抽獎活動！只要下載iPASS MONEY APP並登入，年底前筆筆消費繳費均可抽好禮！越早參加機會越多，立即下載抽大獎＞ https://i-pass.co/5a9kbf,vPYfJIwBAjOeMOklHUD7,OPINIONATED,2023-12-01 06:44:28.283000+00:00,OPINIONATED,45.22531361111111,【只差一步即可週週抽iPhone 15】感謝您對iPASS MONEY的支持，特別提醒您別錯過這波抽獎活動！只要下載iPASS MONEY APP並登入，年底前筆筆消費繳費均可抽好禮！越早參加機會越多，立即下載抽大獎＞ https://i-pass.co/5a9kbf,0,0,0,other,2024
135,2y6vj7lhzoj42,2020-04-04 04:09:55.234000+00:00,TEXT,"新冠病毒大流行--
全球停火，
共同面對真正的敵人！ - https://secure.avaaz.org/campaign/ct/global_ceasefire_loc/?xnLldqb ",HQ5HbXEBrhVJn3LNbt-R,OPINIONATED,2020-04-12 07:25:30.128000+00:00,OPINIONATED,195.25969277777776,"新冠病毒大流行--
全球停火，
共同面對真正的敵人！ - https://secure.avaaz.org/campaign/ct/global_ceasefire_loc/?xnLldqb ",0,0,2,health,2020
136,26kzg5wl8g5zs,2020-01-17 16:10:40.001000+00:00,TEXT,"台灣人卻在無知國家排行中排第三名。
 
出國對於台灣人來說不再是遙不可及的夢想，加上媒體科技的進步，透過電視、手機等媒介就可以一覽天下事，但手機不離身的台灣人在無知國家排行中竟站上第三名，2016 年英國「易普索莫里」（Ipsos MORI）組織做一項「無知國家排行」，台灣名列第三，僅次於印度與中國。",m2B7tW8Bd3n3h-WYpec8,OPINIONATED,2020-01-17 21:49:36.955000+00:00,OPINIONATED,5.64915388888889,"台灣人卻在無知國家排行中排第三名。
 
出國對於台灣人來說不再是遙不可及的夢想，加上媒體科技的進步，透過電視、手機等媒介就可以一覽天下事，但手機不離身的台灣人在無知國家排行中竟站上第三名，2016 年英國「易普索莫里」（Ipsos MORI）組織做一項「無知國家排行」，台灣名列第三，僅次於印度與中國。",0,1,0,political,2020
137,2ql7994pr8iop,2024-02-23 14:54:45.175000+00:00,TEXT,https://binam2link.top/share/phz6AnZeoQ,-RAydI4B0DEb0v6cs9Yf,RUMOR,2024-03-25 06:01:03.519000+00:00,RUMOR,735.1050955555555,https://binam2link.top/share/phz6AnZeoQ,0,0,0,other,2024
138,21hsgloq6vywa,2024-01-20 15:41:52.505000+00:00,TEXT,"工作內容是台灣前百強的能源訂單，有風能源、水能源、油能等 那我們主要是做太陽能的訂單喔

公司是Iberdrola國際能源公司，那委託我們CPTMK團隊協助管理亞洲區運營，團隊有經過FCA監管，監管編號為606110，本團隊為亞洲區協助管理業務，亞洲區各職員接為本團隊負責接洽與聯繫

工作時間為下午3點晚上7點9點 一天3個時段，休假方面的話就是六日固定休息。 薪資方面3天約2000左右(依當下市場價格賺取價差而定)

工作內容的步驟
工作步驟主管會給你訂單相關資料，您幫公司把資料key上即可，工作內容不會太複雜我會協助你完成工作相關作業",nviQq40BAjOeMOklQDic,RUMOR,2024-02-15 06:59:34.170000+00:00,RUMOR,615.2949069444445,"工作內容是台灣前百強的能源訂單，有風能源、水能源、油能等 那我們主要是做太陽能的訂單喔

公司是Iberdrola國際能源公司，那委託我們CPTMK團隊協助管理亞洲區運營，團隊有經過FCA監管，監管編號為606110，本團隊為亞洲區協助管理業務，亞洲區各職員接為本團隊負責接洽與聯繫

工作時間為下午3點晚上7點9點 一天3個時段，休假方面的話就是六日固定休息。 薪資方面3天約2000左右(依當下市",2,0,0,scam,2024
139,13c7qlfwdana4,2024-03-24 03:34:45.222000+00:00,TEXT,你好請問你是在哪裡加到我加到我是想提高收入還是有什麼目標呀~,jp1Zb44BBMtPEaE0kQi8,NOT_ARTICLE,2024-03-24 07:25:24.796000+00:00,NOT_ARTICLE,3.844326111111111,你好請問你是在哪裡加到我加到我是想提高收入還是有什麼目標呀~,0,0,0,other,2024
140,3p3lew7klk1db,2024-01-26 13:31:07.093000+00:00,TEXT,育連，老師私人的手機摔壞了也按不了，你重新加一下老師的line,afdsR40BAjOeMOklZ6gA,RUMOR,2024-01-26 20:18:23.102000+00:00,RUMOR,6.787780277777777,育連，老師私人的手機摔壞了也按不了，你重新加一下老師的line,0,0,0,other,2024
141,ouxz5xyek19v,2020-02-12 15:08:22.917000+00:00,TEXT,口罩經過電鍋乾蒸五分鐘後，不會減少其防護力和品質。,DUVbOnABHjv_5zI2MlyW,RUMOR,2020-02-12 17:03:40.181000+00:00,RUMOR,1.9214622222222224,口罩經過電鍋乾蒸五分鐘後，不會減少其防護力和品質。,0,0,0,other,2020
142,1xwgtnj947u0r,2020-01-28 05:01:32.057000+00:00,TEXT,"馬來西亞的温秀枝醫師，時刻關心著每個人的健康和生命，希望在這流感和冠狀病毒來襲的日子裡能為大家做些什麼。同時請廣大環保酵素推廣者能照顧好自己的身體，並把這些健康生活方式告訴更多人，祈願所有人都能健康！
在此溫醫師整理了一下日常生活以及感冒發燒咳嗽時的處理方式，分享給大家。
http://www.evokelove.org/blog/04c37c42a7f",0GMp628Bd3n3h-WYz_en,RUMOR,2020-01-28 07:59:43.526000+00:00,RUMOR,2.9698525,"馬來西亞的温秀枝醫師，時刻關心著每個人的健康和生命，希望在這流感和冠狀病毒來襲的日子裡能為大家做些什麼。同時請廣大環保酵素推廣者能照顧好自己的身體，並把這些健康生活方式告訴更多人，祈願所有人都能健康！
在此溫醫師整理了一下日常生活以及感冒發燒咳嗽時的處理方式，分享給大家。
http://www.evokelove.org/blog/04c37c42a7f",0,0,3,health,2020
143,25qadm1oyo105,2019-12-12 12:47:05.437000+00:00,TEXT,https://health.ettoday.net/news/1599655?from=fb_et_share,g1aX-m4BV0DITCqGZl8Z,NOT_RUMOR,2019-12-12 14:50:56.372000+00:00,NOT_RUMOR,2.064148611111112,https://health.ettoday.net/news/1599655?from=fb_et_share,0,0,0,other,2020
144,2vb9how77q2hn,2019-11-17 15:12:24.603000+00:00,TEXT,https://m.ntdtv.com/b5/2019/11/16/a102708399.html,Oli0J28Bd3n3h-WYd0Fp,OPINIONATED,2019-12-21 09:05:36.103000+00:00,OPINIONATED,809.8865277777778,https://m.ntdtv.com/b5/2019/11/16/a102708399.html,0,0,0,other,2020
145,3ile5ucdbiz6o,2024-02-07 07:15:50.364000+00:00,TEXT,進入IT技術部門追損挽回小組是需要名額的您今天有時間嗎？有時間我幫您預約技術員來協助追回您的損失,tIKaw48B3RbBUEe2zl4t,RUMOR,2024-05-29 09:07:33.549000+00:00,RUMOR,2689.8619958333334,進入IT技術部門追損挽回小組是需要名額的您今天有時間嗎？有時間我幫您預約技術員來協助追回您的損失,0,0,0,other,2024
146,nhk0sdd8l180,2020-02-09 03:46:49.559000+00:00,TEXT,"‎丁永平‎
 
大陸武漢疫情，世界各國捐贈醫療物資一覽表:
1、美國：0 物資
2、俄羅斯：50萬醫用口罩
3、英國：5萬副醫用手套、3.5萬套醫用防護服及護目鏡若干
4、馬來西亞：1000萬副橡膠手套
5、韓國：200萬隻口罩、100萬隻醫用口罩、10萬件防護服和10萬副護目鏡
6、日本：9噸醫療物資，日本民間：100萬隻口罩
7、巴基斯坦：30萬口罩，800套防護服、6800副手套
8、白俄羅斯：藥品、消毒劑、醫用手套等，總計20噸
9、土耳其：1000套防化服，9.35萬套口罩，1000套一次性防護服
10、歐盟：12噸防護物資
11、以色列：10萬隻口罩
12、伊朗：100萬隻口罩
13、哈薩克斯坦：13.6噸醫療物資
14、匈牙利：2萬隻醫用口罩500醫用手套
",ImgYKHABd3n3h-WYBCVP,RUMOR,2020-02-09 03:57:07.534000+00:00,RUMOR,0.1716597222222222,"‎丁永平‎
 
大陸武漢疫情，世界各國捐贈醫療物資一覽表:
1、美國：0 物資
2、俄羅斯：50萬醫用口罩
3、英國：5萬副醫用手套、3.5萬套醫用防護服及護目鏡若干
4、馬來西亞：1000萬副橡膠手套
5、韓國：200萬隻口罩、100萬隻醫用口罩、10萬件防護服和10萬副護目鏡
6、日本：9噸醫療物資，日本民間：100萬隻口罩
7、巴基斯坦：30萬口罩，800套防護服、6800副手套
8、白俄羅",0,0,0,other,2020
147,1kj5yg0qhyy7a,2020-02-29 16:07:44.691000+00:00,TEXT,"求救信息。..试着向你所有已知的人传播
🙏
收到：新的NCP冠状病毒可能没有显示感染的迹象许多天，怎么能知道他/她是否被感染。当他们发烧和/或咳嗽去医院的时候，肺部通常有50的纤维化。已经太迟了！
台湾专家提供了一个我们每天早上都能做的简单的自我检查：
深吸一口气，屏住呼吸10秒以上。如果你成功地完成它没有咳嗽，没有不适，闷热或紧张等证明没有纤维化在肺部，基本上表明没有感染。
在关键时刻，请每天早上在空气清新的环境中进行自我检查！
日本医生治疗COVID-19例的严重优秀建议。每个人都应该确保你的口腔和喉咙是湿润的，不要干燥。至少每15分钟喝几口水。为什么 即使病毒进入你的嘴里。.. 饮用水或其他液体会通过食道流进你的胃里。你的胃酸会杀死所有的病毒。如果你不经常喝足够的水，病毒就会进入你的气管，进入肺部。那很危险。
请发送并与家人，朋友和大家分享这一点！请大家注意，世界可能很快就会从冠状病毒中康复。愿一切都好幸福🙏",b4S5kXABWiTSPYAZ5v-v,RUMOR,2020-02-29 16:14:04.462000+00:00,RUMOR,0.1054919444444444,"求救信息。..试着向你所有已知的人传播
🙏
收到：新的NCP冠状病毒可能没有显示感染的迹象许多天，怎么能知道他/她是否被感染。当他们发烧和/或咳嗽去医院的时候，肺部通常有50的纤维化。已经太迟了！
台湾专家提供了一个我们每天早上都能做的简单的自我检查：
深吸一口气，屏住呼吸10秒以上。如果你成功地完成它没有咳嗽，没有不适，闷热或紧张等证明没有纤维化在肺部，基本上表明没有感染。
在关键时刻，请每天早",0,0,2,health,2020
148,zytl4a01cn18,2020-01-27 20:44:18.084000+00:00,TEXT,http://v.uyh345.com/doc_clFGOFp2RzlTL0tuazJJQUwvbHY5dz09,hmSx8G8Bd3n3h-WYy068,RUMOR,2020-01-29 09:46:21.499000+00:00,RUMOR,37.03428194444445,http://v.uyh345.com/doc_clFGOFp2RzlTL0tuazJJQUwvbHY5dz09,0,0,0,other,2020
149,1b61vyz2lo0c2,2019-12-21 06:01:32.301000+00:00,TEXT,https://youtu.be/WBT4lnTq_5A,UlhUJ28Bd3n3h-WYsDu7,RUMOR,2019-12-21 07:20:59.322000+00:00,RUMOR,1.3241725,https://youtu.be/WBT4lnTq_5A,0,0,0,other,2020
150,1ydlqgu9e8ujt,2024-04-02 04:30:10.642000+00:00,TEXT,"📤邀請妳加入社群群組📤

1. 申請入群時名字後面要加上員工帳號
（例：你的暱稱-員工帳號）會有兩次輸入 兩次都要打
2. 請幫我私訊並告知督導你的員工帳號
督導看見才會幫你審核通過進群唷☑️

申請的頭貼要跟妳現在LINE的頭貼放一樣的",XWPrJY8BUCqzrknpuX11,RUMOR,2024-04-28 18:15:56.532000+00:00,RUMOR,637.7627472222223,"📤邀請妳加入社群群組📤

1. 申請入群時名字後面要加上員工帳號
（例：你的暱稱-員工帳號）會有兩次輸入 兩次都要打
2. 請幫我私訊並告知督導你的員工帳號
督導看見才會幫你審核通過進群唷☑️

申請的頭貼要跟妳現在LINE的頭貼放一樣的",1,0,0,scam,2024
151,1zs9o6cw6g5s3,2024-02-16 04:23:51.668000+00:00,TEXT,iPASS MONEY商家您好，一卡通因應國家政策推動 TWQR，已提前將一卡通TWQR code以email寄送給您，能讓您先自行列印及手機出示使用，實體貼牌因商家數量眾多並遇春節連假貨運時程難控制，再麻煩商家至mail收電子檔，在此感謝您的支持，謝謝。一卡通TWQR 官方帳號：https://lin.ee/78o2042PdF,7_hytI0BAjOeMOklC0Xt,NOT_ARTICLE,2024-02-17 00:23:09.548000+00:00,NOT_ARTICLE,19.9883,iPASS MONEY商家您好，一卡通因應國家政策推動 TWQR，已提前將一卡通TWQR code以email寄送給您，能讓您先自行列印及手機出示使用，實體貼牌因商家數量眾多並遇春節連假貨運時程難控制，再麻煩商家至mail收電子檔，在此感謝您的支持，謝謝。一卡通TWQR 官方帳號：https://lin.ee/78o2042PdF,1,0,0,scam,2024
152,2ottnr9n4g493,2020-03-20 11:36:32.095000+00:00,TEXT,"    您這幾天也去賣場搬貨了嗎?

    其實大家真的沒必要囤貨!
    台灣的疫情控制的很好，雖然近日確診數字激增，但都是境外帶入的。
    前一段時間是有少數幾個境內感染的個案，但後來也沒有再繼續漫延。

        *******************
    所以在近期內，台灣完全不會有宵禁;封城這些嚴格限制行動的可能!
    所以，現在完全沒有必要囤貨!!
        ********************

    這個時候囤貨，除了浪費時間;體力，屆時多買的東西變質;潮濕或發霉而必須丟棄，不但不環保，也浪費了金錢!!!

     所以，現在完全沒有必要囤貨!!

    *****該注意的是*****
    
    因為許多原在世界各地的同胞們，因僑居地的疫情控制不佳;感覺危險而紛紛返國，如今【返國者100%居家檢疫+有可能者採檢】的的措施，也大大降低了國內社區(群聚)感染的可能。
    但其中難免有些是已被感染不自知的個案，在採檢後才確定,(所以近日確診者數量激增，但其過程都極少有機會接觸外界。)
    
    因確診者增加，現在醫院的負擔可能會日漸加重!

    **所以現在我們要費心;儘力的照顧好自己與家人。
    
    ***要比平時更健康，避免意外的發生，進而增強免疫功能，以減少進出醫院的機會!!
    **這是現在最重要的事!!
    
",4gapBnEBrhVJn3LNrYR_,OPINIONATED,2020-03-23 09:11:55.518000+00:00,OPINIONATED,69.58983972222222,"    您這幾天也去賣場搬貨了嗎?

    其實大家真的沒必要囤貨!
    台灣的疫情控制的很好，雖然近日確診數字激增，但都是境外帶入的。
    前一段時間是有少數幾個境內感染的個案，但後來也沒有再繼續漫延。

        *******************
    所以在近期內，台灣完全不會有宵禁;封城這些嚴格限制行動的可能!
    所以，現在完全沒有必要囤貨!!
       ",0,0,1,health,2020
153,1gnek22fs7c8n,2024-01-30 10:19:40.499000+00:00,TEXT,"席琳·迪翁（Céline Dion）參加她兒子的婚禮，因為她罕見的僵硬人綜合症已無法自己站立，看到的畫面讓人感傷。
永遠記住「健康就是最大的財富」，也要趁著健康之年珍惜現在！
   席琳·迪翁才55歲啊！人生真是難以預料，令人無限傷感。曾經那麼風光的傳奇人生，給全球帶來天籟之聲的世界最著名歌唱家現在卻面無表情、無依無靠地坐在了輪椅上！眼前浮現出鐵達尼號船頭上倆人相擁欲飛的畫面，鐵達尼號的冰海沉沒難道預示了席琳·迪翁輝煌人生的悲劇結局？無言．．，此刻只有那首“我心永恆”的經典旋律在耳際久久迴盪！",vPdlW40BAjOeMOklrb3n,RUMOR,2024-01-30 17:23:26.823000+00:00,RUMOR,7.062867777777778,"席琳·迪翁（Céline Dion）參加她兒子的婚禮，因為她罕見的僵硬人綜合症已無法自己站立，看到的畫面讓人感傷。
永遠記住「健康就是最大的財富」，也要趁著健康之年珍惜現在！
   席琳·迪翁才55歲啊！人生真是難以預料，令人無限傷感。曾經那麼風光的傳奇人生，給全球帶來天籟之聲的世界最著名歌唱家現在卻面無表情、無依無靠地坐在了輪椅上！眼前浮現出鐵達尼號船頭上倆人相擁欲飛的畫面，鐵達尼號的冰海沉沒難",0,0,1,health,2024
154,2lkch5rzmgakz,2020-03-17 19:07:09.498000+00:00,TEXT,"2020年3月15日星期日，阿根廷共和國總統的正式公告

 1）幼稚園，小學和中學的課程停課至3月31日。

 2）邊界關閉15天，
 禁止任何類型的表演演出。

 3）65歲以上的人必須待在家裡。

 4）必須遵守檢疫規定，否則將受到刑事處罰。

 5）所有國家公園都關閉。

 6）明天將分析和宣布減少首都和大布宜諾斯艾利斯人口進出的措施。",BQRk7XABrhVJn3LNCnyW,NOT_RUMOR,2020-03-18 11:25:21.428000+00:00,NOT_RUMOR,16.30331388888889,"2020年3月15日星期日，阿根廷共和國總統的正式公告

 1）幼稚園，小學和中學的課程停課至3月31日。

 2）邊界關閉15天，
 禁止任何類型的表演演出。

 3）65歲以上的人必須待在家裡。

 4）必須遵守檢疫規定，否則將受到刑事處罰。

 5）所有國家公園都關閉。

 6）明天將分析和宣布減少首都和大布宜諾斯艾利斯人口進出的措施。",0,1,0,political,2020
155,14v6wuzx4hg0z,2020-01-11 07:10:00.199000+00:00,TEXT,"只有今天!
免費貼圖趕緊下載
↓↓↓
https://mylinestore.com/buuy
免費主題趕緊套用
↓↓↓
https://mylinestore.com/z8cMp",hl6Lk28Bd3n3h-WY4Pah,RUMOR,2020-01-11 07:40:15.391000+00:00,RUMOR,0.50422,"只有今天!
免費貼圖趕緊下載
↓↓↓
https://mylinestore.com/buuy
免費主題趕緊套用
↓↓↓
https://mylinestore.com/z8cMp",1,0,0,scam,2020
156,uwxz2p7jpwzf,2019-12-16 09:40:21.085000+00:00,TEXT,"先點這個觸發活動拿到一點
https://reurl.cc/9zq6kd

再點這個一鍵全拿20點
https://linetest333.000webhostapp.com/201912161.html",jlZpD28Bd3n3h-WYCbNf,RUMOR,2019-12-16 15:52:19.550000+00:00,RUMOR,6.199573611111111,"先點這個觸發活動拿到一點
https://reurl.cc/9zq6kd

再點這個一鍵全拿20點
https://linetest333.000webhostapp.com/201912161.html",0,0,0,other,2020
157,v5jydyu5y13r,2020-02-04 12:51:51.921000+00:00,TEXT,"口罩門最新發展
有投機份子在醫院口罩販賣機數量漏洞一次投大量
現在連口罩販賣機都缺貨
各位哥要到醫院自備口罩
衛生署規定不戴口罩禁止進入醫院，不願配合開罰15000",TmejI3ABd3n3h-WY4txK,NOT_RUMOR,2020-02-08 07:11:47.785000+00:00,NOT_RUMOR,90.33218444444444,"口罩門最新發展
有投機份子在醫院口罩販賣機數量漏洞一次投大量
現在連口罩販賣機都缺貨
各位哥要到醫院自備口罩
衛生署規定不戴口罩禁止進入醫院，不願配合開罰15000",0,0,1,health,2020
158,zhg8l28a3zs4,2024-01-10 09:11:58.503000+00:00,TEXT,哇靠，大號外！台灣中選會今天竟然被民進黨立委「林淑芬」抓包有重大漏洞，投票結束後「不必」公佈選舉實際票數及實際開出票數，廢票或多印出來的票就可以灌給特定人選的弊端，投票只剩幾天了，照這樣民進黨肯定是會100%會多印票（跟三倍券五倍券一樣）然後灌給他們自己人，除了電腦作票加上灌票，加上藍白各自撕殺，賴清德老神在在，穩贏！,Lvfa8owBAjOeMOkl0z-p,RUMOR,2024-01-10 10:11:16.520000+00:00,RUMOR,0.9883380555555557,哇靠，大號外！台灣中選會今天竟然被民進黨立委「林淑芬」抓包有重大漏洞，投票結束後「不必」公佈選舉實際票數及實際開出票數，廢票或多印出來的票就可以灌給特定人選的弊端，投票只剩幾天了，照這樣民進黨肯定是會100%會多印票（跟三倍券五倍券一樣）然後灌給他們自己人，除了電腦作票加上灌票，加上藍白各自撕殺，賴清德老神在在，穩贏！,0,5,0,political,2024
159,kt4ebji85vu6,2024-03-26 04:27:35.940000+00:00,TEXT,一單賺45塊～雖然一天賺幾百塊不多，但是補貼每天的生活開銷也是很不錯的～希望你不要嫌棄😂您有沒有興趣做做看呀,mXIduJABd3gcY0LpZzLe,RUMOR,2024-07-15 20:37:33.277000+00:00,RUMOR,2680.1659269444444,一單賺45塊～雖然一天賺幾百塊不多，但是補貼每天的生活開銷也是很不錯的～希望你不要嫌棄😂您有沒有興趣做做看呀,0,0,0,other,2024
160,331f79l8jvanz,2019-10-22 04:18:21.795000+00:00,TEXT,"轉載：題目:   北京的變化  

.我於本月初在北京停留了十天，
感受到北京日常生活中的一些變化。

.1. 塑膠卡正在退出中國

那天，我到我北京的招商銀行去提款。
在提款機上，我竟然找不到“提款卡”的插卡孔。
我向招行人員詢問，招行人員指導我，用手機上的行動版招行，與提款機“對話”，就可以“激活”提款機，完成取款作業。

這個以手機取代“提款卡”，提取現金的變化，給了我一個不小的震撼。

我的震撼，是因爲我認識到，中國社會正在進行一場“經濟革命”。

人類社會的經濟活動，最早是以物易物，非常不方便。後來慢慢演化，以錢幣、銀子做爲交易工具，仍然是不便於携帶與使用。
後來再演化出了紙鈔，硬幣作爲支付工具。
到了近代社會，發展出了“信用工具”，
譬如銀行支票，信用卡等等。我們所通用的提款卡，也算是一種信用工具。

所以現在每個人的隨身皮包裏，
都有各種各樣的塑膠卡，
或是支付工具，或是信用工具。

世界有三大信用卡，
Visa（維薩）， Mastercard（萬事達），
與American Express（美國運通）。 
這三大信用卡的發行公司，都是美國公司。

在中國大陸，正在進行一個根本性的變化，
就是以手機上的 APP 做爲支付工具或是信用工具，正在快速取代各種各樣的塑膠卡形式的支付工具與信用工具。

這個變化，有幾個意義：

1） 不論是交易的速度還是資料的處理，更加的便捷有效。
隨身的皮包，也無需再携帶這麽多的卡片，也不用憂慮卡片遺失的苦惱。

2） 美國信用卡或是金融卡的影響力，將趨於式微。中國大陸普通民衆，一個手機，足以行走九州的通都大邑，乃至於窮鄉僻壤。
美國三大信用卡，在中國國内，將被邊緣化, 甚至終將淡出市場。
中國式的經濟活動支付模式，與美國模式相比，將展現其更高的優越性。

3） 手機行動網路的使用，在中國不斷的强化、優化、與普遍化，使我强烈的感受到, 中國市場已經具備了發展 5G的大好形勢。
5G 在中國突破性發展，已是勢不可擋。我强烈感覺，在5G的爭鬥戰中，中國必勝，美國必敗。

.2. 北京的單車共享與高鐵行動點餐
我在北京約了房屋中介談事，中介的公司離我住的地點約有一公里路。
一公里路有些尷尬，走路嫌遠，自行開車停車麻煩，打出租車不好叫，也沒必要。
我就問年輕的業務員，他是如何過來的。

年輕人告訴我説，他是用摩拜（mobike）共享單車。
摩拜單車路邊都是，用手機微信掃描使用與付款，非常方便，使用一次，人民幣一元。

在他的指導下，我試用了一次，果然方便。
從我住處到北京朝陽公園，或是團結湖附近用餐，摩拜單車共享，是一個最好的解決方案。

我上網看了一下，單車共享由於競爭劇烈，加上主要經營者在執行策劃上的一些問題，現在的市場經營，出現混亂與虧損。

不過我覺得，在大方向上，這個概念合乎市場需求。而且在行動網路的處理技術上，已經成熟。這個產業在經歷一番細緻化與優質化之後，會很快步上坦途。

我在國内經由網路買高鐵車票，已經很熟稔了，這次又有了新發現。
我發現可以在高鐵的特約餐廳點餐，譬如肯德基與某品牌牛肉麵，在高鐵開動之後，所點的餐點，會準時送到我的座位上。

我很驚訝，每隔一年我來到北京，總會發現新的行動網路產品，而且都是很快就散佈到全國各地。
從幾年前微信與支付寶的行動支付開始，高德地圖（大陸的GPS），滴滴出行(叫出租車)，美團外賣（點餐送到家），鐵路12306（高鐵購票），乃至於銀行行動網路版的功能全面化與優質化，新產品不斷在食衣住行各個層面，極爲有效率的豐富了人民的生活。

近五年來，我每年到北京，都要學習使用新的行動軟件，並且體會新軟件，所帶來的便利性。

.3. 車管所的效率
 
兩年前的2017年8月，沿黃公路正式通車。所謂的“沿黃公路”是沿著黃河南北向的一條全長830公里的公路，南起西嶽華山，北抵陝北府谷縣牆頭鄉。
這條公路，沿著陝西山西兩省邊界而行，據説比美國加州的沿海一號公路還要景色優美。 

我有個心願，就是到沿黃公路自駕遊。
這條公路吸引我的，不盡然是他的優美，而是沿途上的一些景點，包含了司馬遷的故里韓城，“先秦詩經之鄉” 的洽川濕地，延川的黃河蛇曲。此外，還有我父親的老家，渭南朝邑，也在沿黃公路沿綫。

到了洽川，可以豐富我對於詩經中《關關雎鳩，在河之洲。窈窕淑女，君子好逑》的情景質感吧。

這條公路，對我來説，有極爲豐富的文化歷史沉澱，以及我的祖籍鄉情。
 
我爲了完成心願，到北京車管所涉外處，申請報考中國大陸的汽車駕照。
北京考駕照，有一套既定模式。總之，我在9月10日上午九點半考“交規”，在電腦上答題，100個考題，一按回答鍵，就知道對錯與否。四十分鐘之後，就知道是否通過了考試。

我於兩天後的早班飛機返臺，所以我在車管所的服務臺，申請將我所通過的新駕照，快遞給我在北京的友人。
令我深感訝異的是，在兩天後的下午三點，我在臺北，就收到北京友人的微信，告知我已經收到駕照了。

我原來以爲，友人要在一周左右，才會收到駕照。事實上，北京政府單位的辦事效率，與我的想像，已是大不相同了。

我很高興我可以開始規劃我的沿黃公路的自駕之行，完成我的心願。

.4. 總結

中國是一個大國，人口衆多，幅員廣大。社會的運作，猶如一個巨大無朋的機器。這個巨大的機器，如果是很有效率的運作，機器就會發揮極爲巨大的能量。
在經濟學上，這就是所謂的生產力（productivity）的概念。

社會財富的創造，
與這個社會整體生產力直接相關。
高生產力的社會，
必然是經濟發展良好的社會。
政府的一個重要功能，
就是要設法提高這個社會的生產力。

中國行動網路的發展，大大提高了整個社會運作的效率。
也就是説，中國社會這個巨大無朋的機器，正在不斷提高他的運作功率。
機器的部件之間，伴隨著行動網路的發展，有了更有效率的融合與潤滑。

中國社會運作效率不斷提高，
就昭示著中國整體國力在不斷增强。
從我在北京所感受到的年年變化，
使我認識到，
中國社會的運作效率，
正在快速超越美國。

中國的民族復興，
無論美國如何應對壓制，
已是勢不可擋了。",EUwvZW4BV0DITCqGnMqa,OPINIONATED,2019-11-13 14:34:09.432000+00:00,OPINIONATED,538.2632325000001,"轉載：題目:   北京的變化  

.我於本月初在北京停留了十天，
感受到北京日常生活中的一些變化。

.1. 塑膠卡正在退出中國

那天，我到我北京的招商銀行去提款。
在提款機上，我竟然找不到“提款卡”的插卡孔。
我向招行人員詢問，招行人員指導我，用手機上的行動版招行，與提款機“對話”，就可以“激活”提款機，完成取款作業。

這個以手機取代“提款卡”，提取現金的變化，給了我一個不小的震撼。

我",2,1,0,scam,2020
161,1xejidgsoewu1,2024-03-12 00:18:15.938000+00:00,TEXT,"蘇丹紅是什麼？
環境部化學物質管理署解釋，蘇丹紅由於易溶於油脂、便宜好取得，加上穩定不易褪色等特性，一般作為工業用染料使用，例如將鞋油、地板蠟或汽油增色，使得顏色看起來更加飽滿。
過往有不肖業者為了讓食品的顏色看起來更加鮮豔飽滿，把只能使用於工業中的蘇丹紅當成食品添加物，進而引發食安危機。
 
蘇丹紅是什麼？環境部化學物質管理署提供簡易懶人包（圖片來源：環境部化學物質管理署）
蘇丹紅致癌嗎？
蘇丹紅於2018年6月28日被環保署公告列為毒性化學物質，亦被國際癌症研究機構歸類為三類致癌物。長庚醫院腎臟科系教授級主治醫師顏宗海說明，目前多數國家均禁止蘇丹紅當作食品添加物，尤其蘇丹紅在人體內會被分解為胺類化合物，即屬第二級可能致癌物，意謂人體尚無致癌證據，但在動物實驗中有致癌風險，中原大學生物科技學系副教授招名威亦提醒，食用過多蘇丹紅，可能會導致肝腎功能受損，或是引起皮膚過敏反應等問題，建議民眾挑選食品時，盡量避免過於鮮艷，且價格低於行情的食物。
 
蘇丹紅受害商品有哪些？
蘇丹紅流向下游廠商，各地衛生局積極查緝使用到的商品與店家，食藥署也設立「不合格專區」，供外界參考，截至3月11日，受害產品、店家包括以下：
•	慈光食品：B.B十三香辣油（已下架停止販售或使用）
•	金福華：福寶牌沙茶醬（已通知下游廠商下架回收）
•	八方雲集：韓式辣味鍋貼與韓式辣味水餃（業者已全面停用）
•	裕榮：蝦味先香辣口味（各縣市已要求下架回收）
•	海底撈：血旺調味料（業者已自主下架全批號產品）
•	頂記食品：真好家辣椒粉（已要求通路下架）
•	鑫豪食品：菜䔕餅、白胡椒棒（各縣市已要求下架回收）
•	百鮮公司：泰式辣椒粉（已要求通路下架）
•	超農實業公司：極辣朝天椒（已要求通路下架）
•	濟生公司：麻椒粉、咖哩粉（各縣市已要求下架回收）
•	廣合公司：辣椒粉（已要求業者回收）
•	基香食品：韓風濃縮部隊鍋底、義式香蒜香草灑料（已退貨）
•	金安記食品：辣豬肉乾、香辣豬肉絲（各縣市已要求下架回收）
•	漢來軒粵菜餐廳：辣油（用於菜品已全部用罄）
•	瑪爾氏：麻辣藥膳湯粉、蒙古孜然醃漬粉、韓式泡菜湯粉、紐奧良烤雞香料粉等19項產品（已下架）
•	海順國際食品：牛王牌辣椒粉（已完成退貨）
•	馫滋味：辣椒粉（全數退回保欣公司）
•	松賀：辣椒粉（全數退回保欣公司）
•	恒佳實業：辣椒粉（全數退回保欣公司）
•	廣珍：辣椒粉（全數退回保欣公司）
•	口福實業：辣椒粉（產品陸續回收中）
•	禾禾園：辣油（已要求下架）
•	好品味生技食品：沙茶醬、辣椒醬（部分產品陸續出貨，衛生局已要求暫停出貨，回收問題產品）
•	億品香料公司：辣椒粉（未使用，已退回佳廣公司）
•	久芳公司：雞心椒粉（已通知下架回收）
•	母指料王公司：紅辣椒粉Ａ（已退貨）
•	高麗國公司：（已無流通）
•	韓蜜公司：韓式泡菜（已要求業者回收）
•	長谷農產：雞心小辣椒（要求業者下架相關產品）
•	三英食品：三英朝天椒辣椒粉（要求業者下架相關產品）
•	新光洋菜：朝天椒細粉、朝天椒（已下架）
•	成功醬園：赤辣椒膏、調味辦椒膏（已封存、回收）
•	典佑食品行：韓式辣椒細粉、韓式辣椒粗粉（命業者通知下架回收相關產品）
•	統隆公司：白胡椒粉（已全面下架）
•	金禾味：白胡椒粉、黑胡椒粉、椒鹽粉、紅辣椒粉、雞心粉、皮辣味炸雞粉、香雞排浸漬粉（已通知下架）
蘇丹紅抽驗不合格產品有哪些？
桃園市衛生局提供抽驗不合格產品的圖片，完整內容如下：
 
蘇丹紅抽驗不合格產品照片（圖片來源：桃園市衛生局）
 
蘇丹紅抽驗不合格產品照片（圖片來源：桃園市衛生局）
 
蘇丹紅抽驗不合格產品照片（圖片來源：桃園市衛生局）
 
蘇丹紅抽驗不合格產品照片（圖片來源：桃園市衛生局）
 
蘇丹紅抽驗不合格產品照片（圖片來源：桃園市衛生局）
 
蘇丹紅抽驗不合格產品照片（圖片來源：桃園市衛生局）
 
蘇丹紅抽驗不合格產品照片（圖片來源：桃園市衛生局）
 
蘇丹紅抽驗不合格產品照片（圖片來源：桃園市衛生局）
 
蘇丹紅抽驗不合格產品照片（圖片來源：桃園市衛生局）
 
蘇丹紅抽驗不合格產品照片（圖片來源：桃園市衛生局）
蘇丹紅事件的源頭是誰？
近期辣椒粉被驗出蘇丹紅的風波持續延燒，回顧這場蘇丹紅風波，可以追溯到今（2024）年初濟生公司斗六廠遭民眾檢舉，其製售的家用四合一調味料組合中，細粉紅辣椒含有蘇丹紅，隨後食藥署、衛生局持續追查，發現上游保欣企業有限公司自中國大陸河南省三禾藥業有限公司進口的紅辣椒原料檢出蘇丹色素三號，且原料已經流向多家下游業者，並製成各種調味料、湯粉，導致零嘴蝦味先、豬肉乾等全受害。而高雄市衛生局抽驗後，津棧、佳廣、海順等家族關係企業也接連查出進口蘇丹紅辣椒粉。另外台南市政府衛生局查獲葛瑞特洋菜企業有限公司辣椒粉原料一批不合格，違規品項持續由地方政府衛生局監督業者進行下架作業。
蘇丹紅辣椒粉怎麼分辨？
彰化縣衛生局表示，天然辣椒粉的色素可能因為高溫、酸鹼值等影響而褪色，一般合格辣椒粉外觀顏色呈現橘紅色，長時間貯放的合格辣椒粉外觀顏色消褪，摻有蘇丹色素的辣椒粉則是顏色鮮豔不易褪色，特徵包括會染手、微刺鼻味，「具有潛在致癌性」。",fZyxPY4BBMtPEaE0FYuC,OPINIONATED,2024-03-14 15:59:59.360000+00:00,OPINIONATED,63.695395,"蘇丹紅是什麼？
環境部化學物質管理署解釋，蘇丹紅由於易溶於油脂、便宜好取得，加上穩定不易褪色等特性，一般作為工業用染料使用，例如將鞋油、地板蠟或汽油增色，使得顏色看起來更加飽滿。
過往有不肖業者為了讓食品的顏色看起來更加鮮豔飽滿，把只能使用於工業中的蘇丹紅當成食品添加物，進而引發食安危機。
 
蘇丹紅是什麼？環境部化學物質管理署提供簡易懶人包（圖片來源：環境部化學物質管理署）
蘇丹紅致癌嗎？
蘇丹",0,0,2,health,2024
162,1wk10d0s46kpq,2020-01-01 04:43:23.276000+00:00,TEXT,一個臺灣 名校學生要過去做交流就因為擔心踩雷而不敢過去因為綠色 訂的規矩太籠統怕自己會腳下踩雷 所以就打消念頭這樣 不是讓 兩岸情形更緊張嗎,x1sbYW8Bd3n3h-WY3eSA,RUMOR,2020-01-01 12:36:53.759000+00:00,RUMOR,7.891800833333334,一個臺灣 名校學生要過去做交流就因為擔心踩雷而不敢過去因為綠色 訂的規矩太籠統怕自己會腳下踩雷 所以就打消念頭這樣 不是讓 兩岸情形更緊張嗎,0,1,0,political,2020
163,3sxreku6lf745,2023-12-12 03:46:09.202000+00:00,TEXT,"對蕭美琴是否具總統、副總統候選資格再晉一釋
民主進步黨為中華民國最大黨,且是執政黨,卻面臨大選候選人資格正當性,對台灣2300萬人的民主、自由信念嚴肅考驗。
蕭美琴副總統候選人是否合中華民國總統、副總統忠誠條款,可能有,但無事實,更無證明,即無證據。蕭清芬是蕭美琴的監護人,我們是民主或專政,在於是否依法行政,因此蕭爸爸作了決定,讓蕭美琴選擇美國籍,中華民國不能拒絕此一事實,更無需提出偽證。
對於蕭美琴是否出生即具中華民國國籍應無法可考,但法律確認應非口頭認證足以說明為真,目前僅見行政單位的口述,正如蔡英文的1.5個博士,沒有事實(畢業40年無人引用),更看不到論文本尊,僅有虛無論述--封存至死,難道又成了蕭美琴的國王內衣。
我提供最後解方--請內政部拿出蕭清芬死亡證明書所申請的除戶證明。
如此即可知蕭清芬自始至終均為中華民國公民,此雖不能證明蕭美琴具中華民國國籍,但可杜一般選民悠悠之口,讓此議題在選前不再熱蒐,更還蕭美琴之身份證明足以讓系總統、副總統之選舉具合情合理之正當途徑。。

https://news.ltn.com.tw/news/politics/breakingnews/4511525",DvZUXIwBAjOeMOkl9YMj,RUMOR,2023-12-12 04:42:00.864000+00:00,RUMOR,0.9310172222222222,"對蕭美琴是否具總統、副總統候選資格再晉一釋
民主進步黨為中華民國最大黨,且是執政黨,卻面臨大選候選人資格正當性,對台灣2300萬人的民主、自由信念嚴肅考驗。
蕭美琴副總統候選人是否合中華民國總統、副總統忠誠條款,可能有,但無事實,更無證明,即無證據。蕭清芬是蕭美琴的監護人,我們是民主或專政,在於是否依法行政,因此蕭爸爸作了決定,讓蕭美琴選擇美國籍,中華民國不能拒絕此一事實,更無需提出偽證。
對於蕭",0,2,0,political,2024
164,lyf7xypt6jhr,2020-02-05 02:44:12.099000+00:00,TEXT,"轉貼

美国抗冠状病毒新藥-看北一女和台大傑出校友的楊博士扮演関鍵角色(!)

關於美國吉利德公司（Gilead Science)研發的抗病毒藥remdesivir（瑞德西韋）被美國科學家認為有望對冠狀病毒進行抑制，上海市公共衛生臨床中心專家盧洪洲教授表示，目前，專家們已寫好方案及申請，等待上級部門批准，同時與吉列德公司直接聯繫。從美國的研究來看，這一藥物的臨床療效立竿見影，基於以往remdesivir在MERS病毒治療領域亦有突出表現。一旦獲得上級批准，將加速引入該藥物，受益中國大陸病人。

Gilead公司這次開發出來的抗冠狀病毒新藥（瑞德西韋）給世界帶來了戰勝病毒的希望。 該公司主持研發工作的是一名來自台灣的傑出女性，Dr. Taiyin Yang ，台灣北一女傑出校友，台灣大學化學系畢業。 不但專業出色，也是當年北一女樂隊隊長，到曰本代表表演，是個活躍人物。希望她這次能夠帶領她的公司團隊再接再厲，為人類作更多的貢獻。

https://www.gilead.com/about/leadership/senior-management/taiyin-yang",pGeoGXABd3n3h-WYDRsd,OPINIONATED,2020-02-06 08:40:08.732000+00:00,OPINIONATED,29.93239805555556,"轉貼

美国抗冠状病毒新藥-看北一女和台大傑出校友的楊博士扮演関鍵角色(!)

關於美國吉利德公司（Gilead Science)研發的抗病毒藥remdesivir（瑞德西韋）被美國科學家認為有望對冠狀病毒進行抑制，上海市公共衛生臨床中心專家盧洪洲教授表示，目前，專家們已寫好方案及申請，等待上級部門批准，同時與吉列德公司直接聯繫。從美國的研究來看，這一藥物的臨床療效立竿見影，基於以往remdesi",0,0,2,health,2020
165,193uc6rpxlsgp,2020-04-05 11:45:33.152000+00:00,TEXT,"任何人，在巴士、捷運、高鐵見到手上帶著這樣的手環，要小心遠離，那是要隔離14天的居家抗疫人仕，私自外出！！
小心保持距離，並通報！",wgz7SnEBrhVJn3LNQAxK,RUMOR,2020-04-05 15:35:12.201000+00:00,RUMOR,3.827513611111111,"任何人，在巴士、捷運、高鐵見到手上帶著這樣的手環，要小心遠離，那是要隔離14天的居家抗疫人仕，私自外出！！
小心保持距離，並通報！",0,0,0,other,2020
166,3vw0fyk2hmx4u,2020-01-31 04:07:23.862000+00:00,TEXT,Life:手套比口罩更重要！美国卫生专家撰文：如何预防“武汉”病毒感染,TGQb-m8Bd3n3h-WYn-fo,RUMOR,2020-01-31 05:38:32.039000+00:00,RUMOR,1.5189380555555554,Life:手套比口罩更重要！美国卫生专家撰文：如何预防“武汉”病毒感染,0,0,2,health,2020
167,3im5ggd1ok1f9,2023-12-11 15:01:06.913000+00:00,TEXT,"快刪！17款APP入侵「錢全竊光」　1200萬人下載過 | TVBS | LINE TODAY

https://liff.line.me/1454987169-1WAXAP3K/v2/article/LXLwVJG?utm_source=lineshare",JvZoXIwBAjOeMOkl3IM6,NOT_RUMOR,2023-12-12 05:03:45.210000+00:00,NOT_RUMOR,14.043971388888888,"快刪！17款APP入侵「錢全竊光」　1200萬人下載過 | TVBS | LINE TODAY

https://liff.line.me/1454987169-1WAXAP3K/v2/article/LXLwVJG?utm_source=lineshare",0,0,0,other,2024
168,1u61oew7vs5ir,2019-12-05 06:21:12.373000+00:00,TEXT,https://news.tvbs.com.tw/life/1244051,cFQ42W4BV0DITCqGpkEa,OPINIONATED,2019-12-06 03:19:58.742000+00:00,OPINIONATED,20.979546944444447,https://news.tvbs.com.tw/life/1244051,0,0,0,other,2020
169,fysbfxif0qhu,2020-01-26 06:01:49.775000+00:00,TEXT,"農曆新年是國人最重視的節日，2020是金鼠年，再度回到12生肖的起頭，想在大年初一旗開得勝，替自己討個好彩頭，傳統上許多習俗和禁忌不可不知。

禁忌1：不能叫別人名字催人起床

大年初一的上午千萬不要叫人姓名、催人起床，這樣表示對方整年度都要被人催促做事情。如果初一當天有行程，建議前一晚就設定好鬧鐘，自動自發起床。

禁忌2：早上不吃葷食、稀飯

大年初一忌殺生，不適宜吃葷食、宜吃素，台語有句俗諺「初一早吃菜，恰贏吃一年齋」。另外也不能吃稀飯，因為稀飯是以前窮人吃不起飯才吃，所以如果在大年初一吃稀飯，會導致貧窮一整年。

禁忌3：不能吃藥

踏入新年，除非生病非得要吃藥，一般的補品補藥最好不要吃，吃藥時還不能讓他人看見，並且要說是吃糖。

禁忌4：禁止睡午覺

如果新年第一天就大睡午覺，這樣會讓人一整年都變得懶散。民間相信如果這天男人睡午覺，田墘會崩；女人睡午覺，灶腳（廚房）會崩。另外也建議盡量不要宅在家，多和親友出門走走逛街。

禁忌5：忌洗頭、洗澡

初一早上忌洗澡和洗頭，才不會將財富與財運一起洗掉。

禁忌6：不能洗衣服

相傳正月初一、初二是水神的生日，所以不能在初一洗衣服。

禁忌7：嫁出去的女兒不能回娘家

早期農業社會認為嫁出去的女兒太早回娘家會把娘家吃窮，因此有女兒只能在初二或者初三回娘家的說法。不過現代社會較開放，只要家人間協調好，不管哪天回娘家或婆家，家人相聚才是最重要的。

禁忌8：不能使用刀類

有句俗諺「初一動了刀和剪，口舌是非全難免」，使用刀類有「凶」「破」不吉祥的意思，容易招致破財、口舌紛爭等。

禁忌9：不能打破東西

大年初一打破碗盤或玻璃製品，有「破財破運」的說法，如果不小心打破，第一時間要在心裡念「歲歲（碎碎）平安」，再用紅紙將碎片包起來，等到初五之後，再把垃圾丟掉。

禁忌10：禁止倒垃圾、不能掃地

初一到初四，垃圾為「財氣」，因此垃圾要留家中，千萬不可往屋外倒，另外也不能掃地，萬一非要打掃不可，也要從外往內掃，才不會把家裡的財富和福氣都掃走。

禁忌11：不能讓別人掏口袋

過年期間最好不要讓人從自己口袋掏出東西，否則一整年錢財都會被人家掏走。

禁忌12：不能口出惡言

新年要多說吉祥話，千萬不能口出惡言，髒話三字經更是要避免，父母也不可打罵小孩，另外也不要向人討債",TWNU4W8Bd3n3h-WYXWVU,RUMOR,2020-01-26 10:10:00.147000+00:00,RUMOR,4.136214444444445,"農曆新年是國人最重視的節日，2020是金鼠年，再度回到12生肖的起頭，想在大年初一旗開得勝，替自己討個好彩頭，傳統上許多習俗和禁忌不可不知。

禁忌1：不能叫別人名字催人起床

大年初一的上午千萬不要叫人姓名、催人起床，這樣表示對方整年度都要被人催促做事情。如果初一當天有行程，建議前一晚就設定好鬧鐘，自動自發起床。

禁忌2：早上不吃葷食、稀飯

大年初一忌殺生，不適宜吃葷食、宜吃素，台語有句俗諺",0,0,0,other,2020
170,3lxxetvjgttv8,2024-01-31 01:57:03.674000+00:00,TEXT,"斗南南飆廢地磅前廣場
國一南下246.7",pPe2co0BAjOeMOkl99bY,NOT_RUMOR,2024-02-04 06:03:30.136000+00:00,NOT_RUMOR,100.10735055555556,"斗南南飆廢地磅前廣場
國一南下246.7",0,0,0,other,2024
171,28exumgudz32b,2024-01-02 13:59:11.922000+00:00,TEXT,"從今天晚上凌晨12點開始一律不准在Line或臉書留言說要支持誰或者民調幾%
一律罰50萬中選會會嚴格執行
大家千萬不要以身試法，記得最後十天不要再討論政治
Line跟臉書都一樣喔，還有微信",rfdry4wBAjOeMOklNwj_,RUMOR,2024-01-02 18:24:10.751000+00:00,RUMOR,4.416341388888889,"從今天晚上凌晨12點開始一律不准在Line或臉書留言說要支持誰或者民調幾%
一律罰50萬中選會會嚴格執行
大家千萬不要以身試法，記得最後十天不要再討論政治
Line跟臉書都一樣喔，還有微信",0,0,0,other,2024
172,3g7hxf9j9ffkd,2024-03-11 01:20:03.605000+00:00,TEXT,"《神域：夢魘3D》火爆全球華語地區的東方玄幻修仙手遊
Android/IOS官網載點：https://t.365ego.com/Zd6ov1.html",OJw2WI4BBMtPEaE0MuqX,RUMOR,2024-03-19 19:35:30.709000+00:00,RUMOR,210.2575288888889,"《神域：夢魘3D》火爆全球華語地區的東方玄幻修仙手遊
Android/IOS官網載點：https://t.365ego.com/Zd6ov1.html",0,0,0,other,2024
173,1cd3evbruph8u,2024-03-29 03:40:25.356000+00:00,TEXT,"星巴克歡慶26周年，今明（28、29日）兩天推出快閃活動，只要身分證、健保卡、學生證或工作證等任何證件上面有2、6兩個數字，即可享特大杯飲料買1送1優惠。
今明兩天上午11點至晚上8點到全台星巴克，無論身分證、健保卡、學生證或工作證等任何證件，只要上面出現2、6兩個數字，購買2杯特大杯風味及冰熱一致的飲料，其中1杯由星巴克招待。",TBCmiI4B0DEb0v6c-_Sw,NOT_ARTICLE,2024-03-29 05:20:28.592000+00:00,NOT_ARTICLE,1.6675655555555555,"星巴克歡慶26周年，今明（28、29日）兩天推出快閃活動，只要身分證、健保卡、學生證或工作證等任何證件上面有2、6兩個數字，即可享特大杯飲料買1送1優惠。
今明兩天上午11點至晚上8點到全台星巴克，無論身分證、健保卡、學生證或工作證等任何證件，只要上面出現2、6兩個數字，購買2杯特大杯風味及冰熱一致的飲料，其中1杯由星巴克招待。",1,0,0,scam,2024
174,11jp3nhmp4ksv,2020-01-04 12:35:26.749000+00:00,TEXT,"12月15日被踢爆的新聞，今天黑鷹直昇機就出大事！

https://m.youtube.com/watch?feature=youtu.be&v=jPwTMKuRHr4",j1wlcW8Bd3n3h-WYhNR8,RUMOR,2020-01-04 15:21:21.787000+00:00,RUMOR,2.7652883333333333,"12月15日被踢爆的新聞，今天黑鷹直昇機就出大事！

https://m.youtube.com/watch?feature=youtu.be&v=jPwTMKuRHr4",0,0,0,other,2020
175,327s06hlavj50,2020-02-23 08:09:17.407000+00:00,TEXT,"(!)就是今天(!)
麥當勞限時回饋換好禮活動最後一天！還不手刀衝？(drop)

離你最近的麥當勞在這裡：
https://lin.ee/itldgwQ/hbtw

[金鼠招財限時回饋8%] 詳情：
https://lin.ee/9O58WYe/hbtw  

(heart)貼心小提醒：本活動詳情以LINE酷券活動頁及活動電子票券上載明為準。",G00fcXABKcLa7RPxyxtR,NOT_ARTICLE,2020-02-23 08:17:54+00:00,NOT_ARTICLE,0.1434980555555555,"(!)就是今天(!)
麥當勞限時回饋換好禮活動最後一天！還不手刀衝？(drop)

離你最近的麥當勞在這裡：
https://lin.ee/itldgwQ/hbtw

[金鼠招財限時回饋8%] 詳情：
https://lin.ee/9O58WYe/hbtw  

(heart)貼心小提醒：本活動詳情以LINE酷券活動頁及活動電子票券上載明為準。",1,0,0,scam,2020
176,3rakr8rdcsbjg,2020-04-04 08:03:58.362000+00:00,TEXT,日本醫生拍攝了個coronavirus的情況,2wzhSnEBrhVJn3LNQgpm,RUMOR,2020-04-05 15:06:48.803000+00:00,RUMOR,31.047344722222224,日本醫生拍攝了個coronavirus的情況,0,0,0,other,2020
177,3uiroy4ny4y1l,2024-04-09 06:32:08.161000+00:00,TEXT,"(warning)這是一個很重要的訊息(warning)

當你接到陌生電話，記住不要先出聲；

如果對方還是不出聲，就直接掛斷。

切記！切記！(聲音)(聲音)
因為AI正在收集你的聲音(死亡)",2WOM744BUCqzrknpoip7,RUMOR,2024-04-18 04:52:35.066000+00:00,RUMOR,214.34080694444447,"(warning)這是一個很重要的訊息(warning)

當你接到陌生電話，記住不要先出聲；

如果對方還是不出聲，就直接掛斷。

切記！切記！(聲音)(聲音)
因為AI正在收集你的聲音(死亡)",0,0,0,other,2024
178,3kc1ksfyopo6o,2019-11-06 12:58:48.147000+00:00,TEXT,帶眼鏡的是伯朗的爸爸，是提供轟趴服用毒品咖啡，危險 !注意！涉及販賣毒品罪及侵害商標權。,WUrNQW4BV0DITCqGOZYj,RUMOR,2019-11-06 17:39:58.882000+00:00,RUMOR,4.686315277777778,帶眼鏡的是伯朗的爸爸，是提供轟趴服用毒品咖啡，危險 !注意！涉及販賣毒品罪及侵害商標權。,0,0,0,other,2020
179,3g9dl7u4y2ejv,2024-02-19 13:17:52.788000+00:00,TEXT,"我需要幫助
徵人 徵人 徵人 
被動收入 當天領薪3000-8000
搜尋Line：093183",7Zrox40BBMtPEaE0w-Bf,RUMOR,2024-02-20 19:05:36.863000+00:00,RUMOR,29.79557638888889,"我需要幫助
徵人 徵人 徵人 
被動收入 當天領薪3000-8000
搜尋Line：093183",0,0,0,other,2024
180,1zz5g3v78z3co,2023-11-08 04:12:14.294000+00:00,TEXT,"好的 我現在教你下一步 如何開始完成平台審核拿到代工


1.因為平台領材料的人比較多 工廠生產慢  要等材料做好才能派發 名額也很緊張
所以需要做一下代工的審核工作哦 審核工作的內容是做單po圖
就是我給你賬號你幫我做單  po到群組就可以了
ps.
po圖是平台活動 有額外230獎勵 230是我 你每次幫忙工作我會給你100薪水   剛好也是用來做審核任務
      
2.有看到群裡po的圖嗎，那個就是蝦皮搶單的圖片，這是平台的另一個工作  我們手工材料也是平台派發               po圖在群裡會有額外230獎勵。我比較忙不想po圖  所以有招人幫我po圖  po完一次我會給你100薪水         我會給你平台的網址和賬號你只需要登入我給你的賬號去做就可以了     工作非常簡單差不多十分鐘就可以完成       


3.為什麼需要搶單呢  是因為要驗證一下你是否真的想做手工  願意花幾分鐘做完 說明你比較有耐心 這樣平台的材料發出去才會有更高的回收率       你做完就可以開始審核了   15個工作日會審核完成
看完瞭解了找我拿賬號
工作內容比較簡單 不需要費用 不需要資料    十分鐘左右就可以完成 這個工作一樣有薪水給到你  有瞭解了嗎


我會給你我的賬號 和平台做單網址 你登入網址去做單然後截圖 po到群組就可以完成審核 等待拿代工",hJv94Y0BBMtPEaE05Qxp,RUMOR,2024-02-25 20:38:49.447000+00:00,RUMOR,2632.443098055556,"好的 我現在教你下一步 如何開始完成平台審核拿到代工


1.因為平台領材料的人比較多 工廠生產慢  要等材料做好才能派發 名額也很緊張
所以需要做一下代工的審核工作哦 審核工作的內容是做單po圖
就是我給你賬號你幫我做單  po到群組就可以了
ps.
po圖是平台活動 有額外230獎勵 230是我 你每次幫忙工作我會給你100薪水   剛好也是用來做審核任務
      
2.有看到群裡po的圖",1,0,0,scam,2024
181,12hexp5qb2kzo,2020-04-07 09:30:52.885000+00:00,TEXT,https://www.facebook.com/366585567437682/posts/672870896809146/?d=n,cAxbVXEBrhVJn3LNqez3,NOT_RUMOR,2020-04-07 15:56:42.870000+00:00,NOT_RUMOR,6.430551388888889,https://www.facebook.com/366585567437682/posts/672870896809146/?d=n,0,0,0,other,2020
182,ao6bqrhx9ezu,2023-11-06 09:54:00.255000+00:00,TEXT,"經常在FB收到陌生發送訊息如下：

你好，加入社團後不可以打廣告喔，你能做到嗎？謝謝

哩賀，加入社團不能打廣告，你能做到嗎？谢谢

請問這是詐騙嗎？謝謝。",MpxLMo4BBMtPEaE031vm,RUMOR,2024-03-12 10:53:37.123000+00:00,RUMOR,3048.9935744444447,"經常在FB收到陌生發送訊息如下：

你好，加入社團後不可以打廣告喔，你能做到嗎？謝謝

哩賀，加入社團不能打廣告，你能做到嗎？谢谢

請問這是詐騙嗎？謝謝。",1,0,0,scam,2024
183,fycszn6fgu36,2023-11-26 10:59:32.121000+00:00,TEXT,"真實的往事
*****************
新黨主席：王建煊
新黨市長候選人： 
     （趙少康）
民國83年！趙少康代表新黨出來，競選台北市長乙職失敗後，因私吞了高達3億元的黨部競選結餘款，被主席王建煊強烈譴責之下，憤而宣佈退出新黨。王建煊明確地，指出該筆結餘款是由所有支持新黨的眾多選民們，所捐助當做競選費用的結餘款，故最終！該筆結餘款就應當要歸屬於黨部所有，而非歸屬私人所有。當趙少康依舊攜帶該筆餘款離開新黨後，王主席曾說出了一句話（骯髒人）終於離開新黨了，而王建煊先生是一位眾所皆知的（個性梗直，操守清廉型的人物），他也是ㄧ位篤信上帝的基督教信徒，相信他對趙少康個人的品德操守，有了很深刻地認知後，才給予了（ㄧ針見血）的清晰評定封號（骯髒人）。對以上事件！並非虛構或是誣衊的話題，而主要的見證人（王建煊先生）尚健在，可向他求證是否有此事件發生在新黨身上。
總之！ 侯友宜在選擇搭配的競選人物時，根本是自己事前太過無知輕忽此事。將來，也必定會帶來負面的效果。",PPb4HowBAjOeMOklYjqe,OPINIONATED,2023-11-30 06:44:03.868000+00:00,OPINIONATED,91.74215194444444,"真實的往事
*****************
新黨主席：王建煊
新黨市長候選人： 
     （趙少康）
民國83年！趙少康代表新黨出來，競選台北市長乙職失敗後，因私吞了高達3億元的黨部競選結餘款，被主席王建煊強烈譴責之下，憤而宣佈退出新黨。王建煊明確地，指出該筆結餘款是由所有支持新黨的眾多選民們，所捐助當做競選費用的結餘款，故最終！該筆結餘款就應當要歸屬於黨部所有，而非歸屬私人所有。當趙少康依",0,2,0,political,2024
184,167jl23l0bmmc,2023-11-16 11:35:57.232000+00:00,TEXT,"這是一份不到三分鐘就能完成的匿名問卷，你的貢獻會讓大家更了解台灣的資訊環境唷：）
希望有你的協助，Cofacts 真的假的 Billion 謝謝您。
問卷網址：https://forms.gle/RGMesWW8rD46E2HT6",7_U43YsBAjOeMOklfez4,NOT_ARTICLE,2023-11-17 12:19:08.920000+00:00,NOT_ARTICLE,24.71991333333333,"這是一份不到三分鐘就能完成的匿名問卷，你的貢獻會讓大家更了解台灣的資訊環境唷：）
希望有你的協助，Cofacts 真的假的 Billion 謝謝您。
問卷網址：https://forms.gle/RGMesWW8rD46E2HT6",0,0,0,other,2024
185,hlfvkn0s2auq,2023-12-03 15:49:34.516000+00:00,TEXT,"全台找作業人手
不影響正職  當天領薪
作業滿16天獎勵一部
iPhone15proMax
諮詢ID：93060333",6prox40BBMtPEaE0puAp,RUMOR,2024-02-20 19:05:29.383000+00:00,RUMOR,1899.265240833333,"全台找作業人手
不影響正職  當天領薪
作業滿16天獎勵一部
iPhone15proMax
諮詢ID：93060333",1,0,0,scam,2024
186,1k9362e24eml,2023-12-03 09:18:10.133000+00:00,TEXT,"毒薑黃是什麼？它竟讓南亞GDP掉9％、印度140萬人鉛中毒喪命 | 遠見雜誌 | LINE TODAY

https://liff.line.me/1454987169-1WAXAP3K/v2/article/BE0og8W?utm_source=lineshare",2PYIMIwBAjOeMOklmU7e,NOT_RUMOR,2023-12-03 14:15:19.261000+00:00,NOT_RUMOR,4.952535555555556,"毒薑黃是什麼？它竟讓南亞GDP掉9％、印度140萬人鉛中毒喪命 | 遠見雜誌 | LINE TODAY

https://liff.line.me/1454987169-1WAXAP3K/v2/article/BE0og8W?utm_source=lineshare",0,0,0,other,2024
187,sgds0v3mxf23,2023-10-29 23:43:13.251000+00:00,TEXT,"🛍Daiso百貨🛍
正：38,000 /月
兼：230-290 /時
詳情請洽
▷LlNE  : xjl75390
▷ https://line.me/ti/p/CcRC_OFUw7
歡迎待業、二度就業、家庭主婦加入",K_XvfosBAjOeMOkli3rh,RUMOR,2023-10-30 04:55:10.048000+00:00,RUMOR,5.199110277777778,"🛍Daiso百貨🛍
正：38,000 /月
兼：230-290 /時
詳情請洽
▷LlNE  : xjl75390
▷ https://line.me/ti/p/CcRC_OFUw7
歡迎待業、二度就業、家庭主婦加入",0,0,0,other,2024
188,3stqdfhxko4cw,2024-02-02 06:57:54.750000+00:00,TEXT,https://www.ganjingworld.com/zh-TW/video/1ggbv3bj4te6ypZ59ULkNlIC41n11c,Rvdiao0BAjOeMOklMs6x,NOT_RUMOR,2024-02-02 15:13:56.912000+00:00,NOT_RUMOR,8.267267222222221,https://www.ganjingworld.com/zh-TW/video/1ggbv3bj4te6ypZ59ULkNlIC41n11c,0,0,0,other,2024
189,3ry5rxuplenc7,2024-01-24 15:01:37.290000+00:00,TEXT,"要戒掉吃這些的習慣了。
兩大公司竟然做出黑心食品，太可惡了！",A_cxPI0BAjOeMOklTJuG,RUMOR,2024-01-24 15:58:00.325000+00:00,RUMOR,0.9397319444444444,"要戒掉吃這些的習慣了。
兩大公司竟然做出黑心食品，太可惡了！",0,0,1,health,2024
190,3mnmqe6sbh22e,2020-03-22 00:25:32.972000+00:00,TEXT,https://youtu.be/21sYRK-e_4k,1wYMAXEBrhVJn3LNIhNQ,RUMOR,2020-03-22 07:01:44.655000+00:00,RUMOR,6.603245277777778,https://youtu.be/21sYRK-e_4k,0,0,0,other,2020
191,3nd3svj77kcg3,2023-11-27 08:59:48.521000+00:00,TEXT,"包裝貼標人員 兼職可
食品分類包裝貼標以及分裝包裝分類
地點：桃園市八德區建國路386號
早班 9:00-17:00
晚班14:00-22:00
兼職pt1800-2200任選四小時
薪資：$33000（全勤2000）長期遲到者勿擾
兼職1h180
聯絡方式】:0932165300賴yoyo05331249吳小姐
同事好相處有責任感
週休二日,可彈性調班,見紅就休
工作簡單、無經驗、無學歷可
享有勞健保、加班費、三節獎金",E_dYQo0BAjOeMOklhqKd,RUMOR,2024-01-25 20:38:34.395000+00:00,RUMOR,1427.6460761111111,"包裝貼標人員 兼職可
食品分類包裝貼標以及分裝包裝分類
地點：桃園市八德區建國路386號
早班 9:00-17:00
晚班14:00-22:00
兼職pt1800-2200任選四小時
薪資：$33000（全勤2000）長期遲到者勿擾
兼職1h180
聯絡方式】:0932165300賴yoyo05331249吳小姐
同事好相處有責任感
週休二日,可彈性調班,見紅就休
工作簡單、無經驗、無學歷可
享有",2,0,1,scam,2024
192,1lnqu6sfbsokz,2023-11-20 14:22:43.441000+00:00,TEXT,"請先到平台   http://bubu68.com/  免費註冊一個平台賬號，安全綠色平台，請放心使用，註冊不需要個人資料，註冊好了發送平台賬號給我（不需要發密碼），註：（註冊好了請記住賬號密碼用於登錄）好了然後我去聯絡商家給你申請購物額度就可以開始任務了
",IvftKI0BAjOeMOklSIJr,RUMOR,2024-01-20 22:10:55.721000+00:00,RUMOR,1471.8034111111112,"請先到平台   http://bubu68.com/  免費註冊一個平台賬號，安全綠色平台，請放心使用，註冊不需要個人資料，註冊好了發送平台賬號給我（不需要發密碼），註：（註冊好了請記住賬號密碼用於登錄）好了然後我去聯絡商家給你申請購物額度就可以開始任務了
",3,0,0,scam,2024
193,3c5wjcysqby0t,2024-01-29 14:16:01.995000+00:00,TEXT,現在你的效果是直接上升到老師晉升主任的關鍵了，也是我的職業生涯最重要的一步，老師這一次為了晉升  也是付出了很多心血在裡面的   所以我不怕付出的  甚至是用自己的資金幫你墊付我也願意  你的情況我剛剛也跟教授和院長探討過了  其他的問題是沒有的  目前就是幫你解決好你的脂肪壓縮就可以,P_dZV40BAjOeMOklt7jl,RUMOR,2024-01-29 22:31:54.083000+00:00,RUMOR,8.264468888888889,現在你的效果是直接上升到老師晉升主任的關鍵了，也是我的職業生涯最重要的一步，老師這一次為了晉升  也是付出了很多心血在裡面的   所以我不怕付出的  甚至是用自己的資金幫你墊付我也願意  你的情況我剛剛也跟教授和院長探討過了  其他的問題是沒有的  目前就是幫你解決好你的脂肪壓縮就可以,0,0,0,other,2024
194,1nrrhx1cc3qpe,2019-12-28 16:23:54.026000+00:00,TEXT,"劉兆玄表態了 – 現在這個政府嚷我心寒!

總統大選選情緊繃，行政院前院長劉兆玄昨天表示，「我支持韓國瑜，雖然我不知道我算不算知識藍，我挺韓是因為現在這個政府令我心寒。」劉用「騙、貪、濫、汙、危」五個字形容蔡政府，他很擔憂如果讓這個政府再持續搞四年，他擔心台灣再也回不來了，這樣的執政者必須下台。

批蔡政府「騙貪濫汙危」
劉兆玄說，搞政治、搞選舉多少有騙術，但蔡政府無限上綱，先製造假新聞，透過「買」來的網路和媒體炒作，再做假民調，把對手陷在泥沼中打一陣；再換假議題，周而復始。各級政府、公營事業等專業主管被換成外行的肥貓，貪錢、護主、黑政敵，最不在行的就是專業，有人做網路打手；有人幾百萬帶著趴趴走，遺失在車廂裡，系統性貪腐更可怕，例如風電案要五毛給一塊的疑雲。

他也指出，五權憲法裡的公權力更被政府毫無顧忌私用，經過校園民主選出的大學校長，被動用行政、立法、監察、司法權阻擋一年多不能上任。以國安、中國介入為由恣意濫權，動用國家機器打壓異己，甚至不經討論要用多數暴力通過反滲透法，被指「戒嚴法」復辟。

此外，全台燃煤火力全開，人民被迫用肺發電，改善碳排放的指標全球墊底；官商合力將良田濕地變為種電光板，犧牲環保生態換來的電遠遠達不到規劃。口口聲聲最愛台灣的政黨，執政四年，空氣、土地都將不保，何等諷刺？蔡政府還以意識形態掛帥，以選票為其核心考量，製造仇中、反陸的政策，獲取政治利益，硬將台灣從兩岸和平交流，互榮互利的「曾經現況」破壞，把台灣帶向危境。

讚韓提出四個國家大方向
劉兆玄表示，他和韓國瑜不熟，韓也許有不少缺點，他也不知道韓是不是草包，但韓提出四個國家大方向：「捍衛中華民國、熱愛中華文化、堅持自由民主、莫忘世上苦人多」，讓他刮目相看，能提出攸關國家、民族、基本價值、庶民生計四大方向的領導者，有高度、格局，是見林不見樹的宏觀政治人物，在台灣這樣的政治環境尤其是個異數；若能知人善任，有可能帶領中華民國走出一條突破困局的道路。
",_FobUG8Bd3n3h-WYSLbt,OPINIONATED,2019-12-29 05:22:43.051000+00:00,OPINIONATED,12.980284722222224,"劉兆玄表態了 – 現在這個政府嚷我心寒!

總統大選選情緊繃，行政院前院長劉兆玄昨天表示，「我支持韓國瑜，雖然我不知道我算不算知識藍，我挺韓是因為現在這個政府令我心寒。」劉用「騙、貪、濫、汙、危」五個字形容蔡政府，他很擔憂如果讓這個政府再持續搞四年，他擔心台灣再也回不來了，這樣的執政者必須下台。

批蔡政府「騙貪濫汙危」
劉兆玄說，搞政治、搞選舉多少有騙術，但蔡政府無限上綱，先製造假新聞，透過「買",0,3,0,political,2020
195,28ajmlpafg8k0,2023-11-29 12:02:35.759000+00:00,TEXT,"跟你說明一下的工作內容哦
因為我們是幫百貨公司包裝
 第一次作業都是會先請司機配送1箱給你
依實際速度取決後續箱數 一箱工資2000
請你留下姓名連絡電話及地址
貨會在兩周內配送到你那邊 你可以等嘛?
一箱可以包裝200包一張可以包10張
切記不要折到哦
統一由司機配送以及收貨盤點交收薪資",t_Z-TowBAjOeMOklsnMd,RUMOR,2023-12-09 12:12:55.197000+00:00,RUMOR,240.1720661111111,"跟你說明一下的工作內容哦
因為我們是幫百貨公司包裝
 第一次作業都是會先請司機配送1箱給你
依實際速度取決後續箱數 一箱工資2000
請你留下姓名連絡電話及地址
貨會在兩周內配送到你那邊 你可以等嘛?
一箱可以包裝200包一張可以包10張
切記不要折到哦
統一由司機配送以及收貨盤點交收薪資",1,1,0,scam,2024
196,2ii4agav891rf,2023-10-29 12:26:09.775000+00:00,TEXT,"重磅發現—老年癡呆症是傳染病！ 
不用公筷，後果很嚴重！

  2019年7月16日 11:00 越來越多的臨床證據顯示老年癡呆症（Alzheimer）具有遠超出我們想像的傳染性。 

現在，科學家們發現牙齦卟啉單胞菌就是導致感染老年癡呆症的“罪魁禍首”之一。 

這種致病細菌來自於一個人們從沒想到過的地方：
牙齦疾病(Science Advances，23 Jan 2019:Vol.5,No.1,eaau3333)。 

美國加州的微生物學家Jan Potempa說，
他們在已逝的老年癡呆症患者的大腦中發現了牙齦卟啉單胞菌這種慢性牙周炎也稱為牙齦炎的病原體。 

在動物實驗中，這種病原體口腔感染的結果是細菌“侵入”大腦，
導致與老年癡呆症有關的β澱粉樣蛋白的增加。  

Stephen Dominy博士說：“之前研究表明，致病細菌與老年癡呆症的發展有關。

現在，我們第一次找到充分證據證明這種革蘭式陰性致病菌，
也就是牙齦卟啉單胞菌與 癡呆症發病的相關性。”另外，研究團隊還發現了患者大腦中由這種細菌分泌的被稱為牙齦蛋白酶的有毒酶，這種酶與兩種不同的癡呆症的標誌物tau蛋白及泛 激素有關。 

更引人注意的是，研究團隊在並未被診斷為阿爾茨海默的逝者大腦裡也發現了這些有毒的牙齦蛋白酶。 

這一發現很重要，因為雖然之前表明牙齦卟啉單胞菌與癡呆症有關，但並不能證明是牙齦病導致老年癡呆。 

研究人員說：“我們對人大腦中的牙齦蛋白酶抗原進行鑑定，
確認是大腦中牙齦卟啉單胞菌的感染引起癡呆症，而不是患有癡呆後口腔護理不善或癡呆症帶來的後果。 

這就能夠解釋為什麼中年人在認知能力下降之前就在大腦中發現牙齦蛋白酶。

”目前，用於治療阿爾茨海默的被稱為COR388的新藥已投入臨床。 

該藥能減少大腦中已被牙齦卟啉單胞菌感染的菌載量，同時也會減少β澱粉樣蛋白的產生及神經炎症反應。 

老年癡呆症研究方面的首席科學家David Reynolds說：“這是15年來癡呆症治療方面的突破。

”這個研究結果說明減少牙齦炎的複發可降低老年癡呆症的風險。 

美國牙周病專家 Salvatore發現不管牙菌斑清除得多徹底多頻繁,都不能阻止牙齦炎復發。 

預防和治療牙周病，有利於防治老年癡呆症。 保護好牙齒，清潔口腔，防止牙齦發炎對我們是多麼重要了。

所以牙膏非常重要唷！",ZPWQe4sBAjOeMOklrnbK,RUMOR,2023-10-29 13:12:41.416000+00:00,RUMOR,0.7754558333333333,"重磅發現—老年癡呆症是傳染病！ 
不用公筷，後果很嚴重！

  2019年7月16日 11:00 越來越多的臨床證據顯示老年癡呆症（Alzheimer）具有遠超出我們想像的傳染性。 

現在，科學家們發現牙齦卟啉單胞菌就是導致感染老年癡呆症的“罪魁禍首”之一。 

這種致病細菌來自於一個人們從沒想到過的地方：
牙齦疾病(Science Advances，23 Jan 2019:Vol.5,No.1",0,0,1,health,2024
197,19ft7zjoa8tm4,2023-12-07 13:24:01.934000+00:00,TEXT,"陳文茜敘述說臺灣瓦斯的儲存量只夠供應11天，這是事實嗎？
聽她這麼說很容易讓人產生恐懼！",3PbqSYwBAjOeMOklkm7y,RUMOR,2023-12-08 14:52:39.025000+00:00,RUMOR,25.476969722222226,"陳文茜敘述說臺灣瓦斯的儲存量只夠供應11天，這是事實嗎？
聽她這麼說很容易讓人產生恐懼！",0,0,0,other,2024
198,3o6rnom43i1ks,2024-03-07 11:42:03.785000+00:00,TEXT,"簡而言之，台灣洗腎病患世界第一，
原因是  夜市最多  超商最多  手搖飲最多，
三種食物為禍首
一，珍珠奶茶
二，日本拉麵
三，炸雞排",kpvgGI4BBMtPEaE0u_GO,OPINIONATED,2024-03-07 12:26:05.069000+00:00,OPINIONATED,0.7336900000000001,"簡而言之，台灣洗腎病患世界第一，
原因是  夜市最多  超商最多  手搖飲最多，
三種食物為禍首
一，珍珠奶茶
二，日本拉麵
三，炸雞排",0,0,0,other,2024
199,1khtiipfau1fe,2020-03-20 05:32:57.171000+00:00,TEXT,"今日(20)起，新北市醫院、護理之家禁止探病、陪病限1人，其他住宿型長照機構以視訊為原則(!)
(hospital)新北市所有53家醫院ㄧ般病房、142家護理之家全面禁止探病、陪病者限1人。
(hospital)加護病房需訂定探病時段，每次至多2人探病。
(hospital)新北住宿型安養、養護及長照機構共214家，以視訊探視為原則，如有特殊狀況需當面探視，則需於非照顧區之獨立且通風良好會客處，且探視時間限制在30分鐘內，減少長者感染。

三種場所都加強門禁管理，做好防疫措施，以降低感染風險(rock)",oQXf9nABrhVJn3LNfElJ,NOT_RUMOR,2020-03-20 07:36:46.407000+00:00,NOT_RUMOR,2.063676666666667,"今日(20)起，新北市醫院、護理之家禁止探病、陪病限1人，其他住宿型長照機構以視訊為原則(!)
(hospital)新北市所有53家醫院ㄧ般病房、142家護理之家全面禁止探病、陪病者限1人。
(hospital)加護病房需訂定探病時段，每次至多2人探病。
(hospital)新北住宿型安養、養護及長照機構共214家，以視訊探視為原則，如有特殊狀況需當面探視，則需於非照顧區之獨立且通風良好會客處，且",0,0,1,health,2020
200,1qrbn4gqsvlt6,2020-01-02 13:31:12.025000+00:00,TEXT,https://www.google.com.tw/amp/s/udn.com/news/amp/story/7266/4263648?espv=1,HFx3Zm8Bd3n3h-WYRjbv,OPINIONATED,2020-01-02 13:34:50.606000+00:00,OPINIONATED,0.0607169444444444,https://www.google.com.tw/amp/s/udn.com/news/amp/story/7266/4263648?espv=1,0,0,0,other,2020
201,19hwa1h9d1hhg,2020-01-12 01:46:24.749000+00:00,TEXT,臺灣選舉是每人都領取三張選票：總統、立委、不分區立委政黨票；所以一張總統票配一張政黨票，為什麼票開出來總統票會比政黨票多了158萬張呢？,Ll-hl28Bd3n3h-WY7CgS,OPINIONATED,2020-01-12 02:42:48.977000+00:00,OPINIONATED,0.9400633333333334,臺灣選舉是每人都領取三張選票：總統、立委、不分區立委政黨票；所以一張總統票配一張政黨票，為什麼票開出來總統票會比政黨票多了158萬張呢？,1,3,0,political,2020
202,2rnbhrhl9g6xy,2024-04-03 08:37:29.633000+00:00,TEXT,"龜山島龜首「又崩了」　賞鯨船遊客驚險直擊

宜蘭龜山島今天午間再度發生崩塌，不少落石順著山坡滾下，塵土飛揚。
有賞鯨船正好經過這，親眼目堵，不少遊客都相當驚訝。由於近期宜蘭地區並沒有顯著的地震，因此研判應該是自然風化的現象。解說員也說，龜山島的龜首大部分是火山碎屑岩，長期風化後就容易發生崩塌現象。                           這是2023.07. 02的新聞",pxFmo44B0DEb0v6cDhu_,RUMOR,2024-04-03 09:59:18.462000+00:00,RUMOR,1.3635636111111111,"龜山島龜首「又崩了」　賞鯨船遊客驚險直擊

宜蘭龜山島今天午間再度發生崩塌，不少落石順著山坡滾下，塵土飛揚。
有賞鯨船正好經過這，親眼目堵，不少遊客都相當驚訝。由於近期宜蘭地區並沒有顯著的地震，因此研判應該是自然風化的現象。解說員也說，龜山島的龜首大部分是火山碎屑岩，長期風化後就容易發生崩塌現象。                           這是2023.07. 02的新聞",0,0,0,other,2024
203,2iqwc7l475x,2019-12-12 00:49:55.570000+00:00,TEXT,花蓮玉里有大量蚯蚓出現，和9.21一樣地震前兆，是否地震再度發生，請大家多注意防範。,-lYr-G4BV0DITCqGOCvA,RUMOR,2019-12-12 03:33:32.472000+00:00,RUMOR,2.726917222222222,花蓮玉里有大量蚯蚓出現，和9.21一樣地震前兆，是否地震再度發生，請大家多注意防範。,0,0,0,other,2020
204,1pisk92ar760g,2024-03-13 09:25:35.745000+00:00,TEXT,"蘇丹紅食安風暴持續擴大，腎臟科醫師江守山批不肖業者太缺德，指文獻中曾有7名工人接觸蘇丹紅，得了膀胱癌，另蘇丹紅也被發現會誘發氣喘，但蘇丹紅加入食物，很難被查覺，建議民眾多喝水外，晚上睡覺環境盡量漆黑，多吃香蕉、橘子、鳳梨等色胺酸食物，以分泌能保護腎臟的褪黑激素，加強排毒。江守山上節目健康2.0時指出，蘇丹紅是一種工業用色素，在國際癌症研究署 （IARC）的分類，算是第3級的致癌物質，第1級是有確切人體致癌證據，第3級是指人體確鑿致癌證據，有些東西是因毒性低被列第3級，但也有一些是因發展出來，就被發現毒性很高，沒辦法做人體試驗，所以列第 3級。

江守山說，有關蘇丹紅，曾有文獻提到，有7名工人使用蘇丹紅偵測金屬裂縫，結果罹患膀胱癌，另外蘇丹紅也被發現確定會引起二型職業型氣喘。

江守山說，蘇丹紅著色性好，不易脫色，摸也不會褪色，味道淡，加到麻辣鍋裡根本吃不出來，民眾如果吃了進去，只能期待腎臟幫助排毒。

要怎麼保護腎臟、加強排毒呢？江守山說，建議做到兩件事2，一是多喝水，二是多讓身體分泌能保護腎臟的褪黑激素。

江守山說，沒有水腎臟就沒辦法排毒，且沒水尿液濃度就會高，會傷害腎臟小管的內皮，造成腎臟永久傷害，所以水要喝夠，男生建議一天喝3000C.C，女生建議喝2500C.C，保護腎臟，也比較不會感染。

江守山說，褪黑激素也有護腎的功用，褪黑激素對所有抗癌藥的腎毒性，止痛藥乙醯胺酚腎毒性都有保護作用，要如何讓褪黑激素多分泌？建議做到以下3點。1、白天多看天空，晚上褪黑激素量會更多。2、晚上睡覺環境盡量漆黑，睡前不要接觸手機藍光。3、攝取色胺酸食物，包括香蕉、橘子、鳳梨等。",iJy4PY4BBMtPEaE0iov2,RUMOR,2024-03-14 16:08:08.175000+00:00,RUMOR,30.70900833333333,蘇丹紅食安風暴持續擴大，腎臟科醫師江守山批不肖業者太缺德，指文獻中曾有7名工人接觸蘇丹紅，得了膀胱癌，另蘇丹紅也被發現會誘發氣喘，但蘇丹紅加入食物，很難被查覺，建議民眾多喝水外，晚上睡覺環境盡量漆黑，多吃香蕉、橘子、鳳梨等色胺酸食物，以分泌能保護腎臟的褪黑激素，加強排毒。江守山上節目健康2.0時指出，蘇丹紅是一種工業用色素，在國際癌症研究署 （IARC）的分類，算是第3級的致癌物質，第1級是有確切,0,0,4,health,2024
205,1y91ejat4c0ln,2023-12-16 08:37:44.514000+00:00,TEXT,"大陸近日舉行了實戰火力打擊演習!  西方情報分析評論: 這次演習打破了過去所有世界戰爭演習記錄，飽合火力攻擊下將無人能生存!
(台灣人如果看到這段視頻，將會無語!  台灣會有任何生存下來的機會嗎？真的能跟大陸打仗嗎？)",rvZreIwBAjOeMOkliKX9,RUMOR,2023-12-17 15:36:02.557000+00:00,RUMOR,30.97167861111112,"大陸近日舉行了實戰火力打擊演習!  西方情報分析評論: 這次演習打破了過去所有世界戰爭演習記錄，飽合火力攻擊下將無人能生存!
(台灣人如果看到這段視頻，將會無語!  台灣會有任何生存下來的機會嗎？真的能跟大陸打仗嗎？)",0,0,0,other,2024
206,zxp99sw96fp1,2020-01-30 08:17:39.331000+00:00,TEXT,林園有三位從武漢回國的人，目前檢查沒有感染，由於潛伏期14天，所以有先請他們居家隔離別亂跑，外出戴口罩！一位再區公所上班的長輩，從政府那收到的消息！轉給各位得知,_WSm9m8Bd3n3h-WYbrNF,RUMOR,2020-01-30 13:31:39.972000+00:00,RUMOR,5.233511388888889,林園有三位從武漢回國的人，目前檢查沒有感染，由於潛伏期14天，所以有先請他們居家隔離別亂跑，外出戴口罩！一位再區公所上班的長輩，從政府那收到的消息！轉給各位得知,0,0,1,health,2020
207,g9868gw816r,2024-01-04 11:21:13.639000+00:00,TEXT,請看此視頻，民進黨居然提名如此男人- 妖孽 林世偉，出來選立委! 且公然在大眾面前，作出違法不堪動作!(!)(!) 人妖若當選，台灣成人妖之國了！(!),S_cS14wBAjOeMOkl2xeQ,RUMOR,2024-01-05 00:43:06.512000+00:00,RUMOR,13.364686944444443,請看此視頻，民進黨居然提名如此男人- 妖孽 林世偉，出來選立委! 且公然在大眾面前，作出違法不堪動作!(!)(!) 人妖若當選，台灣成人妖之國了！(!),0,2,0,political,2024
208,15xhza2ktz32u,2023-12-25 07:56:04.151000+00:00,TEXT,"王惠珀感懷隨筆》中間選民與兩大黨及電視傳媒的對決
2023-12-22 06:30:00

但丁地獄篇：地獄最黑暗的地方，保留給那些在道德存亡之際袖手旁觀的人。
 
作者/王惠珀
 
《前言》
十二月天，街上生氣盎然，年輕人正擺出宋江陣，聽柯文哲笑傲江湖，叫版「義無反顧拚一次」。電視機前，藍、綠人等盯著過氣名嘴，張牙舞爪在罵柯文哲，還有趙少康在招安現代宋江。
 
孤臣孽子與藍、綠順民正在街上較勁，客廳的傳統電視與手上的自媒體正在對決。一個台灣譜出兩個世界，真是精采。
 
這故事源自意識形態。當人泡在醬缸三十年，不變成色盲也難。當電視蠱惑人心三十年，社會不產生矛盾也難。當人心墮落到極致，民主台灣不出現2.0版水滸傳，更難。
 
我不看電視，忙著寫回憶錄。其中一章《我與我爸的共同記憶》緬懷父親，避不開綠色文革帶給我父女的矛盾。於是寫下醬缸如何扭曲台灣價值，如何作賤台灣人的善良。這是控訴也是反思，不寫下來，是罪過。
　
《綠色神話》
我畢業後去了密西根大學，學會思想解放才有真正的自由，做自己就要破除封建思想，在那裏，做了不敢讓我爸知道的事(民主運動…)。
 
回台後(1984)，我只入綠色公門，擔任衛生署藥政處長(2002~2005)。在那裏，上面的黑手伸進來干預攸關人命的藥政，我的理想破滅了。
 
其一，行政院的政策「亞洲臨床試驗中心」，要推動臨床試驗產業化。政府可以拿人民的身體拚經濟？我得捍衛人權，堅持專業，一直在逆勢把關。
 

臨床試驗首重用藥安全，捍衛人權，因為看不見的危險最危險。
 
其二，該政策成為立法委員干預藥政，施壓加速新藥審查以及公開審查委員名單的濫觴。
 
當時新潮流立委接力為海喬公司進口精神科用藥案施壓，纏了我三年。經驗告訴我，立法干預行政，是在破壞民主制度的制約平衡(check and balance) ，所以我堅持審查的程序正義(SOP)，拒絕介入個案。賴清德委員於是在預算審查時使出殺手鐧，凍結藥政處30%的預算(8000萬)。
 
藥政處每年通過的新藥案約70~100件，我們不曾怠惰。海喬案在我離開時，還是沒有通過。
 
其三，我們核准的試驗案死了一個嬰兒。二個月大的嬰兒怎麼會參加試驗？我要釐清哪一個環節違背了SOP。長官不准我調查，而我不想吃案，於是下令停止試驗(怕受試者涉險)，等待司法究責。署長要將我調離藥政處，改派到非洲馬拉威醫療團。我當即辭職回家。
 
外子說：「你擋綠色執政做壞事，擋了三年，應該欣慰。回家，我來養妳。」二個月後，衛生署通過可執行臨床試驗的機構，從19家醫學中心擴張到127家醫院。
 
夠清楚了，綠色執政政治正確一切正確。到了2021年，總統的手伸進來，限期啟用還在臨床二期的高端疫苗，醫師賴清德未先期制止，在總統開打該疫苗時，伸出手臂做了最壞的示範。於是，80萬年輕人成了讓股民發國難財的白老鼠。
 
《踐踏百姓靈魂的媒體》
家父極為善良，是個凡事先自省的人。當報紙頭版頭寫著「游揆震怒…..王惠珀是國家發展生技的阻礙者…」時，他真的相信女兒對不起國家。
 

那一天，我把委屈一股腦兒抖出來:「你女兒懷著理想回國，放棄美國籍進綠色公門，卻發現這個政府連二個月的嬰兒都要欺負。你女兒為了替孩子討公道，正在官場被一群豺狼吞噬，你報紙要倒著看啦！」
 
父親委屈的說: 「我不看自由時報，就沒有朋友了，那怎麼辦？」
 
那一天我哭了，為老爸活在綠色牢籠，靈魂被踐踏而哭。我還是買自由時報讓他度過美好的每一天，心裡則在吶喊，去他的民進黨，去他的三民自…。
 
《藍色神話》
2023年的今天，中間選民的我在心裡吶喊，去他的三民自、去他的東森關鍵、去他的少康戰情室…。
 
五月中國民黨總統初選，玩掉一個郭台銘，中間選民的區塊跟著增胖。八月「在野大聯盟」起風了，柯文哲沒有忘記交好在野的郭台銘，國民黨卻昧著民意，以「藍白合」先玩掛科學民調，再以大欺小逼退柯文哲，被英雄黃珊珊擋了下來。
 
趙少康接著跳出來罵人：「柯文哲….要有自己的主見，不要被底下人左右…。賴皮….要以大局為重…勸柯就讓了吧！」本該捍衛第四權的媒體大咖，在媒體上做了反民主的最壞示範。國民黨順勢逼第一名讓位給第二名，導致協商破局，然後當起大哥，呼籲在野合作下架民進黨。
 
《水滸再現》
中間選民可不這麼想。
 
民進黨完全執政，導致台灣崩壞。國民黨總統、立委一鍋端，吃人夠夠。兩大黨輪流完全執政，明天會更好？
 
被壓迫的人沒有悲觀的權利，自己的未來自己救。孤臣孽子的水滸精神就在兩大黨吃相難看及墮落媒體的推波助瀾下，開始發酵，集結上街展民意了。
　
《結語》
奉勸年輕人，為自己活出尊嚴，要去投票。還要揪阿公阿嬤去投票，幫長輩把年輕找回來。奉勸老人家，看電視對身體不好，老嫗我二十年不看電視，不被凌遲，所以年輕如昔。

 王惠珀，台灣桃園人，台大藥學院學士、美國密西根大學藥學博士。曾任台大醫學院藥學院（系）教授及系主任、長庚大學醫學院天然藥物研究所創所所長、台北醫學大學藥學院長、行政院衛生署藥政處處長等職。專長涵蓋新藥設計開發及藥事管理。
其新藥研究曾獲十五國四十一項發明專利，及獲頒經濟部「國家發明獎」等多項發明與研究貢獻獎，並列名當代名人錄及國際年度專業人士。
王惠珀在藥政管理上致力於以智財權管理藥品之學名藥立法、推動優良藥品製造規範等，以及促成健保藥價「三同政策」。此外並曾開啟專業橋接庶民的「全民用藥教育」計畫、「人民的眼睛」計畫，蓄積藥師參與社區公共衛生及長期照護的能量，獲得行政院「參與及建立制度獎」、藥師典範獎。
其在《優傳媒》所撰專欄，榮獲第20屆卓越《新聞評論獎》。",0vfl64wBAjOeMOklqjJx,OPINIONATED,2024-01-09 01:45:46.353000+00:00,OPINIONATED,353.82838944444444,"王惠珀感懷隨筆》中間選民與兩大黨及電視傳媒的對決
2023-12-22 06:30:00

但丁地獄篇：地獄最黑暗的地方，保留給那些在道德存亡之際袖手旁觀的人。
 
作者/王惠珀
 
《前言》
十二月天，街上生氣盎然，年輕人正擺出宋江陣，聽柯文哲笑傲江湖，叫版「義無反顧拚一次」。電視機前，藍、綠人等盯著過氣名嘴，張牙舞爪在罵柯文哲，還有趙少康在招安現代宋江。
 
孤臣孽子與藍、綠順民正在街上較勁，",0,1,0,political,2024
209,7nd9cn9iqpmv,2023-11-14 12:54:46.167000+00:00,TEXT,"轉傳
《行李失蹤記》
10/24自亞城經洛杉磯返台，下華航飛機領行李時只領到一件，另一件遍尋不著，工作人員也找不到，我只好登記遺失。旁邊一位從Boston 轉Lax的同班飛機女士遺失2件行李，她告訴我上次回台也遺失一件，大概一周後找回。

因為是第一次使用，我突然想到在行李箱內放了一個追蹤器（AirTag), 打開一看，我的行李竟然流落在薩爾瓦多的國際機場，告知行李部人員，她回答「華航自己會找」，要我回家等通知。

第二天，行李部門的人以電話和電郵又仔細詢問我行李的尺寸、品牌、材質、顏色和任何特徵，以及行李內物品的詳細資料，並要了AirTag 的照片，如此連續問了三天一樣的問題，如訊問犯人般，是否有遺漏任何細節？事後才知任何的細節皆可幫助他們加速尋找失蹤行李。

一周內我的AirTag 一直停留在薩爾瓦多沒有移動，心想應該是追蹤器被丟在機場，行李已經被偷走了。中間華航持續和我聯絡，他們尋到任何遺失的行李，便以電郵要我確認。

11/7晚上，AirTag 突然顯示我的行李流浪到了哥倫比亞國際機場，我立刻電郵華航，11/8晚上，AirTag 顯示我的行李已回到洛杉磯國際機場，心想，感謝上蒼，我的行李周遊了3國之後，終於要回家了。

今天一早，華航打電話告知一件與我行李外觀十分類似的行李已送回桃園機場，請我以照片確認，我看後立刻回覆，這件就是我的行李。

並與承辦人員談失蹤原因，原來行李的2個把手都斷裂，綁在上面的行李條碼和手寫名條都丟失，他們透過國際行李遺失資料庫查找，才發現與我描述相仿的行李箱。

今天傍晚華航以宅配將行李送到新竹給我，迷航流浪了三周的行李終於回到我身邊。

此次學到教訓：
1. 行李箱一定要照相，連品牌一起照下來。
2. 行李條碼要照相。
3. 在行李箱上貼個貼紙（任何貼紙皆可），當所有識別資料都遺失，這個貼紙便成為唯一的識別証（華航教我的）。
4. 行李內一定要放AirTag。
",1fWO4YsBAjOeMOkl1_Em,OPINIONATED,2023-11-18 08:31:56.709000+00:00,OPINIONATED,91.619595,"轉傳
《行李失蹤記》
10/24自亞城經洛杉磯返台，下華航飛機領行李時只領到一件，另一件遍尋不著，工作人員也找不到，我只好登記遺失。旁邊一位從Boston 轉Lax的同班飛機女士遺失2件行李，她告訴我上次回台也遺失一件，大概一周後找回。

因為是第一次使用，我突然想到在行李箱內放了一個追蹤器（AirTag), 打開一看，我的行李竟然流落在薩爾瓦多的國際機場，告知行李部人員，她回答「華航自己會找」，",0,0,0,other,2024
210,2d1l2ayc5txve,2019-12-27 00:14:25.131000+00:00,TEXT,"邱毅真厲害，可以拿到空心菜和卡神楊惠如的簽約合約。

原來楊惠如的網軍直接隸屬""""空心菜""'管!原來柯P,賴清德,....都是空心菜下的棋，卡神操刀...連合約都被邱毅挖出來了。

https://www.youtube.com/watch?v=gtUEpd0xslM",0FooRW8Bd3n3h-WYIA_E,RUMOR,2019-12-27 02:20:55.363000+00:00,RUMOR,2.108397777777778,"邱毅真厲害，可以拿到空心菜和卡神楊惠如的簽約合約。

原來楊惠如的網軍直接隸屬""""空心菜""'管!原來柯P,賴清德,....都是空心菜下的棋，卡神操刀...連合約都被邱毅挖出來了。

https://www.youtube.com/watch?v=gtUEpd0xslM",0,1,0,political,2020
211,2ikcio4wm6fqc,2023-10-20 09:16:19.302000+00:00,TEXT,感謝您參加富邦Open Possible聯名卡問卷調查活動，獲得統一超商100元虛擬商品卡，本券無效期，請開啟下方完整券樣（密碼9033）領取票券。https://txp.rs/v/AGyP1azngR3,qHKiyZABd3gcY0LpEk0Y,RUMOR,2024-07-19 06:16:00.279000+00:00,RUMOR,6548.994715833333,感謝您參加富邦Open Possible聯名卡問卷調查活動，獲得統一超商100元虛擬商品卡，本券無效期，請開啟下方完整券樣（密碼9033）領取票券。https://txp.rs/v/AGyP1azngR3,3,1,0,scam,2024
212,uwmb4fbawwrn,2020-03-25 13:21:05.036000+00:00,TEXT,https://www.ecoast.com.tw/world/4733-%E5%8D%81%E8%90%AC%E5%A1%8A%E7%9A%84%E8%9A%B5%E4%BB%94%E7%85%8E%EF%BC%81%E5%8F%88%E6%9C%89%E5%B1%85%E5%AE%B6%E6%AA%A2%E7%96%AB%E5%95%AA%E5%95%AA%E9%80%A0,9wdJEnEBrhVJn3LNpIAv,NOT_RUMOR,2020-03-25 15:22:28.269000+00:00,NOT_RUMOR,2.0231202777777777,https://www.ecoast.com.tw/world/4733-%E5%8D%81%E8%90%AC%E5%A1%8A%E7%9A%84%E8%9A%B5%E4%BB%94%E7%85%8E%EF%BC%81%E5%8F%88%E6%9C%89%E5%B1%85%E5%AE%B6%E6%AA%A2%E7%96%AB%E5%95%AA%E5%95%AA%E9%80%A0,0,0,0,other,2020
213,wrqc4x3dbpvf,2024-01-01 04:34:52.017000+00:00,TEXT,https://youtu.be/ths8N-Yfp-w?si=i-3xZef0r8WHfTXA,6vaSxIwBAjOeMOkljf-L,RUMOR,2024-01-01 10:29:48.043000+00:00,RUMOR,5.915562777777779,https://youtu.be/ths8N-Yfp-w?si=i-3xZef0r8WHfTXA,0,0,0,other,2024
214,2gf2gnpu4ee9v,2020-03-21 15:57:21.497000+00:00,TEXT,"旅遊同業貼文:
事實台灣將會大爆發疫情已經無法避免了,目前皆是境外移人
案例,所以自20日起已經是100%的人八境皆會收到需要居家檢
疫14天通知單,或者是居家隔離14天者,人境的人不能搭乘大
眾運輸系統.所以只能親友自行開車接送,或搭乘防疫計程車,
防疫租賃車,比方100個人境,大約20個親友載,20個搭乘防疫
專車,剎餘的就是我們這些黑戶在載了,原本規定是防疫專車
只能載人境的居家隔離者,居家檢疫者,點對點,中間不能停
其他公眾區域,但是進入休息區,根本也沒人通報,司機也沒
人在報,甚至用載一般車子載台灣正常沒出國的人後,又去機
場載人境100%的居家檢疫者後,又去載一般人,如此重複,按
規定人境者只能搭乘防疫專車需登錄在案追蹤的車輛才行,但
是某台灣最大車公司卻強迫不是防疫車的車輛與登錄司機去接
機場人境人士,假裝成親友,但我們根本不是親友,這樣不就
是大漏洞,按照道理應該是派防疫專車也只能載居家檢疫者不
能再載其他人了,但是我們卻重複交叉傳播,這樣根本就是防
疫大漏洞,互相傳播,打給防疫中心也不修補漏洞,放任黑車
到處散饰病毒,已經跟1922說這是超級大漏洞,也是沒辦法,
繼續放任病毒傳播車全台散布,所以台灣大流行是不可避免,
因為有無數的人境居家隔離者被非登陸追蹤的防疫專車載人全
台灣,也用一般車載到需要隔離檢疫者,司機回家一樣沒隔
離,照樣趴趴走,問過機場防疫中心,他們說防疫專車司機完
成任務後需要居家隔離14天,但是我們都沒有,記者趕緊來報
導全台灣最大車隊就是最大散布病毒的,有正義感司機跟公司
反應,公司主管都不反應,還職場霸凌司機,當全台灣各企業
都在防疫,全台最大車行却互相交叉傳播病毒到全台灣,天家",uwZaBnEBrhVJn3LNoXxp,RUMOR,2020-03-23 07:45:35.080000+00:00,RUMOR,39.80377305555556,"旅遊同業貼文:
事實台灣將會大爆發疫情已經無法避免了,目前皆是境外移人
案例,所以自20日起已經是100%的人八境皆會收到需要居家檢
疫14天通知單,或者是居家隔離14天者,人境的人不能搭乘大
眾運輸系統.所以只能親友自行開車接送,或搭乘防疫計程車,
防疫租賃車,比方100個人境,大約20個親友載,20個搭乘防疫
專車,剎餘的就是我們這些黑戶在載了,原本規定是防疫專車
只能載人境的居家隔離者,居家",0,0,0,other,2020
215,3hao0zktpjns2,2020-02-07 07:48:10.870000+00:00,TEXT,醫生說口罩用過可以用熨斗燙或吹風機吹，這樣就可以重複使用，這次的病毒不耐熱,m2czH3ABd3n3h-WYx4mc,RUMOR,2020-02-07 10:30:52.059000+00:00,RUMOR,2.711441388888889,醫生說口罩用過可以用熨斗燙或吹風機吹，這樣就可以重複使用，這次的病毒不耐熱,0,0,1,health,2020
216,3i30isn3g0gcz,2019-12-17 05:26:41.280000+00:00,TEXT,https://youtu.be/lO_NN5DHcqY,-1hlMm8Bd3n3h-WYmudU,NOT_ARTICLE,2019-12-23 10:55:17.074000+00:00,NOT_ARTICLE,149.47660944444445,https://youtu.be/lO_NN5DHcqY,0,0,0,other,2020
217,23sh5ujci9ejc,2024-01-25 14:26:43.608000+00:00,TEXT,台灣也在進入再生能源的軌道了  現在環保意識很重,n_czQo0BAjOeMOkln6FW,RUMOR,2024-01-25 19:58:15.892000+00:00,RUMOR,5.525634444444444,台灣也在進入再生能源的軌道了  現在環保意識很重,0,0,0,other,2024
218,1f3g9rfehjq8u,2020-01-17 01:34:16.217000+00:00,TEXT,大陸武漢肺炎爆發夫妻均感染個案，首度證實出現人傳人個案。振興醫院呼吸治療科主任陶啟偉則憂心，該病潛伏期時沒有症狀，民眾入境後沒有通報，恐成防疫漏洞，建議台商春節勿返台。,Z2C8sW8Bd3n3h-WYcLRt,OPINIONATED,2020-01-17 04:21:54.413000+00:00,OPINIONATED,2.793943333333333,大陸武漢肺炎爆發夫妻均感染個案，首度證實出現人傳人個案。振興醫院呼吸治療科主任陶啟偉則憂心，該病潛伏期時沒有症狀，民眾入境後沒有通報，恐成防疫漏洞，建議台商春節勿返台。,0,0,4,health,2020
219,3grvlnv6t2v2s,2019-11-24 11:36:14.147000+00:00,TEXT,https://www.google.com.tw/amp/s/www.marieclaire.com.tw/celebrity/news/A46321,4VQB4W4BV0DITCqGMsQm,NOT_RUMOR,2019-12-07 15:36:22.308000+00:00,NOT_RUMOR,316.00226694444444,https://www.google.com.tw/amp/s/www.marieclaire.com.tw/celebrity/news/A46321,0,0,0,other,2020
220,221s5jaen7ahg,2020-02-07 12:59:24.945000+00:00,TEXT,"⚠️國家發布緊急通知，請1月31日6:00至17:30去過九份、十分、信義區101大樓、忠孝復興、國父紀念館、台北車站、台大醫院、西門町、中正紀念堂等地的民眾，請自主管理健康狀況至2月14日，留意有沒有發燒等呼吸道症狀，如果有不舒服一定要去看醫生，有任何疫情相關通報都能撥打1922疫情指揮中心。

防疫人人有責，請廣為分享！
詳細地點請見：https://niusne.ws/9ol0a
＃基隆廟口 ＃基隆外木山 ＃九份 ＃自由廣場 ＃忠孝復興捷運站 ＃台北101 #西門町",qGe-H3ABd3n3h-WYaZrB,NOT_RUMOR,2020-02-07 13:02:17.536000+00:00,NOT_RUMOR,0.0479419444444444,"⚠️國家發布緊急通知，請1月31日6:00至17:30去過九份、十分、信義區101大樓、忠孝復興、國父紀念館、台北車站、台大醫院、西門町、中正紀念堂等地的民眾，請自主管理健康狀況至2月14日，留意有沒有發燒等呼吸道症狀，如果有不舒服一定要去看醫生，有任何疫情相關通報都能撥打1922疫情指揮中心。

防疫人人有責，請廣為分享！
詳細地點請見：https://niusne.ws/9ol0a
＃基隆廟口",0,0,2,health,2020
221,2dmzgmuzn32uy,2023-12-06 11:13:19.145000+00:00,TEXT,北一女中 區桂芝老師，在112.12.4，星期一，在立法院中興大樓發表一篇振聾發聵，擲地有聲，批判108年 去中國化課綱的佳作，奇文共欣賞，感恩。,tvYNQ4wBAjOeMOklMWU3,OPINIONATED,2023-12-07 06:53:07.254000+00:00,OPINIONATED,19.66336361111111,北一女中 區桂芝老師，在112.12.4，星期一，在立法院中興大樓發表一篇振聾發聵，擲地有聲，批判108年 去中國化課綱的佳作，奇文共欣賞，感恩。,0,1,0,political,2024
222,q5itw7rdwziu,2024-01-29 13:49:59.684000+00:00,TEXT,如24小時內沒有要處理的意思，我這邊會直接採取措施提起告訴，須知。,QfdaV40BAjOeMOklyLg3,RUMOR,2024-01-29 22:33:03.799000+00:00,RUMOR,8.717809722222222,如24小時內沒有要處理的意思，我這邊會直接採取措施提起告訴，須知。,0,0,0,other,2024
223,1rwcalpv9z89u,2024-04-03 11:51:41.479000+00:00,TEXT,"包含電視傾倒家具損失都有額度的理賠，請拍照準備送件❤️
敬祝一切平安🤝

https://www.ntbna.gov.tw/multiplehtml/9188c0e8c00648b08b9f624da012ff74#gsc.tab=0",WBGtqY4B0DEb0v6cGyWX,RUMOR,2024-04-04 15:14:38.102000+00:00,RUMOR,27.38239527777778,"包含電視傾倒家具損失都有額度的理賠，請拍照準備送件❤️
敬祝一切平安🤝

https://www.ntbna.gov.tw/multiplehtml/9188c0e8c00648b08b9f624da012ff74#gsc.tab=0",0,0,0,other,2024
224,g4vjv1aw0ve1,2020-03-17 08:13:23.473000+00:00,TEXT,"南京如何能做到連續23天新冠確診人數為零？看這位日本記錄片導演制作的影片就可了解。

在這個世界上，應該只有中國能貫徹這樣的效率，這也是中國另一種國力的顯現：

https://youtu.be/YfsdJGj3-jM",rAQC7HABrhVJn3LNjlYa,OPINIONATED,2020-03-18 04:59:15.353000+00:00,OPINIONATED,20.764411111111112,"南京如何能做到連續23天新冠確診人數為零？看這位日本記錄片導演制作的影片就可了解。

在這個世界上，應該只有中國能貫徹這樣的效率，這也是中國另一種國力的顯現：

https://youtu.be/YfsdJGj3-jM",0,1,1,political,2020
225,ojdov0xq1ecr,2024-03-24 11:07:42.075000+00:00,TEXT,https://v7k9.com/,uxBEfY4B0DEb0v6cceIX,NOT_ARTICLE,2024-03-27 00:17:01.204000+00:00,NOT_ARTICLE,61.155313611111104,https://v7k9.com/,0,0,0,other,2024
226,1bgiqjgcsw4r0,2024-01-06 18:53:40.935000+00:00,TEXT,寶貝物流那邊說，因為LV錢包是貴重物品，要收取保值費和海關稅費，因為我是港幣誇鏡貨幣不同，需要收物流稅，寶貝到時付下運費就可以啦,hfihnI0BAjOeMOklpR8m,RUMOR,2024-02-12 09:24:15.781000+00:00,RUMOR,878.5096794444444,寶貝物流那邊說，因為LV錢包是貴重物品，要收取保值費和海關稅費，因為我是港幣誇鏡貨幣不同，需要收物流稅，寶貝到時付下運費就可以啦,0,0,0,other,2024
227,3d80i5po7872h,2020-01-04 07:03:39.245000+00:00,TEXT,"  邀請你拿LINE POINT 10點!

邀請5位好友且成功加入者，即可獲得10點😉每人限參加一次喔~ 👉🏼立即加入 https://maac.io/16h06 ",GFzAcG8Bd3n3h-WY8M3c,RUMOR,2020-01-04 13:31:30.395000+00:00,RUMOR,6.464208333333334,"  邀請你拿LINE POINT 10點!

邀請5位好友且成功加入者，即可獲得10點😉每人限參加一次喔~ 👉🏼立即加入 https://maac.io/16h06 ",0,0,0,other,2020
228,3sqyszbak3ndf,2019-12-13 11:23:54.999000+00:00,TEXT,"高雄，水渠通了💧

585公里下水道大體檢，對症下藥，修復破損箱涵、改善易淹水區域，打通淤積瓶頸段，前十月清淤量達95.5萬噸，大勝去年一倍🏆",yVaGE28Bd3n3h-WYvPHY,OPINIONATED,2019-12-17 11:03:14.903000+00:00,OPINIONATED,95.65552888888888,"高雄，水渠通了💧

585公里下水道大體檢，對症下藥，修復破損箱涵、改善易淹水區域，打通淤積瓶頸段，前十月清淤量達95.5萬噸，大勝去年一倍🏆",0,0,0,other,2020
229,2utuv3n09bovy,2024-03-28 14:25:00.306000+00:00,TEXT,"https://short2tradingnow.xyz/share/0FoQ2T
這是公開性的平台 薪資會在這裡計算",pug-PpUBYrjt7MSM3SQP,RUMOR,2025-02-25 17:54:22.094000+00:00,RUMOR,8019.489385555556,"https://short2tradingnow.xyz/share/0FoQ2T
這是公開性的平台 薪資會在這裡計算",1,0,0,scam,2024
230,1hrbzekr8a1y0,2019-11-11 02:00:20.783000+00:00,TEXT,https://youtu.be/su4ZLcsUiOo,pFZM_24BV0DITCqGUqol,OPINIONATED,2019-12-13 12:47:02.166000+00:00,OPINIONATED,778.7781619444444,https://youtu.be/su4ZLcsUiOo,0,0,0,other,2020
231,256p45h0xg065,2020-01-28 09:07:59.299000+00:00,TEXT,"    ⭐(1)月(2)(8)日⭐
 免費貼圖十點可下載 
       (敗圖群分享)
「LINE旅遊 × Liz妹の貼圖畫廊」
https://line.me/S/sticker/16615",VmNp628Bd3n3h-WY2Pz3,NOT_ARTICLE,2020-01-28 09:09:40.213000+00:00,NOT_ARTICLE,0.0280316666666666,"    ⭐(1)月(2)(8)日⭐
 免費貼圖十點可下載 
       (敗圖群分享)
「LINE旅遊 × Liz妹の貼圖畫廊」
https://line.me/S/sticker/16615",1,0,0,scam,2020
232,2cjf4quj9exr8,2024-04-10 00:18:56.542000+00:00,TEXT,【台新銀行】親愛的用戶您好，由於安全系統維護，將暫時限制您信用卡/金融卡，請您儘速驗證恢復使用權 https://taixxik.top,smMWBY8BUCqzrknpo0qf,NOT_ARTICLE,2024-04-22 09:15:20.861000+00:00,NOT_ARTICLE,296.9400886111111,【台新銀行】親愛的用戶您好，由於安全系統維護，將暫時限制您信用卡/金融卡，請您儘速驗證恢復使用權 https://taixxik.top,3,0,0,scam,2024
233,2si05z7kyo6a8,2020-03-17 15:18:59.910000+00:00,TEXT,新冠病毒停留在喉部4天，用鹽水跟醋漱口可以殺病毒,ogRl6XABrhVJn3LNeyi6,RUMOR,2020-03-17 16:48:27.064000+00:00,RUMOR,1.4908761111111113,新冠病毒停留在喉部4天，用鹽水跟醋漱口可以殺病毒,0,0,2,health,2020
234,171zeagjkk908,2023-12-14 14:30:02.706000+00:00,TEXT,"國民黨疑蕭美琴「密會」戰爭白手套...賴競總回「是一般聚會」、烏龍爆料又一樁：藍選情告急還會抹黑一個月

https://ynews.page.link/tFHmn",k_ZWbYwBAjOeMOklUpgA,OPINIONATED,2023-12-15 11:57:02.848000+00:00,OPINIONATED,21.45003944444445,"國民黨疑蕭美琴「密會」戰爭白手套...賴競總回「是一般聚會」、烏龍爆料又一樁：藍選情告急還會抹黑一個月

https://ynews.page.link/tFHmn",0,1,0,political,2024
235,302x28dxwlltt,2020-02-17 08:48:41.922000+00:00,TEXT,"不織布同業公會的專業說明,截錄重點如下:
1.用加熱(例:微波爐)來消毒口罩,會讓口罩的靜電過濾
效率降低
2.酒精是口罩/靜電棉的天敵,千萬不可將酒精噴在口
罩上。醫務人員,尤其應該注意。
3.一般如不在高危環境下工作的人,一片一次性的口罩
用個3-5天,是沒有什麼問題的·防疫物資要留給最需
要的人。
請大家多分享這種專業資訊呀~
不线布
窗
nonwoven.org.tw
臺灣區不織布工業同業公會",vkcKVHABHjv_5zI2ZTvx,OPINIONATED,2020-02-17 16:45:32.528000+00:00,OPINIONATED,7.947390555555556,"不織布同業公會的專業說明,截錄重點如下:
1.用加熱(例:微波爐)來消毒口罩,會讓口罩的靜電過濾
效率降低
2.酒精是口罩/靜電棉的天敵,千萬不可將酒精噴在口
罩上。醫務人員,尤其應該注意。
3.一般如不在高危環境下工作的人,一片一次性的口罩
用個3-5天,是沒有什麼問題的·防疫物資要留給最需
要的人。
請大家多分享這種專業資訊呀~
不线布
窗
nonwoven.org.tw
臺灣區不織布工業同業",0,0,0,other,2020
236,v1abimnj6eah,2019-10-23 16:22:13.615000+00:00,TEXT,發給朋友，小孩聽力可達15000左右，老年人6000-10000左右，也有早聋的僅僅3000左右。看看你是多少？,j0U0-m0BV0DITCqG0exi,RUMOR,2019-10-23 20:00:28.513000+00:00,RUMOR,3.6374716666666655,發給朋友，小孩聽力可達15000左右，老年人6000-10000左右，也有早聋的僅僅3000左右。看看你是多少？,0,0,0,other,2020
237,1mjz0jlfpmgxe,2023-11-10 10:33:37.970000+00:00,TEXT,"中醫師建議：
No1.【養護套】主針對調腎臟，排毒祛濕，養睪益氣，腎陽腎陰虧虛，提高性功能，保養腎臟，預防腎臟受損，2罐120丸，限時優惠價1699元NT$

No2.【霸王套】強效調腎臟，養腎固睪，養護睪丸，針對早洩（秒射），硬度不足（軟趴趴），中途疲軟，腰膝酸軟，尿頻尿急，失眠多夢，盜汗症狀，4罐240丸，限時優惠價3198元NT$

No3.【猛虎套】陽痿（不舉），早洩（1分鐘內射精），攝護腺肥大，腎虧虛，陰莖短小，睪丸大小不一，射精無力，全身疲憊乏力，6罐360丸，限時優惠價4697元NT$

No4.【頂•盛龍套】萎靡不振，性慾低下,陽痿不舉，遺精早洩，不孕不育，精子量少，攝護腺炎癥，陰莖繫帶撕裂傷，龜頭軟弱無力，陰莖彎曲，小便刺痛，夜尿多，尿分叉，泡沫多，虛汗多，腰酸背痛，腎結石後遺症，糖尿病腎虧，8罐480丸，限時優惠價6196元NT$",rvdVWI0BAjOeMOklLrkF,RUMOR,2024-01-30 03:06:33.860000+00:00,RUMOR,1936.548858333333,"中醫師建議：
No1.【養護套】主針對調腎臟，排毒祛濕，養睪益氣，腎陽腎陰虧虛，提高性功能，保養腎臟，預防腎臟受損，2罐120丸，限時優惠價1699元NT$

No2.【霸王套】強效調腎臟，養腎固睪，養護睪丸，針對早洩（秒射），硬度不足（軟趴趴），中途疲軟，腰膝酸軟，尿頻尿急，失眠多夢，盜汗症狀，4罐240丸，限時優惠價3198元NT$

No3.【猛虎套】陽痿（不舉），早洩（1分鐘內射精），攝護",1,0,1,scam,2024
238,2zjgjh7rwyktk,2019-11-06 13:49:17.107000+00:00,TEXT,https://mp.weixin.qq.com/s/z4g-OP3Vx9SMqc3wnGpwhw,ilYCC28Bd3n3h-WYxGJP,NOT_ARTICLE,2019-12-15 19:22:08.334000+00:00,NOT_ARTICLE,941.5475630555557,https://mp.weixin.qq.com/s/z4g-OP3Vx9SMqc3wnGpwhw,0,0,0,other,2020
239,3j3367wa6ck01,2019-12-01 18:47:51.930000+00:00,TEXT,"蔡正元給王立強的一封信 聲稱間諜鬧劇徹底落幕
https://udn.com/news/story/120838/4197935",JVkLPm8Bd3n3h-WYbKdv,RUMOR,2019-12-25 17:12:13.678000+00:00,RUMOR,574.4060411111111,"蔡正元給王立強的一封信 聲稱間諜鬧劇徹底落幕
https://udn.com/news/story/120838/4197935",0,0,0,other,2020
240,30bi8pq804o9l,2020-01-09 04:51:10.375000+00:00,TEXT,"北區+北屯區3號沈智慧支持盧秀燕市長撤照兩座中火燃煤機組許可證
因為PM2.5會傷害您及孩子的健康
台中肺腺癌死亡全台第一

全民通過公投「以核養綠」
但民進黨卻是「僅供參考」，還是強推非核家園
廢除核四浪費3300億元、燃煤代替核能又傷害您我的健康

如果民進黨繼續執政、如果民進黨再多一席立委
您及孩子的健康將沒有人保護

請堅定支持3號沈智慧
3號沈智慧誓言保護你的健康
票投3號沈智慧，為自己贏得一個健康的肺

1/11 北區+北屯區+請全力支持+務必出來投票給3號沈智慧

https://www.youtube.com/watch?v=VAItw3QsU00&feature=youtu.be",DV4KiW8Bd3n3h-WY2lBM,OPINIONATED,2020-01-09 06:43:07.466000+00:00,OPINIONATED,1.8658586111111115,"北區+北屯區3號沈智慧支持盧秀燕市長撤照兩座中火燃煤機組許可證
因為PM2.5會傷害您及孩子的健康
台中肺腺癌死亡全台第一

全民通過公投「以核養綠」
但民進黨卻是「僅供參考」，還是強推非核家園
廢除核四浪費3300億元、燃煤代替核能又傷害您我的健康

如果民進黨繼續執政、如果民進黨再多一席立委
您及孩子的健康將沒有人保護

請堅定支持3號沈智慧
3號沈智慧誓言保護你的健康
票投3號沈智慧，為自己",0,4,1,political,2020
241,uhk1u9b36gtt,2020-03-29 06:21:04.018000+00:00,TEXT,                                                                                                                                                                                                                                                                                                                                                                                                                                                                                                                                                                                                                                                                                                                                                                                                                                                                                                                                                                                                                                                                                                              以下簡要翻譯轉貼的約翰霍普金斯醫院的建議，僅供參考，請各位前輩自行判斷：心冠病毒不是生物，是中間的蛋白質＋外面的脂質。當人的眼睛、鼻腔、口腔黏膜細胞吸到它之後，基因被改變成侵略性，而繼續複製。既然病毒非活物，所以不是被殺死，是衰變。   病毒脫離的時間與它所在的物質的溫度、濕度、材料有關。病毒非常脆弱，只要可以破壞其外層的脂質，就有效。因此，肥皂和清潔劑是最佳的建議，因為形成的泡破會將其脂質分解，病毒裡面的蛋白質也就分解了。（1）.熱會溶解脂質：用攝氏25度C以上的水來洗手、衣服和所有的東西；熱水會讓泡沫變多，病毒脂質更多被分解。（2）.任何含65％以上的酒精會溶解脂質。李斯德霖溯口水有效，因為含有65％的酒精。（3）.漂白水1：5直接溶解病毒裡面的蛋白質。（4）.過氧化的水有幫助，但也會傷到人的皮膚。（5）.任何抗生素或殺菌藥劑無效。（6）.不要搖穿過或未穿過的衣物物件等，病毒在有微細小洞的表面，會降低活性、容易脫離：纖維物三小時，銅和木頭四小時，紙板24小時，金屬42小時，塑膠72小時。但若搖晃或使用雞毛撢子清理的話，病毒分子會在空氣中漂浮到3小時，就可能被人的鼻子吸入。（7）.適合病毒穩定的環境，是冷、濕、、暗和人造的像是室內或車內的冷氣。因此建議，除濕、乾燥、溫暖、明亮的環境會讓病毒加快分解。越密閉的空間，病毒濃度越高。紫外線會分解病毒（但小心也會分解皮膚的膠原蛋白），口罩可以重複使用。（8）. 病毒無法穿越健康的皮膚。醋在此沒有用處，因為無法分解脂質。（9）在觸摸東西前後洗手，加強手部乾燥的滋潤，因為病毒可以藏在乾裂縫處。指甲剪短，才不會藏病毒。,4AmXL3EBrhVJn3LNF9ZP,RUMOR,2020-03-31 07:56:03.277000+00:00,RUMOR,49.5831275,                                                                                                                                                                                                        ,0,0,0,other,2020
242,1gh23d3cniryv,2020-03-17 15:14:13.421000+00:00,TEXT,"重磅舉措：國際貨幣基金組織與世界銀行切斷中共“一帶一路”所有項目信貸
https://gnews.org/zh-hant/141106/",0QQU7nABrhVJn3LNEZCX,NOT_RUMOR,2020-03-18 14:37:37.557000+00:00,NOT_RUMOR,23.390037777777778,"重磅舉措：國際貨幣基金組織與世界銀行切斷中共“一帶一路”所有項目信貸
https://gnews.org/zh-hant/141106/",1,1,0,scam,2020
243,37xqaxa81tcm5,2023-12-03 07:25:08.597000+00:00,TEXT,"邱彰fb(~)

國際最大的笑話——台灣要選美國人做副總統了！        作者：邱彰

真相曝光了！！蕭美琴沒有台灣護照，只有美國護照，所以她不是台灣人，是美國人。

任何拿美國護照的人，都要宣誓效忠美國，那她憑什麼資格選台灣副總統？

她若想當台灣副總統，就要宣誓效忠台灣，也就是說，她必須背棄她當年效忠美國的宣誓，以便競選台灣副總統。如此一來，她的美國護照一定會被取消。

她的美國護照若不被取消，我也會第一個站出來，向美國政府檢舉蕭美琴違背她當初入籍美國的諾言，她沒資格再當美國人！

一直以來，台灣在國際社會上，只是半個國家，只有23個非洲窮國，為了要錢，暫時承認我們的國格。因此民進黨自李登輝以降，每每會在選舉時，都會以「台灣獨立」作為政見，勇氣可嘉。

但當這群民進黨人拿到政權以後，就開始玩金權、假學歷的遊戲了，在貪污的領域裡衝鋒陷陣，對台灣獲取獨立國格的事，一字不提！

今天蕭美琴說，一般人都不能理解她的立場，笑死人，我的理解是她過去一直都是美國人，以後也是，有什麼不能理解的？

可憐的台灣人，竟然有美國人做立委、做外交部長，現在還要做副總統呢？

令人震驚的是，幾十年來，台灣中選會、外交部、總統府，一直在配合著她說謊。這是不是瀆職？
　　
在台灣，沒有任何人高於法律，台灣沒有蕭美琴也會活得很好！所以請蕭美琴立刻棄選，回美國去吧！",v_Z6L4wBAjOeMOklCU2e,RUMOR,2023-12-03 11:39:36.222000+00:00,RUMOR,4.241006944444444,"邱彰fb(~)

國際最大的笑話——台灣要選美國人做副總統了！        作者：邱彰

真相曝光了！！蕭美琴沒有台灣護照，只有美國護照，所以她不是台灣人，是美國人。

任何拿美國護照的人，都要宣誓效忠美國，那她憑什麼資格選台灣副總統？

她若想當台灣副總統，就要宣誓效忠台灣，也就是說，她必須背棄她當年效忠美國的宣誓，以便競選台灣副總統。如此一來，她的美國護照一定會被取消。

她的美國護照若不被",0,1,0,political,2024
244,2o2cgknxllz33,2020-02-28 02:54:34.664000+00:00,TEXT,香蕉要從尾巴開始吃比較不會傷筋骨,n4Q9i3ABWiTSPYAZA4b_,OPINIONATED,2020-02-28 09:59:56.669000+00:00,OPINIONATED,7.089445833333333,香蕉要從尾巴開始吃比較不會傷筋骨,0,0,0,other,2020
245,23f1qd2iwh6gu,2020-03-03 12:50:44.329000+00:00,TEXT,"《風傳媒》「居家檢疫者自機場返家交通方案」4日起實施　違者最高恐罰100萬

https://www.storm.mg/article/2357941",nIZ0oHABWiTSPYAZCwhQ,NOT_RUMOR,2020-03-03 12:52:04.558000+00:00,NOT_RUMOR,0.0222858333333333,"《風傳媒》「居家檢疫者自機場返家交通方案」4日起實施　違者最高恐罰100萬

https://www.storm.mg/article/2357941",0,0,0,other,2020
246,3swx98khvoaed,2024-03-05 01:54:20.522000+00:00,TEXT,Helle您好！我是您的專屬媒合助理Allen～很高興為您服務！,pmTSg48BUCqzrknpLg7A,RUMOR,2024-05-16 23:52:20.925000+00:00,RUMOR,1749.966778611111,Helle您好！我是您的專屬媒合助理Allen～很高興為您服務！,0,0,0,other,2024
247,1ktjo86t1wrnd,2019-12-19 13:03:58.854000+00:00,TEXT,https://mp.weixin.qq.com/s?__biz=MzA4OTY5NjI2Mw%3D%3D&mid=2247484622&idx=1&sn=f86176fd0cd506faa7c7dfc0631c4bae,WFkSPm8Bd3n3h-WY0Kf1,RUMOR,2019-12-25 17:20:18.164000+00:00,RUMOR,148.27203055555557,https://mp.weixin.qq.com/s?__biz=MzA4OTY5NjI2Mw%3D%3D&mid=2247484622&idx=1&sn=f86176fd0cd506faa7c7dfc0631c4bae,0,0,0,other,2020
248,26kjfypo2dik0,2023-12-02 16:55:29.642000+00:00,TEXT,就是幫商家提升商品的銷量和曝光率啦，是在亞馬遜國際平台接單提交然後本佣金立返的，差不多一個單就是幾十秒的事情，商品虛擬發貨的,XvcGKY0BAjOeMOklU4Ji,RUMOR,2024-01-20 22:38:16.929000+00:00,RUMOR,1181.7131352777776,就是幫商家提升商品的銷量和曝光率啦，是在亞馬遜國際平台接單提交然後本佣金立返的，差不多一個單就是幾十秒的事情，商品虛擬發貨的,0,0,0,other,2024
249,2vaan8otgulan,2020-03-16 05:09:19.381000+00:00,TEXT,韩国的医疗团队在救治新冠肺炎的患者中异军突起，他们用氯喹二磷酸盐+锌（chloroquine diphosphate salt + zinc ）的组合疗法成功抑制或阻断了新冠病毒酶，大大降低了患者的死亡率。对，每天给患者滴注500 mg氯喹+锌，大约10天即可令患者转危为安，进入康复阶段。目前，韩国在抗击新冠病毒方面已然是交出了一份靓丽的成绩单，尽管累计确诊7979例，但是死亡的人数仅仅才75例，是的，你没听错，就是75例。此外，韩国自疫情爆发以来，他们举国上下齐心协力“抗疫”，既分工。。。。。。。,kwOA43ABrhVJn3LNR64c,OPINIONATED,2020-03-16 13:19:59.770000+00:00,OPINIONATED,8.177885833333333,韩国的医疗团队在救治新冠肺炎的患者中异军突起，他们用氯喹二磷酸盐+锌（chloroquine diphosphate salt + zinc ）的组合疗法成功抑制或阻断了新冠病毒酶，大大降低了患者的死亡率。对，每天给患者滴注500 mg氯喹+锌，大约10天即可令患者转危为安，进入康复阶段。目前，韩国在抗击新冠病毒方面已然是交出了一份靓丽的成绩单，尽管累计确诊7979例，但是死亡的人数仅仅才75例，,0,0,3,health,2020
250,1x9krk4jk0z84,2019-11-22 15:26:58.595000+00:00,TEXT,"愛車借給親友酒駕…有事！車主採連坐罰與酒駕同責
https://www.ettoday.net/news/20191105/1572631.htm",91H-pm4BV0DITCqGFALs,NOT_RUMOR,2019-11-26 09:14:59.691000+00:00,NOT_RUMOR,89.80030444444445,"愛車借給親友酒駕…有事！車主採連坐罰與酒駕同責
https://www.ettoday.net/news/20191105/1572631.htm",0,0,0,other,2020
251,2a89hzopto6dz,2023-11-24 14:40:22.186000+00:00,TEXT,哈摟～我是小編Amy很高興你來詢問街景外派，這邊想先詢問你是否有汽車駕照 ( 自排OR手排 ) ？,HfaDAowBAjOeMOklIxgN,RUMOR,2023-11-24 18:06:37.835000+00:00,RUMOR,3.437680277777777,哈摟～我是小編Amy很高興你來詢問街景外派，這邊想先詢問你是否有汽車駕照 ( 自排OR手排 ) ？,0,0,0,other,2024
252,1avensgvgz1ns,2023-12-12 04:45:30.096000+00:00,TEXT,"提款卡·卡費一張9-12萬 （一張卡片每天額外補貼1000-5000）每家銀行約定不一樣，薪水也會不同。
不需要你卡裡面有錢，有錢你可取出或轉出。",d_aUXIwBAjOeMOklK4P-,RUMOR,2023-12-12 05:51:03.678000+00:00,RUMOR,1.0926616666666666,"提款卡·卡費一張9-12萬 （一張卡片每天額外補貼1000-5000）每家銀行約定不一樣，薪水也會不同。
不需要你卡裡面有錢，有錢你可取出或轉出。",4,0,0,scam,2024
253,2ct6u6xoo23kl,2019-10-23 22:32:21.255000+00:00,TEXT,"全世界最大的笑話.~
香港有法律管轄權.有法院.
港人殺死其女友.
香港法院就可自行判刑.
竟然，尊重犯人
的意願~到台湾投案？！
是玩真的？玩假的？
香港法院可關門了.",hkY3A24BV0DITCqGYoo4,RUMOR,2019-10-25 13:59:51.607000+00:00,RUMOR,39.45843111111112,"全世界最大的笑話.~
香港有法律管轄權.有法院.
港人殺死其女友.
香港法院就可自行判刑.
竟然，尊重犯人
的意願~到台湾投案？！
是玩真的？玩假的？
香港法院可關門了.",0,0,0,other,2020
254,271782il42luu,2023-11-21 08:21:57.871000+00:00,TEXT,母國都可以是日本了、有什麼好吵的、自在人心吧！,nffnFo0BAjOeMOklzGwd,RUMOR,2024-01-17 10:11:46.333000+00:00,RUMOR,1369.8301283333335,母國都可以是日本了、有什麼好吵的、自在人心吧！,0,0,0,other,2024
255,602203rrka7d,2020-02-16 12:18:10.236000+00:00,TEXT,"武漢肺炎驚傳國內首起死亡案例　指揮中心宣告出現社區感染 #LINETODAY

https://today.line.me/TW/article/rNmlq0?utm_source=lineshare",aUb8TXABHjv_5zI2Vsi4,NOT_ARTICLE,2020-02-16 12:32:27.831000+00:00,NOT_ARTICLE,0.2382208333333333,"武漢肺炎驚傳國內首起死亡案例　指揮中心宣告出現社區感染 #LINETODAY

https://today.line.me/TW/article/rNmlq0?utm_source=lineshare",0,0,2,health,2020
256,3tixzff5u4i8e,2020-02-28 00:48:22.646000+00:00,TEXT,https://opinion.cw.com.tw/blog/profile/403/article/9113?utm_source=fb_opinion&utm_medium=social&utm_campaign=fb_opinion-social-daily,84QejHABWiTSPYAZ8pof,NOT_RUMOR,2020-02-28 14:06:43.229000+00:00,NOT_RUMOR,13.3057175,https://opinion.cw.com.tw/blog/profile/403/article/9113?utm_source=fb_opinion&utm_medium=social&utm_campaign=fb_opinion-social-daily,0,0,0,other,2020
257,1785fuu7b4l9t,2024-01-14 12:04:01.405000+00:00,TEXT,https://youtu.be/KNk77wYmoBk?si=7rX-ha7V4RLvPK65,8prjz40BBMtPEaE08u69,RUMOR,2024-02-22 08:17:19.032000+00:00,RUMOR,932.2215630555556,https://youtu.be/KNk77wYmoBk?si=7rX-ha7V4RLvPK65,0,0,0,other,2024
258,d9v72sd4hdas,2024-03-26 14:49:09.531000+00:00,TEXT,因為案件是涉及到境外資金流水 ，所以我們的追回方式比較特殊，但是每位受害者的追回金額都跟相關部門備案過，追回方式和追回的資金都是安全有保障的，具體方案我們IT技術員那邊會跟您講解，您只要配合技術員的追回方案操作就好了,5No1848B1_U4kWSQHsnm,RUMOR,2024-06-07 14:58:15.909000+00:00,RUMOR,1752.1517716666665,因為案件是涉及到境外資金流水 ，所以我們的追回方式比較特殊，但是每位受害者的追回金額都跟相關部門備案過，追回方式和追回的資金都是安全有保障的，具體方案我們IT技術員那邊會跟您講解，您只要配合技術員的追回方案操作就好了,0,0,0,other,2024
259,17f8nu6aks3oc,2023-10-31 13:43:33.317000+00:00,TEXT,"李克強總理兒子為父親守靈的祈禱讓人淚奔:
        爸爸:一別巳無再見，三生有幸做你的兒子，我們父子相聚四十四載，我雙膝跪地送你迴歸蒼茫大地，目之所及，皆是回憶:心之所想，皆是過往；眼之所看，皆是遺憾。來日並不方長，一別再無歸期，人走生老三千疾，唯有思念不可醫，從此相見夢裡邊，你長眠，兒長念。願天堂一地安好！願來世我們還能相見，繼續做你的兒子，你就出一趟遠門，遠到我要過完這一生才能相見。
        今生緣絕於此，來世再續父子情！ 
       親愛的父親一路走好！",aPVki4sBAjOeMOklFYlK,RUMOR,2023-11-01 14:57:53.992000+00:00,RUMOR,25.23907638888889,"李克強總理兒子為父親守靈的祈禱讓人淚奔:
        爸爸:一別巳無再見，三生有幸做你的兒子，我們父子相聚四十四載，我雙膝跪地送你迴歸蒼茫大地，目之所及，皆是回憶:心之所想，皆是過往；眼之所看，皆是遺憾。來日並不方長，一別再無歸期，人走生老三千疾，唯有思念不可醫，從此相見夢裡邊，你長眠，兒長念。願天堂一地安好！願來世我們還能相見，繼續做你的兒子，你就出一趟遠門，遠到我要過完這一生才能相見。
 ",0,0,0,other,2024
260,1sv4h0htpces,2024-03-07 23:56:23.825000+00:00,TEXT,*避免在電源軌附近使用 BLOOT 耳機。此資訊非常重要。 如果您聽到了，請花點時間將此訊息發送給您經常玩耳機的兒子或女兒或兄弟姐妹，好嗎？ 尤其是搭乘電動火車的人..🙏🏻🙏🏻 當手機上的藍牙耳機🎧啟動時，就會有電流⚡⚡⚡從火車軌道上的高壓電纜傳來/感應，直接到達通過耳朵進入大腦.. ....接下來會發生什麼事？？？  *在電動火車車道附近行駛和站立時，避免在鐵路側月台上使用藍牙*⚠️📵,o5wKMI4BBMtPEaE01U4d,RUMOR,2024-03-12 00:23:20.093000+00:00,RUMOR,96.44896333333332,*避免在電源軌附近使用 BLOOT 耳機。此資訊非常重要。 如果您聽到了，請花點時間將此訊息發送給您經常玩耳機的兒子或女兒或兄弟姐妹，好嗎？ 尤其是搭乘電動火車的人..🙏🏻🙏🏻 當手機上的藍牙耳機🎧啟動時，就會有電流⚡⚡⚡從火車軌道上的高壓電纜傳來/感應，直接到達通過耳朵進入大腦.. ....接下來會發生什麼事？？？  *在電動火車車道附近行駛和站立時，避免在鐵路側月台上使用藍牙*⚠️📵,0,0,0,other,2024
261,3ihmp9b27ub8g,2020-03-24 19:56:06.489000+00:00,TEXT,"陸與港廣傳日日喝蔥鬚白/薑/蒜共熬的水（也是老祖宗智慧，*不可加蜂蜜）抗新冠肺炎，
另生化専家建議治療期多食維他命C與E",8gdzEXEBrhVJn3LNd2na,RUMOR,2020-03-25 11:28:32.217000+00:00,RUMOR,15.54048,"陸與港廣傳日日喝蔥鬚白/薑/蒜共熬的水（也是老祖宗智慧，*不可加蜂蜜）抗新冠肺炎，
另生化専家建議治療期多食維他命C與E",0,0,3,health,2020
262,kj7699clc66e,2020-02-03 12:39:04.302000+00:00,TEXT,https://m.youtube.com/watch?feature=youtu.be&v=0dtqL4vrY68,Mme5I3ABd3n3h-WYw95s,RUMOR,2020-02-08 07:35:41.675000+00:00,RUMOR,114.94371472222224,https://m.youtube.com/watch?feature=youtu.be&v=0dtqL4vrY68,0,0,0,other,2020
263,3rxv68t6l016m,2020-02-05 03:31:51.754000+00:00,TEXT,"加好友後，傳定位給他
會把你家附近可以領口罩的藥局都show出來",bmaEE3ABd3n3h-WYAKIl,NOT_RUMOR,2020-02-05 04:03:02.820000+00:00,NOT_RUMOR,0.5197405555555555,"加好友後，傳定位給他
會把你家附近可以領口罩的藥局都show出來",0,0,0,other,2020
264,2qtfs5s0qm8ov,2020-01-30 05:37:48.482000+00:00,TEXT,"网上一篇留言，我可是半信半疑，至于网友们信否就看大家了。

根本就係生化戰

轉載

我看到有人將中國人吃野味等同於招惹疫病，完全是邏輯思維的謬論。 中國人吃野味應該是歷史悠久了，世界上其他地方的東南亞、非洲和中南美洲都是在吃蛇蟲鼠和蝙蝠，所以請不要將不認同的吃文化説成是疾病的根源，我反而覺得有人將發生在我們的沙士和新型冠狀病毒以吃野味來使之合理化了。

任何傳染性疾病都是會有媒介，不過，這不是等同在動物的病毒可以跨物種傳給人類而又找不到該等動物發病，除非是有人將動物的冠狀病毒改變了其RNA使之可以進入人體。 這些年來除了提及的沙士和新型冠狀病毒之外，反常地有豬流感和禽流感都在中國發生，而且是可以傳人，在中東有“中東呼吸綜合症”。 我只知道在過去是同一物種可以互相感染但不會傳給不同的物種，貓得了感冒是不會傳給狗的。 造物主也有其天律，同一物種的精子和卵子可以結合繁衍後代，違背了天理就會夭折了。

關於廣州非典和武漢疫情的幾點思考：

1、如果這兩次疫情的病毒是來自於野生動物，那麼，為什麼常吃野生動物的農村地區沒有爆發過疫情？為什麼疫情總是爆發在廣州和武漢這樣的樞紐型城市而不是無關緊要的中小城市和縣城？那些把蝙蝠、蛇類等野生動物當作日常佳餚的落後國家和地區為什麼從來沒有爆發此類疫情？

2、如果說這種來自於野生動物的病毒源於自然界而不是人為製造，那麼，為什麼中國歷史上沒有出現過類似的致命的肺炎疫情？

3、為什麼總在呼吸領域這一最易於病毒傳播的領域不斷重復出現流行疫情？為什麼其它領域沒有出現類似的疫情？選擇人的呼吸系統製造病毒和疫情是否最有利於傳播並製造最大的殺傷力？

4、為什麼廣州和武漢的疫情只有黃種人受傳染並死亡，而其他人種卻安然無恙？廣州和武漢不缺外國人，香港和新加坡則外國人更多，這兩次來源不明的致命病毒只針對中國人種。各国都出现感染者。

就算其它國家都有些感染者但基本都是中國人或者華裔及亞裔。你見過白人或者黑人患者嗎？包括SARS那次，這種病毒是否過度聰明，彷彿掌握了中國人的基因並帶有某些人類的智商？中國的血液製品領域，美元資本不僅可以投資，而是可以控股。這在美國、俄羅斯和歐洲國家是難以想象的。美國政府是否同意中資企業在美國本土設立血液製品公司呢？有關政府部門是否在決定中國人種族存亡的生物製品領域和農業領域放的太開了而急需反思、重建長城呢？

5、為什麼至今為止仍然沒有科學家找到非典病毒和武漢肺炎病毒的確鑿無疑的自然界來源？如果這類病毒不是來自於自然界的上帝之手，那麼，它們來自於誰的黑手？

6、為什麼2003年非典事件和2020年武漢疫情都是在中國即將匯率改革和金融大開放前夕、美元資本需要打壓中國資產價格然後大舉建倉的前夜，突然在中國核心樞紐型城市而不是邊緣城鎮爆發一場足夠引發資本市場恐慌的公共安全危機？我們能不能這樣假設：如果2003年不啓動人民幣單邊升值的匯率改革，或者2019年不準備大幅開放資本市場並放開外資設立金融機構，美元資本無需通過製造公共安全事件打壓中國資產價格，那麼，2003年和2020年是不是就有可能不會爆發廣州的非典和武漢的疫情？

也許，生物學家永遠找不到廣州非典與武漢病毒的源頭，但華爾街的金融大佬和不學無術卻狡詐善變的特朗普總統卻可以找到。滿嘴跑火車的推特總統曾說過：中國武漢疫情盡在掌握中。這倒是一句大實話。

如果中國有關主導對外開放的部門不進行深刻反思，也許今後更大的疫情還將在中國最困難、美國最需要的時刻再次精准爆發。",NmR4-m8Bd3n3h-WYiO94,RUMOR,2020-01-31 07:20:00.887000+00:00,RUMOR,25.703445833333333,"网上一篇留言，我可是半信半疑，至于网友们信否就看大家了。

根本就係生化戰

轉載

我看到有人將中國人吃野味等同於招惹疫病，完全是邏輯思維的謬論。 中國人吃野味應該是歷史悠久了，世界上其他地方的東南亞、非洲和中南美洲都是在吃蛇蟲鼠和蝙蝠，所以請不要將不認同的吃文化説成是疾病的根源，我反而覺得有人將發生在我們的沙士和新型冠狀病毒以吃野味來使之合理化了。

任何傳染性疾病都是會有媒介，不過，這不是等",0,1,1,political,2020
265,2se1vztx09z59,2019-10-13 02:05:45.500000+00:00,TEXT,"區間測速啟用時程

新北萬里　台2　萬里隧道雙向　2018年7月起

新北新店　台9　北宜公路　19~23K　往宜蘭方向　2019年4月起

新北新店　台9　北宜公路　 19~23K　往台北方向　2019年4月起

台北中山　故宮路 北往南　自強隧道　2019年9月起

台北中山　北安路 東往西　自強隧道　2019年9月起

台北中山　北安路 南往北　自強隧道　2019年9月起

高雄鳥松　松藝路　仁武往鳥松　北往南　2019年11月起

高雄鳥松　松藝路　鳥松往仁武　南往北　2019年11月起

桃園新屋　台61北向　52.43K~47.15K　2019年9月起

桃園觀音　台61南向　47.25K~52.53K　2019年9月起
 
台中沙鹿　向上路六段往沙鹿交流道　0.8K　2019年底前
台中沙鹿　沙鹿交流道往沙鹿　0.8K　2019年底前

台中清水　台61南向　151K~157K　6K　2019年底前

台中龍井　台61北向　157K~151K　6K　2019年底前

台北大安　辛亥隧道 雙向　2019年底前
苗栗通霄　台61 通霄往白沙屯 11K　2019年底前

彰化鹿港　台61 鹿港往伸港 9K　2019年底前

台東達仁　台9 森永派出所至壽卡 8K 雙向　2019年底前

宜蘭蘇澳　台9 東澳隧道 3.3K 雙向　2019年底前

宜蘭南澳　台9 觀音隧道 7.9K 雙向　2019年底前

宜蘭南澳　台9 谷風隧道 4.7K 雙向　2019年底前

已經確定會裝設了。",Xd_Mx20BqwaEkHKwvG5v,NOT_RUMOR,2019-10-14 01:05:46.576000+00:00,NOT_RUMOR,23.00029888888889,"區間測速啟用時程

新北萬里　台2　萬里隧道雙向　2018年7月起

新北新店　台9　北宜公路　19~23K　往宜蘭方向　2019年4月起

新北新店　台9　北宜公路　 19~23K　往台北方向　2019年4月起

台北中山　故宮路 北往南　自強隧道　2019年9月起

台北中山　北安路 東往西　自強隧道　2019年9月起

台北中山　北安路 南往北　自強隧道　2019年9月起

高雄鳥松　松藝路",0,0,0,other,2020
266,eha14dcdd4be,2024-02-23 02:27:01.600000+00:00,TEXT,"東門城圓環，四週所有的道路，地上都用油漆寫上(停車再開），騎車或開車要進入圓環，一定要先暫停，腳點地，再繼續行騎，否則遇到科技執法，一定被拍照
一定要小心。",SJsf5o0BBMtPEaE0txTU,OPINIONATED,2024-02-26 15:54:14.868000+00:00,OPINIONATED,85.45368555555555,"東門城圓環，四週所有的道路，地上都用油漆寫上(停車再開），騎車或開車要進入圓環，一定要先暫停，腳點地，再繼續行騎，否則遇到科技執法，一定被拍照
一定要小心。",0,0,0,other,2024
267,1qpcw75lmtfwc,2023-12-07 13:20:46.915000+00:00,TEXT,https://youtu.be/7b6SX3ly00s?si=rahVTfNKHsn4B0sT,z_YCWowBAjOeMOkl-4DN,RUMOR,2023-12-11 17:53:14.188000+00:00,RUMOR,100.54090916666668,https://youtu.be/7b6SX3ly00s?si=rahVTfNKHsn4B0sT,0,0,0,other,2024
268,2zegga2102wrm,2020-02-06 13:45:24.691000+00:00,TEXT,https://youtu.be/nzyDykEju-M,kGePI3ABd3n3h-WYvNpX,NOT_ARTICLE,2020-02-08 06:49:47.350000+00:00,NOT_ARTICLE,41.07296083333334,https://youtu.be/nzyDykEju-M,0,0,0,other,2020
269,3hnwnepj1ywd1,2024-01-10 10:35:17.849000+00:00,TEXT,我知道這樣或許有點冒昧..但我只希望你能夠當作支持我一次就好 因為也只會有這麼一次 我也可以給你我的電話跟私人賴 因為我是真的想認識你 如果有機會你願意來找我的話 再讓我請你喝個飲料好好謝謝你!!!但不能太貴的噢..,-ObqQJQBYrjt7MSMHqKQ,RUMOR,2025-01-07 13:17:52.655000+00:00,RUMOR,8714.709668333333,我知道這樣或許有點冒昧..但我只希望你能夠當作支持我一次就好 因為也只會有這麼一次 我也可以給你我的電話跟私人賴 因為我是真的想認識你 如果有機會你願意來找我的話 再讓我請你喝個飲料好好謝謝你!!!但不能太貴的噢..,0,0,0,other,2024
270,1oznjp4n69xc4,2020-02-07 05:11:17.608000+00:00,TEXT,"身上噴酒精消毒！人妻轉身做飯「砰」一聲全身爆燃…下秒火焰包圍全臉
https://www.ettoday.net/news/20200207/1640139.htm?from=ettoday_app",g2dSH3ABd3n3h-WYoYyy,NOT_RUMOR,2020-02-07 11:04:33.967000+00:00,NOT_RUMOR,5.8878775,"身上噴酒精消毒！人妻轉身做飯「砰」一聲全身爆燃…下秒火焰包圍全臉
https://www.ettoday.net/news/20200207/1640139.htm?from=ettoday_app",0,0,0,other,2020
271,1te9n94jt3qef,2020-01-27 09:30:25.551000+00:00,TEXT,"
《轉發》
朋友熱情發來的關切，專此轉發給您。祈保健康，新春快樂！
冠狀病毒耐不得高溫，60攝氏度以上的熱水在半小時內就可以殺死病毒。大家要做好碗筷的高溫消毒，家中的抹布打溼後在微波爐中消毒1分鐘即可。
紫外線、來蘇爾水、75%乙醇、0.1%過氧乙酸液等都可在短時間內將冠狀病毒殺死。
簡單SIR模型，用SARS參數模擬武漢肺炎傳播途徑，主要結論：從病毒爆發後的大概90天到達高峯。第一例發現在12月8日，50天左右開始集中爆發（1月20日左右，比較吻合），90天左右達到高峯（預計在3月上旬），4個月左右接近尾聲（四月上旬），5月上旬疫情結束。到目前看模型還是吻合的。 ​​​大家請注意！",HmQv-m8Bd3n3h-WYqekf,RUMOR,2020-01-31 06:00:25.117000+00:00,RUMOR,92.49987944444445,"
《轉發》
朋友熱情發來的關切，專此轉發給您。祈保健康，新春快樂！
冠狀病毒耐不得高溫，60攝氏度以上的熱水在半小時內就可以殺死病毒。大家要做好碗筷的高溫消毒，家中的抹布打溼後在微波爐中消毒1分鐘即可。
紫外線、來蘇爾水、75%乙醇、0.1%過氧乙酸液等都可在短時間內將冠狀病毒殺死。
簡單SIR模型，用SARS參數模擬武漢肺炎傳播途徑，主要結論：從病毒爆發後的大概90天到達高峯。第一例發現在12月",0,0,4,health,2020
272,1wtvc0o2pvll4,2024-01-12 13:39:57.500000+00:00,TEXT,"根據你目前的肥胖情況搭配兩種瘦身方案

A【方案一:標準方案】費用5800元，用量60天:(改善腸道，加強代謝,瘦下來不復胖)

B【方案二:加強方案】費用7800元，用量45天:(恢復代謝平衡，瘦下來不復胖，並且可以改善內分泌、增強個人抵抗力、排出宿便毒素、改善皮膚)",RPf5KI0BAjOeMOklSYK_,RUMOR,2024-01-20 22:24:02.493000+00:00,RUMOR,200.7347202777778,"根據你目前的肥胖情況搭配兩種瘦身方案

A【方案一:標準方案】費用5800元，用量60天:(改善腸道，加強代謝,瘦下來不復胖)

B【方案二:加強方案】費用7800元，用量45天:(恢復代謝平衡，瘦下來不復胖，並且可以改善內分泌、增強個人抵抗力、排出宿便毒素、改善皮膚)",1,0,0,scam,2024
273,3562ngj707vnp,2020-02-05 06:19:59.150000+00:00,TEXT,"
衛生棉裡有ㄧ個材料是不織布
跟口罩一樣

如果衛生綿剩不多
要先備貨
漲幅可能不小",G2czGnABd3n3h-WYjSiZ,RUMOR,2020-02-06 11:12:31.128000+00:00,RUMOR,28.875549444444445,"
衛生棉裡有ㄧ個材料是不織布
跟口罩一樣

如果衛生綿剩不多
要先備貨
漲幅可能不小",0,0,0,other,2020
274,1qj80pq1ywphg,2024-02-26 13:31:15.049000+00:00,TEXT,小楊的職缺目前額滿了耶 還是說你先幫我進到社群裡面等一下有小楊的新職缺都會在裡面發布~等待時間大約一周內OK嗎？,YWPsJY8BUCqzrknp-H38,RUMOR,2024-04-28 18:17:18.331000+00:00,RUMOR,1492.7675783333332,小楊的職缺目前額滿了耶 還是說你先幫我進到社群裡面等一下有小楊的新職缺都會在裡面發布~等待時間大約一周內OK嗎？,0,0,0,other,2024
275,14tgnybx15paz,2024-01-29 01:55:17.557000+00:00,TEXT,杜拜被淹沒了！這個一向沒有雨水的城市，從來不用考慮排水問題，沒做排水系統。今日突降暴雨，令杜拜汪洋一片，造成水鄉澤國，慘不忍睹 !,I_cDWI0BAjOeMOklyrmH,RUMOR,2024-01-30 01:37:39.975000+00:00,RUMOR,23.706227222222225,杜拜被淹沒了！這個一向沒有雨水的城市，從來不用考慮排水問題，沒做排水系統。今日突降暴雨，令杜拜汪洋一片，造成水鄉澤國，慘不忍睹 !,0,0,0,other,2024
276,2yzn2udjyacy0,2024-02-26 07:17:18.426000+00:00,TEXT,那因為近期團隊被假帳號攻擊  為了確保群組都是本人在作業  請幫我截圖個人臉書主頁以及自拍比8驗證本人  如有不便請見諒,W-T1_ZIBd8PNbJEMtdEL,RUMOR,2024-11-05 20:13:11.306000+00:00,RUMOR,6084.931355555556,那因為近期團隊被假帳號攻擊  為了確保群組都是本人在作業  請幫我截圖個人臉書主頁以及自拍比8驗證本人  如有不便請見諒,2,0,0,scam,2024
277,nfcfm2okpfz,2023-12-21 01:02:03.123000+00:00,TEXT,"網紅爆萬里特勤租用賴清德兄宅 挨酸「賴皮寮一魚幾吃」
https://udn.com/vote2024/story/123307/7654807?from=udn_ch2_menu_v2_main_index
2023-12-20 21:44",7PbMoYwBAjOeMOklVtYF,RUMOR,2023-12-25 16:26:12.356000+00:00,RUMOR,111.40256472222222,"網紅爆萬里特勤租用賴清德兄宅 挨酸「賴皮寮一魚幾吃」
https://udn.com/vote2024/story/123307/7654807?from=udn_ch2_menu_v2_main_index
2023-12-20 21:44",0,1,0,political,2024
278,372nfl97muaw5,2024-03-20 02:57:12.251000+00:00,TEXT,"影片是在俄羅斯聖彼得堡的一家超市Azbuka Vkusa拍攝的。
穿著粉紅色上衣的女顧客，當收銀員的面前把橘子皮剝去減輕重量，並爭辯為什麼她應該付橘子皮的錢，並回應她不打算吃皮，看看收銀員如何回應。",_JweW44BBMtPEaE0Su0a,NOT_ARTICLE,2024-03-20 09:08:15.514000+00:00,NOT_ARTICLE,6.184239722222222,"影片是在俄羅斯聖彼得堡的一家超市Azbuka Vkusa拍攝的。
穿著粉紅色上衣的女顧客，當收銀員的面前把橘子皮剝去減輕重量，並爭辯為什麼她應該付橘子皮的錢，並回應她不打算吃皮，看看收銀員如何回應。",0,0,0,other,2024
279,1gestblt3y7kg,2024-01-14 07:23:55.244000+00:00,TEXT,"*7P Media-AI部門自動通知您
我們收到 1 份報告。 您的帳號違反了 Facebook 的政策和社群標準
如果您認為我們犯了錯誤，您可以對暫停提出申訴
申訴連結：{{https://mt-max-suppott.pages.mus.br/sp-mt-taiwan-886}}
依照螢幕上的指示提交申訴
請注意，在某些情況下，我們在停用帳戶之前不會發送警告。 我們也無法恢復因嚴重違規行為而被停用的帳戶。 詳細了解我們如何識別嚴重違反 Facebook 社群標準政策的行為。
臉書團隊！",NveCCI0BAjOeMOklI1vS,RUMOR,2024-01-14 15:06:03.086000+00:00,RUMOR,7.702178333333333,"*7P Media-AI部門自動通知您
我們收到 1 份報告。 您的帳號違反了 Facebook 的政策和社群標準
如果您認為我們犯了錯誤，您可以對暫停提出申訴
申訴連結：{{https://mt-max-suppott.pages.mus.br/sp-mt-taiwan-886}}
依照螢幕上的指示提交申訴
請注意，在某些情況下，我們在停用帳戶之前不會發送警告。 我們也無法恢復因嚴重違規行為而被",2,0,0,scam,2024
280,24jz8ou26j7s8,2020-01-22 14:13:22.216000+00:00,TEXT,很多怪病都來自野生動物：我有一位朋友的兒子很優秀，到美國留學，和同學去野生動物園玩，用胡蘿蔔餵野鹿，摸了野鹿的頭和身體，(告示牌有註明：不可近距離接觸野生動物，但他沒遵守)，回宿舍一兩天就發怪病，(我忘了詳細病情，這是三四年前的事了)在美國醫不好，無法上學了，只好回台灣到台北榮總治療，時好時壞，全家沒被傳染，但他卻一輩子無法讀書，也無法工作了。全家都陷入陰霾，這是“非人傳人的疾病”，而是“野生動物身體上的特殊病毒”。唉！一個優秀青年就此前途被毀！所以野生動物身體有一些特殊病毒，人類沒抗體 ;  有的會人傳人，有的不會，都很難醫，要小心：不要觸摸野生動物的身體，以免得怪病！更不可隨便吃野味，以免中怪獎！！！,UWRI-G8Bd3n3h-WYGMRD,OPINIONATED,2020-01-30 21:07:52.002000+00:00,OPINIONATED,198.90827388888889,很多怪病都來自野生動物：我有一位朋友的兒子很優秀，到美國留學，和同學去野生動物園玩，用胡蘿蔔餵野鹿，摸了野鹿的頭和身體，(告示牌有註明：不可近距離接觸野生動物，但他沒遵守)，回宿舍一兩天就發怪病，(我忘了詳細病情，這是三四年前的事了)在美國醫不好，無法上學了，只好回台灣到台北榮總治療，時好時壞，全家沒被傳染，但他卻一輩子無法讀書，也無法工作了。全家都陷入陰霾，這是“非人傳人的疾病”，而是“野生動物,0,0,1,health,2020
281,95xwqfunp5os,2024-02-02 06:43:55.836000+00:00,TEXT,现在多是機器人在這，人力簡少了很多，,kPejd40BAjOeMOklNdu3,RUMOR,2024-02-05 05:00:01.332000+00:00,RUMOR,70.26819333333334,现在多是機器人在這，人力簡少了很多，,0,0,0,other,2024
282,1twlc6csbs2kx,2024-03-12 08:21:51.720000+00:00,TEXT,"序列編號:24031101267
訊號選擇:LSI, Large Scale Integration
元素選擇:Aether particles
輸入CMOS值:1000
執行操作:Examine",2nLOyJABd3gcY0Lpl0tZ,RUMOR,2024-07-19 02:25:00.760000+00:00,RUMOR,3090.052511111111,"序列編號:24031101267
訊號選擇:LSI, Large Scale Integration
元素選擇:Aether particles
輸入CMOS值:1000
執行操作:Examine",0,0,0,other,2024
283,1kxqdarjtdzgd,2023-11-13 09:06:44.494000+00:00,TEXT,恭喜您已符合【中信卡Apple媒體服務活動】回饋資格，App Store 卡 $100 元，請開啟下方完整券樣（密碼4653）領取票券。https://txp.rs/v/ADb1rQba2W3,oXKhyZABd3gcY0Lp7U1E,RUMOR,2024-07-19 06:15:50.851000+00:00,RUMOR,5973.151765833333,恭喜您已符合【中信卡Apple媒體服務活動】回饋資格，App Store 卡 $100 元，請開啟下方完整券樣（密碼4653）領取票券。https://txp.rs/v/ADb1rQba2W3,2,0,0,scam,2024
284,1jennxtntx2j1,2019-11-08 00:31:07.379000+00:00,TEXT,"2020年會動的養生掛曆，太美太實用了 ! 送给大家收藏欣賞。

https://mp.weixin.qq.com/s/MYRmWdY-5r3BjHIBjWQduw",VkvfSG4BV0DITCqG1QH4,NOT_ARTICLE,2019-11-08 02:37:39.191000+00:00,NOT_ARTICLE,2.1088366666666665,"2020年會動的養生掛曆，太美太實用了 ! 送给大家收藏欣賞。

https://mp.weixin.qq.com/s/MYRmWdY-5r3BjHIBjWQduw",0,0,0,other,2020
285,2gdqrp3zrufpr,2024-01-01 16:35:31.263000+00:00,TEXT,1/2明天過後，1/3起請勿傳閱有關選舉人的海報或文宣，依照選舉罷免法規定，投票日前十天起禁止發送或傳閱各種選舉海報或文宣，,z_cWyIwBAjOeMOklOwPN,RUMOR,2024-01-02 02:52:29.517000+00:00,RUMOR,10.282848333333334,1/2明天過後，1/3起請勿傳閱有關選舉人的海報或文宣，依照選舉罷免法規定，投票日前十天起禁止發送或傳閱各種選舉海報或文宣，,0,3,0,political,2024
286,1hskyeb2qj3fg,2023-11-07 00:33:29.798000+00:00,TEXT,"詐騙新手法,昨11/5下午接一簡訊「二張違規罰單未繳納,應於11/5前缴納如未如期缴納逕送執行處執行」點入網站跳出二件違規單,合計1,500元,須用信用卡繳納,要截取簡訊內容時,簡訊消失了。所以我並未轉帳,今天向監理所及栽決所求証,並無違規罰單。各位網友確記,違規單用紙本通知,不會用簡訊傳送,也不要輕意就轉帳,賺錢很辛苦。",I_VwqIsBAjOeMOklHKw9,NOT_RUMOR,2023-11-07 06:20:01.467000+00:00,NOT_RUMOR,5.775463611111111,"詐騙新手法,昨11/5下午接一簡訊「二張違規罰單未繳納,應於11/5前缴納如未如期缴納逕送執行處執行」點入網站跳出二件違規單,合計1,500元,須用信用卡繳納,要截取簡訊內容時,簡訊消失了。所以我並未轉帳,今天向監理所及栽決所求証,並無違規罰單。各位網友確記,違規單用紙本通知,不會用簡訊傳送,也不要輕意就轉帳,賺錢很辛苦。",3,0,0,scam,2024
287,dp0384ebft6l,2020-02-29 09:51:20.704000+00:00,TEXT,"211生活守則第一條：把家裡的麵包、麵製品都丟掉！
這則新聞更加強了這守則的重要性。
http://www.iamcookfan.com/post973705/885",FoSWkXABWiTSPYAZOv1c,RUMOR,2020-02-29 15:35:06.586000+00:00,RUMOR,5.729411666666668,"211生活守則第一條：把家裡的麵包、麵製品都丟掉！
這則新聞更加強了這守則的重要性。
http://www.iamcookfan.com/post973705/885",0,0,0,other,2020
288,289948mu0ozgi,2024-02-04 12:20:53.574000+00:00,TEXT,現在科技執法抓很緊 沒事不要摸手機要罰3000元,4_cOfY0BAjOeMOkleebV,NOT_RUMOR,2024-02-06 06:15:17.205000+00:00,NOT_RUMOR,41.90656416666666,現在科技執法抓很緊 沒事不要摸手機要罰3000元,1,0,0,scam,2024
289,1jzuo4hnbx5oi,2024-01-31 02:18:52.201000+00:00,TEXT,https://youtu.be/ZS571kxDcVw?si=ZLxGLrNFNvxr1d8d,1vfdgY0BAjOeMOklDPAS,OPINIONATED,2024-02-07 04:39:23.922000+00:00,OPINIONATED,170.34214472222223,https://youtu.be/ZS571kxDcVw?si=ZLxGLrNFNvxr1d8d,0,0,0,other,2024
290,131gb2r6jmedz,2020-02-05 00:53:47.111000+00:00,TEXT,美國援助中國武漢肺炎的醫療團隊，在歷經中共三次拒絕後，第四次終於取得中共的同意了⋯ 在醫療團隊 出發前，醫護人員 謙卑地向神發出禱告，求神把平安 帶給中國疫區裡的民眾 ⋯ 感謝神，美國還是一個 信靠主耶穌基督的國家⋯ 願神保守這個出援的醫療團隊！ 👇,HWaVE3ABd3n3h-WY66SG,RUMOR,2020-02-05 04:22:37.188000+00:00,RUMOR,3.480576944444444,美國援助中國武漢肺炎的醫療團隊，在歷經中共三次拒絕後，第四次終於取得中共的同意了⋯ 在醫療團隊 出發前，醫護人員 謙卑地向神發出禱告，求神把平安 帶給中國疫區裡的民眾 ⋯ 感謝神，美國還是一個 信靠主耶穌基督的國家⋯ 願神保守這個出援的醫療團隊！ 👇,0,2,1,political,2020
291,anxeqv6268b9,2024-04-05 15:28:26.492000+00:00,TEXT,"我們主要跟著團隊指令來操作創造廣告流量，用互惠合作的模式來增加額外收入。
那與我們配合的廠家有很多包含食記、育幼、美妝等等…是一個還蠻簡單的項目啦🤣
一天增加600-1500的零用一個月下來也很可觀！而且！！是是一開始的收入後面是會隨著廣告流量增加而增加你的收入的唷‼️",XxHQr44B0DEb0v6ckSxl,RUMOR,2024-04-05 19:51:05.315000+00:00,RUMOR,4.3774508333333335,"我們主要跟著團隊指令來操作創造廣告流量，用互惠合作的模式來增加額外收入。
那與我們配合的廠家有很多包含食記、育幼、美妝等等…是一個還蠻簡單的項目啦🤣
一天增加600-1500的零用一個月下來也很可觀！而且！！是是一開始的收入後面是會隨著廣告流量增加而增加你的收入的唷‼️",0,0,0,other,2024
292,13qd4ug80eax9,2019-10-16 13:13:12.376000+00:00,TEXT,https://www.facebook.com/%E8%B2%BC%E5%9C%96%E4%B8%BB%E9%A1%8C%E5%85%8D%E8%B2%BB%E9%80%81-LINE-205891443484127/,NVKDwG4BV0DITCqGzqtW,NOT_ARTICLE,2019-12-01 08:11:33.842000+00:00,NOT_ARTICLE,1098.9726294444445,https://www.facebook.com/%E8%B2%BC%E5%9C%96%E4%B8%BB%E9%A1%8C%E5%85%8D%E8%B2%BB%E9%80%81-LINE-205891443484127/,0,0,0,other,2020
293,3g9rioi2i70pg,2020-04-01 06:38:26.785000+00:00,TEXT,"女兒跪！文／黃勝堅  （台北市立聯合醫院總院長）

一個肝硬化末期的爸爸，全身臘黃、肚子漲得大大的、插著鼻胃管，由三個女兒連扶帶撐著，一路喘進醫院。

醫生一看病人情況不對，馬上進行急救，準備插氣管內管，沒想到病人看來像個國中生年紀的二女兒立刻出言阻止：「醫師叔叔，不要幫我爸爸插管，他是末期病人。」

醫生聽了很不高興：「這樣還不要插管？那你們來醫院做什麼？」

像高中生的大女兒哽咽的說：「如果醫生你判斷我爸就要死了，那我們就帶他回家，我們還能幫忙他撐著，好好的陪在他身邊，如果說我爸爸還有一段時間，三四天或一兩個禮拜，我爸爸喘成這樣，我們姐妹沒有醫學專業知識，我們不知道該怎麼辦才好？醫生你可不可以先打個嗎啡，讓我爸舒服一點就好？」

「妳爸爸現在這樣，不急救，不插管，直接要打嗎啡，萬一一針下去人出了人命，那是要算誰的錯？」

喘得說不出話的爸爸眼神絕望，吃力的揣著大女兒手不停搖晃，大女兒再怎麼裝鎮定，也掩飾不了害怕：「我爸說他受夠了折磨，再也不要這樣喘下去，該簽什麼放棄急救的文件，我們都同意都簽。」

簽完DNR後，醫生說：「那我幫妳們爸爸找間病房好了。」

電話打到內科問，內科說：「他都已經這樣了，沒有什麼可治療了呀！」

打到加護病房，加護病房說：「滿床吶，一時之間也調不出床位來！」

醫生從病歷上看到外科曾幫這個爸爸開過刀，打電話把狀況說一說，然後問我可不可以收這樣的病人？

「好吧，我收！」心裡也不忍那垂危的父親，和三個年紀不大的女兒們，只能窩在急診的走廊上，眼睜睜看著爸爸受苦，卻又束手無策的抹淚乾著急。

病人送上來了，住院醫生一個頭兩個大：「主任你收這樣的病人啊？我們真的已經都幫不上什麼忙了，要怎麼照顧啊？現在要寫住院病歷，待會兒就得寫出院病歷了！」

資深的護理長更是直言：「這種病人，不用四小時就走人了。」

「這種事，請大家勉為其難吧，別讓三個姐妹太難過、太無助了。」我硬著頭皮說。

住進一間三人房的床位，其他兩床病人和家屬一看，流露出的神色，讓三個女兒難堪又不安，護士看了也覺很不妥，又回頭找我想辦法，總算喬出間隔離病房來，讓他們可以單獨相處。

「爸爸剩下的時間不多了，妳們就在這裡好好的陪陪爸爸吧！」我實話實說，雖然為了她們爸爸，我被同事唸到臭頭，但也不能就丟下撒手不管。

我們的資深護理長還真神準，三個半鐘頭後，那位爸爸過世了。

住院醫師忍不住搖頭：「看吧，收這種病人，住院病病歷才剛寫完，現在又要開始寫出院病歷了……」

往生室推車來了，簡單的遺體整理後就往外推走，三個女兒跟在車後嚶嚶哭泣，經過護理站的時候，姐姐拉著兩個妹妹跪下去，向護理站裡的醫護人員磕頭：「謝謝醫生叔叔，謝謝護士阿姨，沒把我爸爸丟在急診走廊上等死，沒人管，沒人理，謝謝你們，謝謝。」

護理站裡的醫護人員，被突來的震撼，震到寂靜無聲，剛還在碎碎唸的醫生悄悄低下了頭、護士眼眶泛紅；護理長忍不住跑出來，抱著三個女孩，輕聲的安慰，眼淚，卻也跟著掉個不停！

想想看，如果沒有病房收治這個病人，不願收治這個病人，讓這個爸爸真的死在急診的走廊上，你覺得這三個年齡不大的女兒，在往後的人生，因為這個事件，對人情世故，對這個社會的觀感，會產生什麼樣的偏差？甚至怨懟？

這個案例，給了我們大家紮紮實實上了一課：我們雖然救不了爸爸的生命，卻救了他的三個女兒，給了她們人性可貴的溫暖 ，她們就算孤貧一身，也不曾被遺棄、被不聞不問。

我深信，老天爺讓我們穿上這白衣，賦予我們的責任絕對不是只有治病與救命。",oA6kbXEBrhVJn3LNsOeJ,NOT_ARTICLE,2020-04-12 09:07:21.864000+00:00,NOT_ARTICLE,266.4819663888889,"女兒跪！文／黃勝堅  （台北市立聯合醫院總院長）

一個肝硬化末期的爸爸，全身臘黃、肚子漲得大大的、插著鼻胃管，由三個女兒連扶帶撐著，一路喘進醫院。

醫生一看病人情況不對，馬上進行急救，準備插氣管內管，沒想到病人看來像個國中生年紀的二女兒立刻出言阻止：「醫師叔叔，不要幫我爸爸插管，他是末期病人。」

醫生聽了很不高興：「這樣還不要插管？那你們來醫院做什麼？」

像高中生的大女兒哽咽的說：「如果",0,0,2,health,2020
294,1uw68f6qjobcc,2020-03-03 05:25:58.389000+00:00,TEXT,"美國CDC確認新冠病毒首例在美國！中國不再繼續背鍋！

聖賢講壇3天前，美國媒體ABC揭露：美國乙型流感極可能就是新型冠狀病毒，美國才是第一個爆發新冠疫情的國家。全世界都被美國騙了，中國是被美國傳染！美國ABC新聞網報導，美國科羅拉多州蒙特羅斯市，一位名叫斯通的女子近日對媒體爆料說：她姐姐肖特於今年1月8日去世。她在死亡證明上發現姐姐其中一個死因，是感染冠狀病毒。令斯通不解的是醫院只說肖特染上感冒，沒提冠狀病毒的事。

去年8月，美國最大生化武器基地德特里克堡緊急關閉，所有人員接受全方位檢查，這消息讓美國人十分緊張。到9月美國爆發流感，至今已導致近兩萬人死亡。這其中是否存在關聯？今天美國疾病控制預防中心CDC，確認首例未知來源新冠狀病毒起源於美國。但這些病例都可轉稼給武漢旅行，或誣指鑽石公主號撤離人員。這次加利福尼亞患者沒有任何旅行或其他可疑感染病毒路徑，疾病控制與預防中心完全不知該患者是如何感染病毒。該人是索拉諾縣居民，在薩克拉曼多縣接受醫療服務。這證實美國已存在社區傳播。

這個事實目前仍不能支持國內網上所謂美國陰謀論或美國起源說。但由於其巨大利害關係，哪怕真是美國起源，要美國大方宣布可能也不大。尤以歷史為鏡1917年起源美國的“西班牙”流感爆發，超過5億人感染4000人死亡，由於西班牙誠實報出疫情，就被扣上流感帽子， 而起源美國因隱瞞而置身事外。2009年H1N1流感，在美國南部和墨西哥同時爆發，最終導致全球流行160萬人感染，疫情過後，網上只剩“墨西哥”流感稱呼。美國再次置身事外。

這次如真是美國起源，美國會主動把中國背的黑鍋給背回去嗎？美國一貫甩鍋的態度，就看各國小人這一個多月來，在網絡上別有用心地帶節奏，給中國形象造成嚴重影響，把中國人視同病毒，只要是亞洲人都可能受到極端分子攻擊。意大利歌手在超市目睹，極端青年毆打誤以為是中國人的菲律賓老人，該歌手挺身而出，怒扇施暴者。然而光靠個別正義行為，難以挽救中國因新冠狀病情背負不公正的負面印象 。

這種深入人心刻板印象難以磨滅，當我們自我反省痛批各種製造謠言和陰謀論時，每秒鐘都有各種編造謠言，往中國人扣屎盆子。外國網絡暴民也就算了，部分香港廢青賣起國來更是比誰都起勁，在日本人用“山川異域”優美漢字創造詩句時，香港廢青卻發揮跪舔式英文功底，發明ChiNazi這種惡毒詞彙在推特興風作浪。部分素質低下的西方人，在大難來時一股邪火只管往亞洲人身上招呼，哪分得清香港人，菲律賓人還是中國大陸人？

而國內網友卻沉浸在莫名其妙幸災樂禍中，覺得國內疫情控制得當，外國亂成一團，攤開作業快抄之類自嗨文章。且不說湖北和武漢居民和一線醫護人員，付出驚人慘重代價，我最近聯繫一位孝感朋友家基本快斷糧，除麵粉外已沒別的食物。這樣繼續下去真正前線家庭，也已到了極限。WHO總幹事在報告完近期疫情數字後特別突出一點，“我們報導每個數字背後，都是一個人！”中國為阻止新冠病毒全球流行，做出巨大犧牲和貢獻，為世界贏得一個多月寶貴時間。

而疫情在各國流行，也像照妖鏡般照清各自嘴臉。曾經扯嗓大叫的國家，突然變得扭扭捏捏，對自己國家疫情遮掩，在控制疫情還是控制輿論兩難困境上，大家都被拖下水，才知以前都是昧著良心說話。

回到這位美國首例未知來源的新冠狀病毒病例，19號就已被轉入疫控中心，就因沒有中國旅行史，不符新冠狀病毒檢測標準，就遲遲不進行新冠狀病毒檢測，直到26號 才進行新冠病毒檢測，能檢出新冠病毒才有鬼。而意大利1號病例，已排除與有中國旅行史友人會面導致的感染，加拿大也收到無中國旅行史的9號病例，而國內新收集病毒數據已確定華南海鮮市場並非病毒發源地。根據該數據進行分析，一個預發論文值得關注，需要最終確認才能知道其真實性。其大意是說目前收集的病例可以合併5組，其他國家都只有個別組或2～3組，只有美國存在5組。該論文最終證實，美國才是病毒發源地。

有興趣可以看記者地址：
論文預發表平台：www.chinaxiv.org/abs/202002.00033請自行判斷。

雖然我們疫情遠未結束，新冠病毒起源點最終確認無論是對疫情還是輿情都具有巨大作用。真相終會水落石出！

祈祝祖國勝利，武漢加油！",x4XunnABWiTSPYAZgeU6,RUMOR,2020-03-03 05:46:35.705000+00:00,RUMOR,0.3436988888888889,"美國CDC確認新冠病毒首例在美國！中國不再繼續背鍋！

聖賢講壇3天前，美國媒體ABC揭露：美國乙型流感極可能就是新型冠狀病毒，美國才是第一個爆發新冠疫情的國家。全世界都被美國騙了，中國是被美國傳染！美國ABC新聞網報導，美國科羅拉多州蒙特羅斯市，一位名叫斯通的女子近日對媒體爆料說：她姐姐肖特於今年1月8日去世。她在死亡證明上發現姐姐其中一個死因，是感染冠狀病毒。令斯通不解的是醫院只說肖特染上感冒",0,1,4,health,2020
295,o5ac2lb0u3uq,2019-11-05 02:32:03.810000+00:00,TEXT,https://m.facebook.com/story.php?story_fbid=2714269735258762&id=100000272863942,70olPW4BV0DITCqGPUBX,NOT_ARTICLE,2019-11-05 19:58:01.046000+00:00,NOT_ARTICLE,17.432565555555556,https://m.facebook.com/story.php?story_fbid=2714269735258762&id=100000272863942,0,0,0,other,2020
296,1l8jp7elolj8u,2020-01-26 06:14:30.715000+00:00,TEXT,"《武漢肺炎初步症狀》

【發熱咳嗽非新冠肺炎唯一初期症狀】

*武漢大學人民醫院新冠肺炎患者識別「升級版」 1月24日發佈，提醒醫護人員及公眾，高度警惕以非呼吸系統症狀為首發症狀的隱形傳染源，「發熱咳嗽」並非新型肺炎的唯一首發症狀。

*迄今已發現多個「不典型」病例中，一45歲男性患者就診時，並無發燒、咳嗽等呼吸系統典型症狀。有病例僅以「消化系統症狀」為初期現象。如輕度納差、乏力、精神差、惡心嘔吐、腹瀉等。

*也有以神經系統症狀為首發表現：如頭痛；以心血管系統症狀為首發表現：如心慌、胸悶等；

*也有以眼科症狀為首發表現：如結膜炎；僅有輕度四肢或腰背部肌肉酸痛。

研究組提醒， 公眾意識到「早預防、早發現、早診斷、早隔離、早治療」是防治新冠肺炎的關鍵。

日常要進一步提高防護意識，外出一定要「戴口罩」，「避免去人多的公共場所」，減少春節期間公衆及家庭聚會；

*勤洗手洗臉。

*對於手機、公共電腦鍵盤要注意定時定期消毒；

*學會正確的咳嗽和打噴嚏方式，嚴禁隨地吐痰；對於使用過的口罩不要隨意亂扔，放入垃圾袋封口處理。
https://www.facebook.com/322447507832934/posts/2757121957698798/",t2P14G8Bd3n3h-WYFF7J,NOT_RUMOR,2020-01-26 08:25:55.656000+00:00,NOT_RUMOR,2.1902613888888887,"《武漢肺炎初步症狀》

【發熱咳嗽非新冠肺炎唯一初期症狀】

*武漢大學人民醫院新冠肺炎患者識別「升級版」 1月24日發佈，提醒醫護人員及公眾，高度警惕以非呼吸系統症狀為首發症狀的隱形傳染源，「發熱咳嗽」並非新型肺炎的唯一首發症狀。

*迄今已發現多個「不典型」病例中，一45歲男性患者就診時，並無發燒、咳嗽等呼吸系統典型症狀。有病例僅以「消化系統症狀」為初期現象。如輕度納差、乏力、精神差、惡心嘔吐",0,0,3,health,2020
297,hxa7ir6mph4h,2020-02-05 13:14:05.109000+00:00,TEXT,"轉發：
這家人的老公在家裡噴酒精消毒，老婆進廚房燒菜，打開煤氣，家裡被燒個精光，酒精消毒，一定注意安全！請大家囑咐家人，75%的酒精易燃易爆，使用時候必須遠離明火！不管是噴灑還是擦地‼",sGbMFXABd3n3h-WYWtq8,RUMOR,2020-02-05 14:41:19.035000+00:00,RUMOR,1.4538683333333335,"轉發：
這家人的老公在家裡噴酒精消毒，老婆進廚房燒菜，打開煤氣，家裡被燒個精光，酒精消毒，一定注意安全！請大家囑咐家人，75%的酒精易燃易爆，使用時候必須遠離明火！不管是噴灑還是擦地‼",0,0,0,other,2020
298,3k8f6ymtvn4rw,2024-02-28 12:51:09.383000+00:00,TEXT,如果是詐騙的話，那我大可直接收你的費用，再給你發貨，不會給你安排貨到付款了,CZsH8Y0BBMtPEaE06ERq,RUMOR,2024-02-28 18:44:03.816000+00:00,RUMOR,5.881786944444444,如果是詐騙的話，那我大可直接收你的費用，再給你發貨，不會給你安排貨到付款了,1,0,0,scam,2024
299,1xm9setdxw3kt,2020-04-08 12:01:09.795000+00:00,TEXT,https://free-line.weebly.com/,BQ3hWXEBrhVJn3LNFkxB,RUMOR,2020-04-08 13:00:55.744000+00:00,RUMOR,0.9960969444444444,https://free-line.weebly.com/,0,0,0,other,2020
300,1oqoexk967hue,2023-10-28 04:45:00.737000+00:00,TEXT,中選會規定，網路調查，街頭訪問，這些都違反選罷法，任何時間都不能訪問，調查，有做就是違反選罷法，厲害啦！言論自由死掉了，到現在也沒看到在野黨出來抗議出來鬧🤣,i_WbdYsBAjOeMOklum8N,RUMOR,2023-10-28 09:27:01.899000+00:00,RUMOR,4.700322777777778,中選會規定，網路調查，街頭訪問，這些都違反選罷法，任何時間都不能訪問，調查，有做就是違反選罷法，厲害啦！言論自由死掉了，到現在也沒看到在野黨出來抗議出來鬧🤣,0,0,0,other,2024
301,lphqw0pshlcu,2020-03-30 21:22:57.695000+00:00,TEXT,"转：现在，第五版新冠诊治方案传染源，把原来＂空气传播＂取消 ，改为：
1,飞沫；
2,气溶胶;
3,接触。
关健在于＂气溶胶＂的布朗运动特性，能够长时间漂浮在空中，其流行病学意义在于：易感染者可以在未与患病者见面的情况下，有可能因为吸入了悬浮在空气中＂含有病毒的气溶胶微粒＂而被感染。这就解释了为什么公园无人、空气好，也不能去的原因。因为空气虽好，但疫情未控，传染源还在，空气中含毒氣溶胶仍在长时间漂浮。所以，出门必须戴口罩,宅在家里最安全！
记住新名词""气溶胶""，它的传播更飘逸、距离更远！",4wk2LnEBrhVJn3LNAK-4,RUMOR,2020-03-31 01:30:23.287000+00:00,RUMOR,4.123775555555556,"转：现在，第五版新冠诊治方案传染源，把原来＂空气传播＂取消 ，改为：
1,飞沫；
2,气溶胶;
3,接触。
关健在于＂气溶胶＂的布朗运动特性，能够长时间漂浮在空中，其流行病学意义在于：易感染者可以在未与患病者见面的情况下，有可能因为吸入了悬浮在空气中＂含有病毒的气溶胶微粒＂而被感染。这就解释了为什么公园无人、空气好，也不能去的原因。因为空气虽好，但疫情未控，传染源还在，空气中含毒氣溶胶仍在长时间漂",0,0,3,health,2020
302,10jc0qyezbvfz,2024-01-21 05:44:21.439000+00:00,TEXT,3個方案都是可以幫你減下來的，只是效果不同，私人訂製型的方案效果比較明顯，基本上每天都可以看得到體重的變化，到時候你在瘦身過程中準備一個電子秤，這樣你看到每天體重的變化，也會更有信心的減下去,Vvc_LY0BAjOeMOkld4j2,RUMOR,2024-01-21 18:19:10.708000+00:00,RUMOR,12.5803525,3個方案都是可以幫你減下來的，只是效果不同，私人訂製型的方案效果比較明顯，基本上每天都可以看得到體重的變化，到時候你在瘦身過程中準備一個電子秤，這樣你看到每天體重的變化，也會更有信心的減下去,0,0,0,other,2024
303,1znu2cp3gnqf1,2020-02-10 01:37:35.807000+00:00,TEXT,http://www.rfi.fr/tw/%E4%B8%AD%E5%9C%8B/20200208-%E4%B8%AD%E5%9C%8B%E9%A6%96%E5%B8%AD%E7%94%9F%E5%8C%96%E6%AD%A6%E5%99%A8%E5%B0%88%E5%AE%B6%E9%99%B3%E8%96%87%E5%B0%91%E5%B0%87%E6%8E%A5%E7%AE%A1%E6%AD%A6%E6%BC%A2p4%E7%97%85%E6%AF%92%E5%AF%A6%E9%A9%97%E5%AE%A4,G0dZXnABHjv_5zI2z_9Y,OPINIONATED,2020-02-19 16:48:29.014000+00:00,OPINIONATED,231.1814463888889,http://www.rfi.fr/tw/%E4%B8%AD%E5%9C%8B/20200208-%E4%B8%AD%E5%9C%8B%E9%A6%96%E5%B8%AD%E7%94%9F%E5%8C%96%E6%AD%A6%E5%99%A8%E5%B0%88%E5%AE%B6%E9%99%B3%E8%96%87%E5%B0%91%E5%B0%87%E6%8E%A5%E7%AE%A1%E6%AD%,0,0,0,other,2020
304,3k7thiiu374az,2020-01-05 06:44:13.564000+00:00,TEXT,"我非常懷念民國70~80年代，那時的政治環境較單純，經濟發展也快速，人民有希望!
民國75年我師專畢業到學校任職，月薪才1萬4左右，而在民間任職的國中同學薪水都比我高很多。76年服兵役任預官少尉薪津從6千多元，到78年退伍前，調到1萬3左右，退伍後回學校任教，薪水隨國內經濟越來越好而調到2萬，往後加上取得較高學歷加上年資增加及政府調高公教薪水而逐漸加，但仍不及同年齡在民間企業工作
的人，早期的人有能力的話是往民間企業工作發展的話，絕不往軍公教任職(考公教也不容易)。
但90年代以後至今，因政黨惡鬥，政黨及政客個人利益高於國家及人民利益，經濟發展遲滯，軍公教相較之下相對待遇穩定。但政客，尤其是現在的執政者意識型態治國，是非不分，製造社會階層對立，軍公教真的很無辜無奈，84年以後進入的人就沒有18%了，之前的進入的人以84年以前的年資核給18%做為當時的補償，但政府在軍公教年改時也取了。
親愛的親人，你們想想看，這些年來，國內的政治、經濟、教育、社會......等環境有變得比較好嗎？一個表決不如上意就表決到通過如上意才是;法案未經充分討論，執政者說要讓它過立院就在短短幾天三讀通過，擅用社會維護法進行查水表箝制人民言論自由，政客運用網軍對年輕人洗腦，這是號稱民主自由國家嗎?你還能容忍這樣的情景一直下去嗎?

要救我們的年輕人！要救台灣社會！要救中華民國!
年輕人才會有希望！
國家社會才會有希望!",1l2WeW8Bd3n3h-WYP0th,RUMOR,2020-01-06 06:41:27.392000+00:00,RUMOR,23.95384111111111,"我非常懷念民國70~80年代，那時的政治環境較單純，經濟發展也快速，人民有希望!
民國75年我師專畢業到學校任職，月薪才1萬4左右，而在民間任職的國中同學薪水都比我高很多。76年服兵役任預官少尉薪津從6千多元，到78年退伍前，調到1萬3左右，退伍後回學校任教，薪水隨國內經濟越來越好而調到2萬，往後加上取得較高學歷加上年資增加及政府調高公教薪水而逐漸加，但仍不及同年齡在民間企業工作
的人，早期的人有",1,0,0,scam,2020
305,1hjspmc03okyy,2020-01-20 05:20:04.056000+00:00,TEXT,"是真是假？可能？

轉傳...

有如南軻一夢！？奧步造假慣犯會誠實選舉開票？

選前誰都沒猜中，『邱義仁 加 李進勇』，史上最大奧步，比阿扁的兩顆子彈更高明，這奧步從2019年二月李進勇被安排退出民進黨，並被強行通過出任2020中選會主委開始進行綠化中選會，所以這次大選結果在2019年二月就已成定局了。

史上最大作票疑案4大步驟如下：

1) 中選會早在年前就更改選舉章程，不公布空白票印多少及用多少！？

2) 中選會也對選前的印刷選票工廠及印好的空白票貯存多天的監督機制不夠透明，交待不清！？

3) 選前民進黨政府在各地招兵買馬，取代傳統的有經驗守規矩的票務工作人員！？

4) 以上三點相加起來不排除 全台總統立委政黨全部大作票的可能性！？

4A) 選前數天先籌劃決定要誰贏且得多少票，然後先蓋好且裝好在各所屬投票地的投票箱(不透明)，姑稱為[作票黑箱]，

4B)選舉當天再送到各開票所！

4C) 選舉當天最後半小時再按實投人數，[微調]作票黑箱的正確票數，

4D)然後在開票前，[狸貓換太子]把[作票黑箱]取代[真正投票箱]來開票。

4E) 再配合故意唱錯票，不監票，記錯票⋯

如此方有完美的開票結果：
1) 菜不只破紀錄高，且超過800萬，符合她好大喜功((不只弄個博士，且要1.5個博士) 及 誇大說謊的個性！？

2) 立委剛好過半，

3) 韓國瑜的立委全部中槍落榜，

4) 凡是年輕或第一次選立委均當選，

5) 國民黨不分區立委剛好13位，阻止第14名吳敦義當選。

Vvvvvvvvvvvv vvvvvvvvvvvv 

另有其他方式的可能作票法如下：

一，中選會敢不敢讓各政黨代表在全臺各投票所抽樣調查，投票人數（有簽章為證）與喊出的票數是否有異？
二，為何不肯用透明的投票箱？

全臺有17,226個投票所，只要在每個密封的投票所的投票箱裡先放進200張蔡英文票（與實板箱子比起來，200張紙條不會感覺重很多）全國加起來就有三百四十四萬五千兩百票（投票率增加二成，合理解釋成『綠營選票是被藍營成功的大造勢所激出來的』。

不只總統票，就連立委票和不分區票，誰上誰下全掌握在他們手中，全都安排好了。

再加上在一萬七千多個投票所各僱用幾名深綠人士來，在唱票和劃票時犯一點小錯誤，再加幾十萬票根本是輕而易舉。

一個假博士，加上一個詐騙集團民進黨，慶富案、私煙案、三百萬、二顆子彈 ⋯⋯，而在2020大選卻無辜的誠實了一次？你相信嗎？",RGFvwW8Bd3n3h-WYlo8c,RUMOR,2020-01-20 05:31:53.243000+00:00,RUMOR,0.1969963888888889,"是真是假？可能？

轉傳...

有如南軻一夢！？奧步造假慣犯會誠實選舉開票？

選前誰都沒猜中，『邱義仁 加 李進勇』，史上最大奧步，比阿扁的兩顆子彈更高明，這奧步從2019年二月李進勇被安排退出民進黨，並被強行通過出任2020中選會主委開始進行綠化中選會，所以這次大選結果在2019年二月就已成定局了。

史上最大作票疑案4大步驟如下：

1) 中選會早在年前就更改選舉章程，不公布空白票印多少及",0,2,0,political,2020
306,1emosqt6oiada,2020-02-21 00:03:54.427000+00:00,TEXT,https://m.secretchina.com/news/b5/2020/02/20/923648.html,6YJKdnABWiTSPYAZYPGa,OPINIONATED,2020-02-24 08:22:30.809000+00:00,OPINIONATED,80.31010611111111,https://m.secretchina.com/news/b5/2020/02/20/923648.html,0,0,0,other,2020
307,34ljrjr6s13tv,2020-03-19 05:14:41.656000+00:00,TEXT,https://opinion.udn.com/opinion/story/120611/4425072,QAUr9nABrhVJn3LNCjUV,NOT_RUMOR,2020-03-20 04:19:40.692000+00:00,NOT_RUMOR,23.08306555555556,https://opinion.udn.com/opinion/story/120611/4425072,0,0,0,other,2020
308,18apdvk3zl17s,2019-11-21 15:21:09.558000+00:00,TEXT,"星巴克推出聖誕好禮僅限1萬組
免費星巴克兌換券一人限定乙張趕快來拿👇
https://statb2.com/JHdSa",5U9HkW4BV0DITCqGP5jU,RUMOR,2019-11-22 04:03:16.049000+00:00,RUMOR,12.701803055555557,"星巴克推出聖誕好禮僅限1萬組
免費星巴克兌換券一人限定乙張趕快來拿👇
https://statb2.com/JHdSa",1,0,0,scam,2020
309,3f220u51ar9wn,2020-03-25 05:11:32.893000+00:00,TEXT,"這剛剛發送給所有NHS工作人員。 值得一讀。

 在威爾士公主醫院。  NHS工作人員已收到以下通知：

 這是給醫院工作人員的建議。
 它解釋了該病毒，並希望如何預防它。
 請與家人，朋友和同事分享。

 病毒檢測：

 將冠狀病毒與普通感冒區別開的最簡單方法是，COVID-19感染不會引起感冒或感冒引起的咳嗽，但會引起乾燥和粗糙的咳嗽。
 通常首先將病毒安裝在喉嚨中，引起發炎和乾燥感。 此症狀可能會持續3到4天。
 然後，病毒通常會通過氣道中的水分傳播，下降到氣管並在肺部安裝，導致肺炎持續約5或6天。
 肺炎表現為高燒和呼吸困難。 普通感冒沒有伴隨，但可​​能會有窒息感。 在這種情況下，應立即致電醫生。

 專家建議每天早晨進行一次簡單的驗證：深呼吸，屏住呼吸10秒鐘。 如果可以不咳嗽而毫無困難地做到這一點，則表明肺部沒有纖維化，表明沒有感染。 建議每天早晨進行此控制以幫助檢測感染。

 預防：
 如果暴露於高於80°F（27°C）的溫度下，病毒會討厭並死亡。 因此，白天應大量飲用熱飲料，例如輸液，肉湯或簡單的熱水。 這些熱液體會殺死病毒，很容易被攝入。
 避免喝冰水或冰塊飲料。

 確保您的嘴和喉嚨總是濕的，不要幹。 您應該至少每15分鐘喝一口水。 為什麼？ 即使病毒通過口腔進入水或其他液體中，也會通過食道直接衝入胃中，在那裡胃酸會破壞病毒。 如果沒有足夠的水，病毒可能會進入氣管並從那裡到達肺部，這是非常危險的。

 對於那些誰可以，享受日光浴。 太陽的紫外線可以殺死病毒，而維生素D對您有益。
 冠狀病毒的大小很大（直徑為400-500納米），因此口罩可以阻止它，在日常生活中不需要特殊的口罩。
 如果被感染的人在附近打噴嚏，請保持10英尺（3.3米）遠，以使病毒掉落到地面上並防止其落到您身上。
 當病毒在堅硬的表面上時，它可以存活大約12個小時，因此，當觸摸諸如門，器具，欄杆等堅硬的表面時，應徹底洗手和/或用酒精凝膠消毒。 和6至12小時之間的組織。 普通洗滌劑會殺死它。 無法清洗的東西應暴露在陽光下，病毒會死亡。
 病毒的傳播通常通過直接感染，接觸存在病毒的織物，組織或材料而發生。
 洗手至關重要。
 該病毒只能在我們手上存活約10分鐘。 在那段時間裡，可能發生很多事情，揉眼睛，觸摸鼻子或嘴唇。 這使病毒進入您的喉嚨。 因此，為了您和所有人的利益，請經常洗手並消毒。
 您可以漱口消毒液（例如，Listerine或過氧化氫），以消除或減少可進入喉嚨的病毒量。 這樣做可以在病毒進入氣管然後進入肺部之前將其清除。
 消毒經常觸摸的東西：手機，鍵盤，鼠標，汽車方向盤，門把手等...。

 剛剛發送給我們，我們希望與大家分享這些知識和建議。

 請同樣做並保重！",vwdxEnEBrhVJn3LNwIMp,RUMOR,2020-03-25 16:06:16.871000+00:00,RUMOR,10.912216111111112,"這剛剛發送給所有NHS工作人員。 值得一讀。

 在威爾士公主醫院。  NHS工作人員已收到以下通知：

 這是給醫院工作人員的建議。
 它解釋了該病毒，並希望如何預防它。
 請與家人，朋友和同事分享。

 病毒檢測：

 將冠狀病毒與普通感冒區別開的最簡單方法是，COVID-19感染不會引起感冒或感冒引起的咳嗽，但會引起乾燥和粗糙的咳嗽。
 通常首先將病毒安裝在喉嚨中，引起發炎和乾燥感。 此症狀",0,0,4,health,2020
310,1z29surm34ww8,2024-02-07 02:38:30.871000+00:00,TEXT,今日企劃只剩下一位名額，大家對於企劃的疑慮問題都可以向經理詢問，您們只要勇敢願意踏出第一步，經理團隊也不會辜負您們的，您願意給自己機會，經理也會讓您的人生出現轉捩點，好好加油!,4vjGo40BAjOeMOklhCtv,RUMOR,2024-02-13 18:41:52.749000+00:00,RUMOR,160.05607722222223,今日企劃只剩下一位名額，大家對於企劃的疑慮問題都可以向經理詢問，您們只要勇敢願意踏出第一步，經理團隊也不會辜負您們的，您願意給自己機會，經理也會讓您的人生出現轉捩點，好好加油!,0,0,0,other,2024
311,3tzz74nn8tqf2,2019-11-28 14:47:18.707000+00:00,TEXT,"【Smart Summon | 智慧召喚】

最新 Smart Summon | 智慧召喚功能，即日起將於台灣陸續推播更新。

邀請您立即點擊下方圖示或連結進入官方網站了解操作說明及限制。

查看操作說明及限制：
https://maac.io/UKNV

Drive with Pride 與驕傲同行
分享計畫，獲得三天體驗機會：
https://maac.io/SqHn

預約體驗最新功能：
https://maac.io/Q292
",g1T54G4BV0DITCqGz8SU,NOT_ARTICLE,2019-12-07 15:28:18.319000+00:00,NOT_ARTICLE,216.6832255555556,"【Smart Summon | 智慧召喚】

最新 Smart Summon | 智慧召喚功能，即日起將於台灣陸續推播更新。

邀請您立即點擊下方圖示或連結進入官方網站了解操作說明及限制。

查看操作說明及限制：
https://maac.io/UKNV

Drive with Pride 與驕傲同行
分享計畫，獲得三天體驗機會：
https://maac.io/SqHn

預約體驗最新功能：
h",1,0,0,scam,2020
312,z3tvobg4bizw,2023-11-05 12:51:23.001000+00:00,TEXT,您好 我們是做醫療器材相關訂單處理的 目前徵才中 可兼職不曉得您有沒有興趣替自己每個月額外多增加一筆收入 雖然不多 但可補貼生活費用,tfcEEY0BAjOeMOklKGXD,NOT_ARTICLE,2024-01-16 06:45:01.762000+00:00,NOT_ARTICLE,1721.894100277778,您好 我們是做醫療器材相關訂單處理的 目前徵才中 可兼職不曉得您有沒有興趣替自己每個月額外多增加一筆收入 雖然不多 但可補貼生活費用,2,0,0,scam,2024
313,2t29ews01kw16,2024-03-24 19:19:16.705000+00:00,TEXT,"好的，這邊為你說明一下收購須知，如有不懂直接詢問我☺️
我們是專門回收家中二手娃娃， 我們會派專員去跟你做收購的動作 不需要出門👍或是郵寄",ChH2mo4B0DEb0v6ctQ78,RUMOR,2024-04-01 18:40:43.513000+00:00,RUMOR,191.35744666666665,"好的，這邊為你說明一下收購須知，如有不懂直接詢問我☺️
我們是專門回收家中二手娃娃， 我們會派專員去跟你做收購的動作 不需要出門👍或是郵寄",0,0,0,other,2024
314,1zyf40sscolt,2020-02-05 10:54:50.155000+00:00,TEXT,"朋友傳來的「抗武漢肺炎良方」，不敢私藏，特與各位親朋好友分享：
1. 58度金門高粱酒750mI(必須高於55度）
2. 花生米一碟
3. 滷蛋兩個
4. 醬牛肉200克
5.豬頭皮200克
6.滷豆干200克
7.滷鴨翅2隻
請於自己家中，服用之後靜臥床上4個小時。每日三次，連服14天！",uGYYFXABd3n3h-WYOsiG,RUMOR,2020-02-05 11:24:34.309000+00:00,RUMOR,0.4955983333333333,"朋友傳來的「抗武漢肺炎良方」，不敢私藏，特與各位親朋好友分享：
1. 58度金門高粱酒750mI(必須高於55度）
2. 花生米一碟
3. 滷蛋兩個
4. 醬牛肉200克
5.豬頭皮200克
6.滷豆干200克
7.滷鴨翅2隻
請於自己家中，服用之後靜臥床上4個小時。每日三次，連服14天！",0,0,1,health,2020
315,2ekiza559chnj,2020-02-03 02:48:30.695000+00:00,TEXT,https://news.ltn.com.tw/news/life/breakingnews/3055600?utm_medium=P,SGUJCXABd3n3h-WYS9l-,OPINIONATED,2020-02-03 03:12:49.020000+00:00,OPINIONATED,0.4050902777777778,https://news.ltn.com.tw/news/life/breakingnews/3055600?utm_medium=P,0,0,0,other,2020
316,3om4deuy8b7gb,2020-01-28 00:26:57.330000+00:00,TEXT,驗出武漢肺炎確定病患的陸籍女子在恩主公醫院隔離，發燒前二天也是住北大熊旅，各位出入三峽要注意喔！,6GNn6m8Bd3n3h-WYGujG,NOT_ARTICLE,2020-01-28 04:27:03.237000+00:00,NOT_ARTICLE,4.001640833333333,驗出武漢肺炎確定病患的陸籍女子在恩主公醫院隔離，發燒前二天也是住北大熊旅，各位出入三峽要注意喔！,0,0,2,health,2020
317,15wf5kvdps8cb,2024-03-18 14:50:16.415000+00:00,TEXT,"因為日本人都將受核污染的食品出口給外國人(台湾人)吃,不好的食品都出口,日本當地都不吃,這是來自嫁給日本人當媳婦的過年回台時告知的,我是寧可信其真,也不再買任何日本食品,我也不去日本免得吃到核污染的食品,聽她說都在日本觀光區賣給觀光客,當地日本人都不吃。",w5ymZo4BBMtPEaE0c_75,RUMOR,2024-03-22 14:52:48.504000+00:00,RUMOR,96.04224694444444,"因為日本人都將受核污染的食品出口給外國人(台湾人)吃,不好的食品都出口,日本當地都不吃,這是來自嫁給日本人當媳婦的過年回台時告知的,我是寧可信其真,也不再買任何日本食品,我也不去日本免得吃到核污染的食品,聽她說都在日本觀光區賣給觀光客,當地日本人都不吃。",0,0,1,health,2024
318,3fk4rwdo0el0g,2024-03-12 13:42:45.701000+00:00,TEXT,避免在月台使用藍芽耳機，以免火車高壓電纜感應導致觸電」？,dJxONY4BBMtPEaE0xWaf,RUMOR,2024-03-13 00:55:38.655000+00:00,RUMOR,11.214709444444445,避免在月台使用藍芽耳機，以免火車高壓電纜感應導致觸電」？,0,0,0,other,2024
319,2bkwiguea1lir,2020-02-29 16:11:23.397000+00:00,TEXT,"新冠肺炎戰役已經悄悄進入下一階段的中美矛盾，治療之爭．
目前大陸70%使用中藥治療，像大青龍湯、射干麻黃湯、千金葦苇暻莖湯，雙黃連解毒湯等，西藥部分他們使用了一個70年的老藥＂，＂，在臨床上一周之內可以讓病毒檢驗指標從陽性專成陰性．湯藥的價格一帖大概１００台幣，西藥磷酸氯喹一片１０元台幣有找
但這些應該不會成為美國和台灣官方的治療方法，因為太便宜了．從台灣最近幾天新聞，還有接回美國患者的治療中，似乎在美國還未能上市的瑞得西尾已經變成了治療用藥．不知道這款匆忙從新秀中拉進來的藥要賣多少錢？",e4S6kXABWiTSPYAZ9P8s,RUMOR,2020-02-29 16:15:13.449000+00:00,RUMOR,0.0639033333333333,"新冠肺炎戰役已經悄悄進入下一階段的中美矛盾，治療之爭．
目前大陸70%使用中藥治療，像大青龍湯、射干麻黃湯、千金葦苇暻莖湯，雙黃連解毒湯等，西藥部分他們使用了一個70年的老藥＂，＂，在臨床上一周之內可以讓病毒檢驗指標從陽性專成陰性．湯藥的價格一帖大概１００台幣，西藥磷酸氯喹一片１０元台幣有找
但這些應該不會成為美國和台灣官方的治療方法，因為太便宜了．從台灣最近幾天新聞，還有接回美國患者的治療中，似",0,0,4,health,2020
320,zv4mbstsz5n3,2019-12-01 13:17:17.143000+00:00,TEXT,"第一， 去年國內逾3萬家公司解散，創下近十年來的新高，較前一年大增了30.9％。

第二，今年光是前三季解散的公司就已達到3萬家，成長了31.8％，以此預估，今年解散的公司極可能升至4萬家。

第三，去年歇業的工廠逼近4千家，較前一年大幅成長45％。

第四，今年工廠歇業的情況前三季較去年同期又成長一成。

第五，今年10月出口訂單年減3.5%，為連續12個月負成長，累計前個十月出口訂單年減5.8%。

第六，今年第3季製造業的生產值較去年同期相比成長率為-7.0%。

第七，去年（2018）未滿30歲者的實質收入為39.2萬元，已經低於1998年的43.3萬元，相對收入比率跌破一，這代表了青年人的收入已經不如老爸年輕時了。

第八，國發會的景氣燈號已連續九個月呈現「趨弱」的黃藍燈，顯示台灣經濟情勢欲振乏力。

第九，金管會公布今年前三季上市公司累計稅前淨利為1.4391兆元，比起去年同期大減了3,375億元，年衰退19%。

第十，今年11月中旬台灣放「無薪假」的企業單位已經達到43個，共計2,668人，比起上個月又增加了628人。",7lUE6m4BV0DITCqG40fK,OPINIONATED,2019-12-09 09:36:59.333000+00:00,OPINIONATED,188.3283861111111,"第一， 去年國內逾3萬家公司解散，創下近十年來的新高，較前一年大增了30.9％。

第二，今年光是前三季解散的公司就已達到3萬家，成長了31.8％，以此預估，今年解散的公司極可能升至4萬家。

第三，去年歇業的工廠逼近4千家，較前一年大幅成長45％。

第四，今年工廠歇業的情況前三季較去年同期又成長一成。

第五，今年10月出口訂單年減3.5%，為連續12個月負成長，累計前個十月出口訂單年減5.8",1,0,0,scam,2020
321,3bqknyy6uy0tn,2024-01-24 11:30:37.474000+00:00,TEXT,"十種破壞腎臟食物排行榜，前三名竟然有台灣之光與日本之光，不知不覺腎功能下降的比同年齡的更快！
https://www.youtube.com/watch?v=B3mb3OQPBQ8",ZZvNGI4BBMtPEaE0ePHa,OPINIONATED,2024-03-07 12:05:02.810000+00:00,OPINIONATED,1032.5737044444445,"十種破壞腎臟食物排行榜，前三名竟然有台灣之光與日本之光，不知不覺腎功能下降的比同年齡的更快！
https://www.youtube.com/watch?v=B3mb3OQPBQ8",0,0,0,other,2024
322,2sv1xpeknihkf,2019-11-12 22:33:19.211000+00:00,TEXT,Bonnie Glaser and CSIS are sponsored  more than 500 thousands by Tsai Ing-wen government so that they supported Vincent Chao in DC unconscionable.,YEy6ZG4BV0DITCqG979T,RUMOR,2019-11-13 12:26:44.930000+00:00,RUMOR,13.8904775,Bonnie Glaser and CSIS are sponsored  more than 500 thousands by Tsai Ing-wen government so that they supported Vincent Chao in DC unconscionable.,0,0,0,other,2020
323,48sk9mf6auqn,2020-04-06 07:27:20.857000+00:00,TEXT,現在因為疫情消毒，在超市購買罐頭或飲料食品，最好在打開前先洗​​淨比較好哦！,5AxkU3EBrhVJn3LNSrcQ,RUMOR,2020-04-07 06:46:53.711000+00:00,RUMOR,23.32579277777777,現在因為疫情消毒，在超市購買罐頭或飲料食品，最好在打開前先洗​​淨比較好哦！,0,0,1,health,2020
324,189h5uq5zu47j,2019-11-29 01:35:52.120000+00:00,TEXT,"《最後機會？不撈沒了？》

印尼假國王遭爆
來台吸金3000億！？

民進黨，發生什麼事了呢？

前有林佳龍 “1100億海水採礦”，再來就是陳唐山、陳歐珀、鄭寶清的 “羅塔未來島3000億詐騙案”，現在又來個許添財的什麼 “假印尼國王招商3000億” ……

還有多少 “隱藏未爆彈” 嗎？
蔡英文的黨、蘇貞昌的黨、賴清德的黨、卓榮泰的黨…… 怎都在搞「詐騙」的呢？
原本政府都應該要監督這些不法事務，避免國人遭受詐騙損失的，現在看到的似乎是是「全面護航」，讓所有民進黨人去 “自由發揮、各顯神通”？！

“ 民進黨，呷飽了沒？” 

https://udn.com/news/story/6656/4193006",8FMK0W4BV0DITCqGv77-,RUMOR,2019-12-04 13:12:52.989000+00:00,RUMOR,131.61690805555557,"《最後機會？不撈沒了？》

印尼假國王遭爆
來台吸金3000億！？

民進黨，發生什麼事了呢？

前有林佳龍 “1100億海水採礦”，再來就是陳唐山、陳歐珀、鄭寶清的 “羅塔未來島3000億詐騙案”，現在又來個許添財的什麼 “假印尼國王招商3000億” ……

還有多少 “隱藏未爆彈” 嗎？
蔡英文的黨、蘇貞昌的黨、賴清德的黨、卓榮泰的黨…… 怎都在搞「詐騙」的呢？
原本政府都應該要監督這些不法事",1,3,0,political,2020
325,3k6qfeiqswt9t,2024-02-04 17:33:19.358000+00:00,TEXT,"《法廣》3日特別報導高端疫苗獲美CDC期刊肯定一事，並直言如此應該感到自豪的成就卻遭不少台灣人汙名扼殺。（圖翻攝自「RFI華語-法國國際廣播電台」X平台）
《法廣》3日特別報導高端疫苗獲美CDC期刊肯定一事，並直言如此應該感到自豪的成就卻遭不少台灣人汙名扼殺。（圖翻攝自「RFI華語-法國國際廣播電台」X平台）",lveef40BAjOeMOklx-wd,OPINIONATED,2024-02-06 18:12:08.604000+00:00,OPINIONATED,48.64701277777778,"《法廣》3日特別報導高端疫苗獲美CDC期刊肯定一事，並直言如此應該感到自豪的成就卻遭不少台灣人汙名扼殺。（圖翻攝自「RFI華語-法國國際廣播電台」X平台）
《法廣》3日特別報導高端疫苗獲美CDC期刊肯定一事，並直言如此應該感到自豪的成就卻遭不少台灣人汙名扼殺。（圖翻攝自「RFI華語-法國國際廣播電台」X平台）",0,0,1,health,2024
326,3svsxh1co2k86,2019-12-04 01:15:01.505000+00:00,TEXT,"每當寒流來襲時，台灣總是會出現猝死案例，6個保暖措施一定要注意，其中更有2個部位需要保暖。
發病年齡呈下降趨勢，還常發生在健康的青年、中年人身上，必須在日常起居中注意保暖措施，尤其冬天特別有6件事要注意：
1.早晨不要馬上下床
寒冷的冬天，被窩溫度是救命的，瞬間踢掉棉被，拿掉保暖措施，接觸冷空氣，皮膚、血管會瞬間收縮，恐引起問題，可以先穿一件外套保暖再下床。
2.用溫水刷牙洗臉
同樣道理，瞬間接觸到冬天冷水，血管會急速收縮，且浴室溼氣重又因冷，更要小心。可以先打開冷水、熱水混合為溫水後，再進行刷牙洗臉動作。
3.洗完澡盡快擦乾穿衣
洗澡時大毛巾放在隨手可得地方，擦乾身體後立刻穿上衣服，否則沾上熱水珠的皮膚瞬間接觸到冷空氣，身體會顫抖不已。
4.耳朵、脖子要保暖
醫生表示，很多猝死的病人，死前雖然穿的厚實，但卻完全沒幫耳朵、脖子保暖，兩片薄薄耳殼缺乏體內脂肪可供增暖，脖子又集中了腦袋和身體許多細小的交感神經和血管，因此也是保暖重點，記得戴個圍巾、耳罩保護自己。
5.三明治穿法可保命
醫師表示之前曾經急救一名心臟病發猝死的病人，護理師剪開衣服才發現，該名患者穿2層T恤加外套，但在T恤外沒穿毛衣。醫師表示，「三明治」穿著才正確，裡面棉衣西汗，中間毛衣維持體溫，外面外套防風防水，穿錯就可能流失體溫，血管收縮猝死。
6.運動前後務必暖身
遇到外面環境冰冷，體內血管會抵制、持續收縮，這時打回心臟的血流必定不足，就可能提高猝死風險。猝死好發於深夜和清晨，除了清晨運動的人，大部分人多是在家裡倒下。遇到冬季寒流籠罩時，改變起居習慣，不要以為有穿保暖衣物就夠，也別仗勢年輕就不在意預防。

資料來源：江晃榮教授",KVNT0G4BV0DITCqG2K-R,RUMOR,2019-12-04 09:53:06.192000+00:00,RUMOR,8.634635277777779,"每當寒流來襲時，台灣總是會出現猝死案例，6個保暖措施一定要注意，其中更有2個部位需要保暖。
發病年齡呈下降趨勢，還常發生在健康的青年、中年人身上，必須在日常起居中注意保暖措施，尤其冬天特別有6件事要注意：
1.早晨不要馬上下床
寒冷的冬天，被窩溫度是救命的，瞬間踢掉棉被，拿掉保暖措施，接觸冷空氣，皮膚、血管會瞬間收縮，恐引起問題，可以先穿一件外套保暖再下床。
2.用溫水刷牙洗臉
同樣道理，瞬間接觸",0,0,1,health,2020
327,161s50iawu5t2,2023-12-21 19:12:26.065000+00:00,TEXT,"國際著名醫學醫藥專家高福和張伯禮二人聯名在網上發表了抗新冠病毒最新成果。驚人喜迅，請認真閱讀，並告知親人和朋友。       據國家醫療權威機構報道，在中國哈爾濱市發現了防治新冠病毒最有效的「特效藥」，它就是東北的名吃「豬肉燉酸菜」。是的，你沒有看錯，就是這一款十分普通的豬肉燉酸菜卻對新冠病毒有百分之二百的殺傷力。經組織二百五十名國家頂級病毒學，流行病學，傳染病學和疾病防疫學專家組成的團隊近三年的研究探索，結合大量病例長期實驗，追蹤觀察，已得出最終研究結果：得了新冠不可怕，豬肉燉酸菜一掃光。究其原因這豬肉燉酸菜里含有二種對抗新冠病毒絕對有效的成份。簡單的說就是豬肉的肥膩，這是其他的動物類肉品中沒有的特殊味道，由豬肉中的一種叫做xEMS的物質所發出，能夠抑制新冠病毒的生長髮育，使症狀升級緩慢，毒性減輕，從而更好的抑制病情的發展。豬肉燉酸菜中還含有一種叫植物酸的物質，用xBgvY來表示，是最近由科學家們在研究中新發現的，就是這種物質能夠幫助人體內抗體共同作戰，使新冠病毒在人體內迅速衰亡消失，從而起到徹底治癒新冠肺炎的作用。
   這篇名為巜給世界抗疫增添核武器級別的終極武器，真正抗新冠的特效藥來了》的專著已在世界醫療界著名雜誌《柳葉刀》發表，引起全球轟動，更引起世界衛生組織的極端重視。這種影響是顛覆人類的認識且具有極大震撼力的。豬肉燉酸菜是中國東北傳統美食，是黑、吉、遼一帶千百萬人最喜歡的名吃之一，吃著豬肉燉酸菜、喝著高度小燒酒，它不僅能抵御東北的寒冷，還能夠抵御治療新冠，我們何樂而不為之？ 經進一步深入研究，再配上大蒜和辣椒效果更加強大，因大蒜和辣椒中含有一種gzyx的獨特物質，對新冠病毒也有非同一般的殺傷和抑製作用。加上豬肉燉酸菜的強大威力結合你自身的免疫力，新冠病毒還有好嗎？咱們再笨，也能尋思想明白的。
    最後祝朋友們在品嘗東北豬肉燉酸菜同時，抵御住疫情和嚴寒的侵襲，盡情享受美好自由的生活，以健康的體魄，充沛的精力和放鬆愉悅的心情去擁抱春節的到來吧！",9feN7IwBAjOeMOklKTMa,RUMOR,2024-01-09 04:48:43.290000+00:00,RUMOR,441.60478472222223,國際著名醫學醫藥專家高福和張伯禮二人聯名在網上發表了抗新冠病毒最新成果。驚人喜迅，請認真閱讀，並告知親人和朋友。       據國家醫療權威機構報道，在中國哈爾濱市發現了防治新冠病毒最有效的「特效藥」，它就是東北的名吃「豬肉燉酸菜」。是的，你沒有看錯，就是這一款十分普通的豬肉燉酸菜卻對新冠病毒有百分之二百的殺傷力。經組織二百五十名國家頂級病毒學，流行病學，傳染病學和疾病防疫學專家組成的團隊近三年的,0,1,2,health,2024
328,2fg14vza4byc8,2024-01-06 03:17:49.640000+00:00,TEXT,這是老巢蜜，從三年取一次的野生老蜂巢裡面壓榨過濾出來的蜜，口感醇厚，入口即化，甜而不膩，常喝有抗菌抗病毒，提高免疫力，保護口腔，滋陰固陽的功效。價格是2950新台幣一瓶（淨重500克），3瓶一份8850新台幣。,NZbsxo4BQ_PNHtDO-o6G,NOT_ARTICLE,2024-04-10 07:33:23.203000+00:00,NOT_ARTICLE,2284.259323055556,這是老巢蜜，從三年取一次的野生老蜂巢裡面壓榨過濾出來的蜜，口感醇厚，入口即化，甜而不膩，常喝有抗菌抗病毒，提高免疫力，保護口腔，滋陰固陽的功效。價格是2950新台幣一瓶（淨重500克），3瓶一份8850新台幣。,0,0,1,health,2024
329,2f4v5mul8uhfu,2023-10-27 03:19:12.532000+00:00,TEXT,你可以添加客服賴sb15668了解具體做工流程和產品，謝謝,VfWpb4sBAjOeMOklNmjC,RUMOR,2023-10-27 05:44:02.497000+00:00,RUMOR,2.413879166666667,你可以添加客服賴sb15668了解具體做工流程和產品，謝謝,0,0,0,other,2024
330,310hevvugig43,2024-03-21 04:22:20.157000+00:00,TEXT,這種情況就需要專門IT技術來處理，專門利用司法允許的網絡技術來幫助妳們這些案件無法通過正常司法程序來挽回損失，這麼說妳可以理解嗎,u5x4X44BBMtPEaE0SfP_,RUMOR,2024-03-21 05:25:02.591000+00:00,RUMOR,1.0451205555555556,這種情況就需要專門IT技術來處理，專門利用司法允許的網絡技術來幫助妳們這些案件無法通過正常司法程序來挽回損失，這麼說妳可以理解嗎,0,0,0,other,2024
331,3sjtsup45eu0v,2019-12-11 13:25:55.463000+00:00,TEXT,別再浪費錢了！維骨力因為無療效，被踢出健保給付- https://www.thenewslens.com/article/88223,41bt9W4BV0DITCqGBA84,RUMOR,2019-12-11 17:06:21.366000+00:00,RUMOR,3.673861944444445,別再浪費錢了！維骨力因為無療效，被踢出健保給付- https://www.thenewslens.com/article/88223,0,0,0,other,2020
332,3d6iouqd5k6xq,2023-11-07 00:16:16.034000+00:00,TEXT,"【基本客詢申請表格】
#本公司免抵押免保人#
請幫我填寫以下資料，複製表格填寫，資料請填寫完整，填寫完回傳後，最慢10分鐘內回覆您！
姓名:
電話:
年次:
身份證字號:
需要金額:
資金用途:
工作職稱：
薪資：
目前住址:
租屋或自宅：
是否與家人同住：
---------------------------------------------
✅非高利貸 ✅非詐騙 ✅當天撥款，放心您所填的資料我們都會做為保密，僅此首次申請用。
P.s填完資料後，請稍後，暫時不要詢問別間，一次詢問多間會有衝突，導致您借不到錢。",tfiUq40BAjOeMOklqzg4,RUMOR,2024-02-15 07:04:23.608000+00:00,RUMOR,2406.8021038888887,"【基本客詢申請表格】
#本公司免抵押免保人#
請幫我填寫以下資料，複製表格填寫，資料請填寫完整，填寫完回傳後，最慢10分鐘內回覆您！
姓名:
電話:
年次:
身份證字號:
需要金額:
資金用途:
工作職稱：
薪資：
目前住址:
租屋或自宅：
是否與家人同住：
---------------------------------------------
✅非高利貸 ✅非詐騙 ✅當天撥款，放心您所填的資",2,0,0,scam,2024
333,e8tedqg3uja9,2020-03-03 04:19:33.633000+00:00,TEXT,"轉達，三月期間，所屬人員都不可以至天晟醫院看診，因為昨晚有林口的救護車載6員發燒病患至天晟醫院急診室看診(1員日本返台、5員大陸返台)，請確實週知所屬人員。

(3月期間，龜山，林口長庚及中壢，楊梅天成等4間醫院不去看醫生，",o4WznnABWiTSPYAZ5t9w,RUMOR,2020-03-03 04:42:34.990000+00:00,RUMOR,0.3837102777777778,"轉達，三月期間，所屬人員都不可以至天晟醫院看診，因為昨晚有林口的救護車載6員發燒病患至天晟醫院急診室看診(1員日本返台、5員大陸返台)，請確實週知所屬人員。

(3月期間，龜山，林口長庚及中壢，楊梅天成等4間醫院不去看醫生，",0,0,1,health,2020
334,3jrrg5lacqtj4,2023-11-16 02:52:51.075000+00:00,TEXT,"女星嚴立婷和運動員張智峰婚後育有一對子女，時常在社群分享家庭生活，9日她難過地轉述一件真實事件，閨密好友的朋友全家出國玩，到某家餐廳吃飯時，12歲女兒跟父母說要如廁，卻一去不回，嚴立婷呼籲父母「不要讓孩子離開你的視線」，也要教育小孩務必保持警覺心。

嚴立婷9日在社群發文：「今天聽好姐妹分享一個故事，下午聽完到現在，我的心情都還是有點複雜。」她表示閨密好友的朋友全家出國旅行，到某間餐廳消費時，12歲女兒想上廁所，父母沒想太多就讓她自己去，後來意識到女兒怎麼去那麼久，才發覺「居然就再也沒有回來了」。

嚴立婷聽到這裡，開始腦補電影中各種人口販賣的可怕情節，「一個才12歲的少女，花漾年華才正要開始，她到底去哪了，或是她被誰帶去哪了，她正經歷著什麼，此刻的她到底有多麼害怕多麼無助，我真的真的真的不敢想像…她的父母該有多崩潰和自責啊！」

嚴立婷希望透過這則真實故事，提醒所有帶孩子出遊的大人們「千萬不要讓孩子離開你們的視線，警覺心多一點真的是必要的，不管孩子多大，只要他還能叫做是孩子他就只是個孩子」；嚴立婷建議小孩如廁時，爸爸陪兒子、媽媽陪女兒，假設性別交換，父母也別在外面顧滑手機，請確認廁所內有無異狀，別怕丟臉，因為這種重要時刻，面子完全不重要，「我真的聽過孩子一個人進廁所就直接消失，大人是一直在外面等的，但孩子去哪了？因為在裡面被用暈了、剃頭髮換衣服了，所以經過身邊你也不知道那就是你的孩子。」

身為兩個兒女的媽媽，嚴立婷說她常告誡孩子對任何陌生人、就算是熟人都要有警覺心，因為壞人臉上不會寫我是壞人，內心盤算什麼壞主意也不會輕易被看穿，防人之心真的不可無。嚴立婷感嘆：「從小覺得世界和平這個願望好敷衍，現在為人父母了，才真正明白這個願望有多寶貴，希望這些可惡的惡魔都能消失在這個世界上，希望這個女孩能盡快找到回家的路。」文末不忘標記「警覺性、這不是電影是發生的真實事件、不要讓孩子離開你的視線、期許所有孩子都能好好健康平安的長大」，不厭其煩地提醒其重要性。

該篇貼文曝光兩天，已有破3萬人按讚、7600多則轉發、4800多則留言，許多為人父母的網友深感認同，紛紛留言：「所以我很堅持孩子身上帶顆airtag」、「在外面我連我老婆上廁所我都跟，不要說孩子，媽媽帶女兒戰鬥力能提高多少？我寧願累一點也不要後悔一輩子」、「出國不管大人小孩最好都是結伴一起上洗手間」、「我姐夫有朋友帶小孩去某港迪士尼排隊時，只是轉個身小孩就不見了！到現在還沒找回來」、「任何時候你只要閃過一絲猶豫就不要賭運氣」、「買衣服試衣間也是，裡面還有一個門，把人帶走。」",9varFIwBAjOeMOklnyyL,OPINIONATED,2023-11-28 06:44:01.031000+00:00,OPINIONATED,291.85276555555555,"女星嚴立婷和運動員張智峰婚後育有一對子女，時常在社群分享家庭生活，9日她難過地轉述一件真實事件，閨密好友的朋友全家出國玩，到某家餐廳吃飯時，12歲女兒跟父母說要如廁，卻一去不回，嚴立婷呼籲父母「不要讓孩子離開你的視線」，也要教育小孩務必保持警覺心。

嚴立婷9日在社群發文：「今天聽好姐妹分享一個故事，下午聽完到現在，我的心情都還是有點複雜。」她表示閨密好友的朋友全家出國旅行，到某間餐廳消費時，12",0,0,0,other,2024
335,27nomokwcyzez,2020-03-24 12:00:41.220000+00:00,TEXT,印度封城偷偷出来的下場就是挨揍！,lgZzDHEBrhVJn3LNK_5Y,RUMOR,2020-03-24 12:10:06.551000+00:00,RUMOR,0.1570363888888889,印度封城偷偷出来的下場就是挨揍！,0,0,0,other,2020
336,1w1fx4lvbdhk9,2020-03-20 06:34:26.284000+00:00,TEXT,"上午總部防疫會議補充說明:
1.白帖只要去且非法定喪假資格者就要填聲明書，並居家上班14天；有法定喪假資格者，隔天也要居家上班14天。
2.掃墓在塔內就要填聲明書，並居家上班14天；在戶外墓地不用填聲明書及居家14天，只要自主健康管理。建議在塔外拜祖先，不要進入，因為密閉空間風險大。",DAXI-nABrhVJn3LNOZKh,RUMOR,2020-03-21 01:49:50.880000+00:00,RUMOR,19.256832222222226,"上午總部防疫會議補充說明:
1.白帖只要去且非法定喪假資格者就要填聲明書，並居家上班14天；有法定喪假資格者，隔天也要居家上班14天。
2.掃墓在塔內就要填聲明書，並居家上班14天；在戶外墓地不用填聲明書及居家14天，只要自主健康管理。建議在塔外拜祖先，不要進入，因為密閉空間風險大。",0,0,1,health,2020
337,10i1pp5m3y18t,2020-03-28 01:07:02.256000+00:00,TEXT,https://www.storm.mg/article/2436811,jggxInEBrhVJn3LNGccO,NOT_RUMOR,2020-03-28 17:29:35.244000+00:00,NOT_RUMOR,16.37583,https://www.storm.mg/article/2436811,0,0,0,other,2020
338,3d7rlq59i4byo,2024-02-24 15:42:50.753000+00:00,TEXT,今早金廈海域、大陸十艘漁船衝撞海巡船、報復開始！看來事情越演越烈頗有不可收拾的地步。,1Ztb340BBMtPEaE0Jwi4,RUMOR,2024-02-25 08:21:49.619000+00:00,RUMOR,16.649685,今早金廈海域、大陸十艘漁船衝撞海巡船、報復開始！看來事情越演越烈頗有不可收拾的地步。,0,0,0,other,2024
339,1ovabs61w41tt,2020-03-08 22:09:27.760000+00:00,TEXT,"台灣真棒！中研院破紀錄19天研發快篩試劑，篩檢時間縮至15分鐘
https://www.edh.tw/article/23832",IpfcvXABXgMiGHzRqH5x,NOT_RUMOR,2020-03-09 05:55:19.791000+00:00,NOT_RUMOR,7.764453055555555,"台灣真棒！中研院破紀錄19天研發快篩試劑，篩檢時間縮至15分鐘
https://www.edh.tw/article/23832",0,0,0,other,2020
340,2fzoqbdbhqtzu,2023-11-09 04:47:29.781000+00:00,TEXT,"Yahoo 新聞報導~
明天開始記得帶口罩

黴漿菌已入侵台灣   潛伏期21天  專侵襲肺部 目前沒有疫苗可以施打 久咳不癒要小心。出入公共場所口罩戴好戴滿。
「黴漿菌」下月恐爆發！營養師曝預防肺炎黴漿菌「必做8事+吃6類食物」

https://ynews.page.link/ufpYX",TvV3yIsBAjOeMOklqNMB,RUMOR,2023-11-13 11:36:06.912000+00:00,RUMOR,102.81031416666669,"Yahoo 新聞報導~
明天開始記得帶口罩

黴漿菌已入侵台灣   潛伏期21天  專侵襲肺部 目前沒有疫苗可以施打 久咳不癒要小心。出入公共場所口罩戴好戴滿。
「黴漿菌」下月恐爆發！營養師曝預防肺炎黴漿菌「必做8事+吃6類食物」

https://ynews.page.link/ufpYX",0,0,3,health,2024
341,1i4yf9emwnclt,2020-01-26 11:51:13.284000+00:00,TEXT,轉傳參考看看：這台商是住果貿！寬來順早餐的區域，目前掌握訊息，該名台商為浪琴嶼住戶，他有去左營大路上的彭賢禮皮膚科看病，剛剛楠梓人的群組出現，住在楠梓後昌路一位女性自稱與台商打麻將，出現發燒症狀在海總掛急診，已經被隔離觀察。昨日九點多海總急診室已經封起來了...警衛已經不讓進了！！高雄市已經進入ㄧ級防疫狀態！沒有事不要外出！另外出一定要戴口罩，勤，洗手一定要做好！,gmO14m8Bd3n3h-WYiH0m,RUMOR,2020-01-26 16:35:45.310000+00:00,RUMOR,4.742229444444445,轉傳參考看看：這台商是住果貿！寬來順早餐的區域，目前掌握訊息，該名台商為浪琴嶼住戶，他有去左營大路上的彭賢禮皮膚科看病，剛剛楠梓人的群組出現，住在楠梓後昌路一位女性自稱與台商打麻將，出現發燒症狀在海總掛急診，已經被隔離觀察。昨日九點多海總急診室已經封起來了...警衛已經不讓進了！！高雄市已經進入ㄧ級防疫狀態！沒有事不要外出！另外出一定要戴口罩，勤，洗手一定要做好！,0,0,0,other,2020
342,1bcz9s8g0kerv,2024-01-08 01:41:53.495000+00:00,TEXT,"陳定南的死被賴清德害的！
賴清德負責監控陳定南選省長，助宋楚瑜當選了
陳定南得知憂怒成疾而亡

「賴與春風」賴皮德線民經歷曝光 檔案 錄音流出
https://www.truetjl.com/archives/1205",pfeE_YwBAjOeMOklw065,RUMOR,2024-01-12 11:53:05.720000+00:00,RUMOR,106.18672916666668,"陳定南的死被賴清德害的！
賴清德負責監控陳定南選省長，助宋楚瑜當選了
陳定南得知憂怒成疾而亡

「賴與春風」賴皮德線民經歷曝光 檔案 錄音流出
https://www.truetjl.com/archives/1205",0,1,0,political,2024
343,11yn30jnyg08g,2020-03-06 23:43:56.104000+00:00,TEXT,"俄羅斯研究所今日頭條:

新冠狀病毒究竟來源於哪個國家用一個時間表來回答你的問題。

2019年8月3日。美國最大的生化武器基地德特裡克堡因為不可告人原因緊急關閉。

2019年9月，美國馬利蘭州的3名“感冒”患者前往華盛頓，兩個星期後，多個州爆發“感冒”，這些感冒患者無法用現有的抗生素治愈，大部分因肺部嚴重感染而死亡。

2019年10月18日-27日世界軍運會在武漢舉行。由於軍運會允許自帶車輛和設備，美國派出身分不明的人員冒充運動員，最終美國排名38位，沒有拿到任何項目的金牌。這些身份不明的人員在運動會期間，並沒有像其他國家的運動員一樣積極做賽前訓練，而是大肆活躍在在武漢各個公眾場所。

2019年11月1日，華南海鮮市場一名水果攤販發生不明原因肺部感染。

2020年1月23日。武漢全城無中心點無邏輯性地爆發新冠病毒引起的肺炎，武漢封城。

2020年1月31日，美國為了混淆視聽，發動網軍指責中國製造了新冠病毒。

2020年2月23日，中科院最新全球病毒數據抽樣跟蹤，美國“流感”致死的患者，無感冒病毒卻分離出來的新型病毒毒株，與中國現在的新冠病毒毒株DNA序列基本一致。",I4dNtnABWiTSPYAZHaHV,RUMOR,2020-03-07 18:41:12.139000+00:00,RUMOR,18.954454166666668,"俄羅斯研究所今日頭條:

新冠狀病毒究竟來源於哪個國家用一個時間表來回答你的問題。

2019年8月3日。美國最大的生化武器基地德特裡克堡因為不可告人原因緊急關閉。

2019年9月，美國馬利蘭州的3名“感冒”患者前往華盛頓，兩個星期後，多個州爆發“感冒”，這些感冒患者無法用現有的抗生素治愈，大部分因肺部嚴重感染而死亡。

2019年10月18日-27日世界軍運會在武漢舉行。由於軍運會允許自帶車輛",0,0,3,health,2020
344,10hxw8sthfsis,2024-04-05 02:13:04.747000+00:00,TEXT,"這是福建泉州最先進的「地震警報器」~ 在2024/4/3 早上 7:55分開始預報警訊 (地震即將發生)→ 上午7:58分，這個 Office 在地震預報器旁邊的泉州人說：

「啊~ 在臺灣近海~」",epb4x44BQ_PNHtDOo5AI,RUMOR,2024-04-10 12:25:44.455000+00:00,RUMOR,130.21103,"這是福建泉州最先進的「地震警報器」~ 在2024/4/3 早上 7:55分開始預報警訊 (地震即將發生)→ 上午7:58分，這個 Office 在地震預報器旁邊的泉州人說：

「啊~ 在臺灣近海~」",0,0,0,other,2024
345,2v0pqvtctmxfr,2023-11-18 06:56:59.604000+00:00,TEXT,"堂堂百年大黨要一個只有成立四年的小黨讓分？實在丟臉喔。
要民眾黨民調讓3%已經夠丟臉了，居然還要民眾黨讓6%？

國民黨的問題出在朱立倫提一個不夠格的侯友宜，人民不願意勉強接受。國民黨才有一連串的低民調。


快訊／藍白破局！莊伯仲揭2關鍵　嘆「不想合作有100個理由」 https://www.ettoday.net/news/20231118/2625537.htm?from=ettoday_app",QvU94YsBAjOeMOkllfFB,OPINIONATED,2023-11-18 07:03:11.424000+00:00,OPINIONATED,0.1032833333333333,"堂堂百年大黨要一個只有成立四年的小黨讓分？實在丟臉喔。
要民眾黨民調讓3%已經夠丟臉了，居然還要民眾黨讓6%？

國民黨的問題出在朱立倫提一個不夠格的侯友宜，人民不願意勉強接受。國民黨才有一連串的低民調。


快訊／藍白破局！莊伯仲揭2關鍵　嘆「不想合作有100個理由」 https://www.ettoday.net/news/20231118/2625537.htm?from=ettoday_a",0,4,0,political,2024
346,pvy39vvajfzb,2024-02-06 09:28:59.051000+00:00,TEXT,2028總統選舉在2024總統選舉剛結束，台中市長姓盧開始出招了，這是在野的國民黨，最喜歡用的一個奧步，是認知戰的一種，蔡總統選舉時的中研院院長翁啟惠 ，經建會主委劉意如，在宇昌案竄改公文日期，惡意中傷蔡總統；上次台北市長選舉，國民黨和他的市長侯選人蔣萬安，一再對執政黨及其後選人陳時中惡意抹黑，在疫苗採購及防疫措施上的已連串攻擊，奏效，陳時中落選，（當然影響選舉勝敗的因素很多），國民黨食髓知味，會在今後選舉，繼續使用，且會進化，沒想到剛選完，就開始發動攻勢，是由台中市開的喔開第一槍，不要小看姓盧的，踏的政治手腕更勝當年大內高手宋楚瑜，身段柔軟，長袖衫善舞，禮數週到，八面玲瓏，是一個非常可怕的對手，可以把喪事當喜事辦，把黑的變成白的，台糖的五花肉的瘦肉精，就是姓盧的總統夢的起手式，台灣的政治越來越精緻，越可怕，大家皮要繃緊一點，思路也要細緻些，面對這些可怕的中國人，不要像許多年輕人，被行柯的耍的團團轉，被賣了還要幫忙數鈔票，且說聲謝謝，您辛苦了。,Ove3hY0BAjOeMOklWvgu,OPINIONATED,2024-02-07 22:36:42.414000+00:00,OPINIONATED,37.12871194444445,2028總統選舉在2024總統選舉剛結束，台中市長姓盧開始出招了，這是在野的國民黨，最喜歡用的一個奧步，是認知戰的一種，蔡總統選舉時的中研院院長翁啟惠 ，經建會主委劉意如，在宇昌案竄改公文日期，惡意中傷蔡總統；上次台北市長選舉，國民黨和他的市長侯選人蔣萬安，一再對執政黨及其後選人陳時中惡意抹黑，在疫苗採購及防疫措施上的已連串攻擊，奏效，陳時中落選，（當然影響選舉勝敗的因素很多），國民黨食髓知味，會,0,5,1,political,2024
347,33gpc87x3xqr9,2020-02-14 22:10:38.369000+00:00,TEXT,"媽祖祈求武漢早平息⛩️
免費下載媽祖貼圖 只限今日!!
http://bit.ly/LINEStore-mazu",nkbQRnABHjv_5zI2gjkk,RUMOR,2020-02-15 03:07:14.851000+00:00,RUMOR,4.943467222222222,"媽祖祈求武漢早平息⛩️
免費下載媽祖貼圖 只限今日!!
http://bit.ly/LINEStore-mazu",1,0,0,scam,2020
348,kokoaixqmyt2,2023-10-22 08:44:30.303000+00:00,TEXT,以上是關於職缺的說明，有任何問題都可以直接提出，沒問題的話告知一下，會提供給您公司的簡易履歷，若對簡歷內容有疑慮的地方可以留空不填，完畢後會再馬上為您安排❤️,8vXs2IsBAjOeMOklaOdW,RUMOR,2023-11-16 16:17:33.782000+00:00,RUMOR,607.5509663888888,以上是關於職缺的說明，有任何問題都可以直接提出，沒問題的話告知一下，會提供給您公司的簡易履歷，若對簡歷內容有疑慮的地方可以留空不填，完畢後會再馬上為您安排❤️,0,0,0,other,2024
349,2wt6l0hcj7tlz,2019-11-08 01:51:20.212000+00:00,TEXT,https://youtu.be/Cnme27cfoQw,3VbN-m4BV0DITCqGUmJ1,OPINIONATED,2019-12-12 15:49:50.194000+00:00,OPINIONATED,829.9749949999999,https://youtu.be/Cnme27cfoQw,0,0,0,other,2020
350,xdkxv71hh3c5,2023-12-01 02:32:35.139000+00:00,TEXT,"*祝我們大家生日快樂，我們都應該慶祝自己。 2023年*

*今天大家的年齡是2023*
  你知道嗎，今天全世界都是同齡！ 今天是個非常特別的日子，每千年 (1,000) 年才會發生一次。
  你的年齡+你的出生年份，每人=2023。
  太奇怪了，連專家都無法解釋！ 你看看是不是2023年了，已經等了一千年了！
  例子：
  我今年50歲了。
  我出生於1973年
  所以50+1973=2023
  使用您今年的年齡。
  例子：
  我出生於1996年，今年27歲
  1996 +27=2023
  很有意思。 請試試看（祝大家生日快樂🎉🎉🎉🎉🎂🎂🎂
*祝我們大家生日快樂，我們都應該慶祝自己。 2023年*

*今天大家的年齡是2023*
  你知道嗎，今天全世界都是同齡！ 今天是個非常特別的日子，每千年 (1,000) 年才會發生一次。
  你的年齡+你的出生年份，每人=2023。
  太奇怪了，連專家都無法解釋！ 你看看是不是2023年了，已經等了一千年了！
  例子：
  我今年50歲了。
  我出生於1973年
  所以50+1973=2023
  使用您今年的年齡。
  例子：
  我出生於1996年，今年27歲
  1996 +27=2023
  很有意思。 請試試看（祝大家生日快樂🎉🎉🎉🎉🎂🎂🎂",dfYcKYwBAjOeMOklikY5,RUMOR,2023-12-02 05:59:45.464000+00:00,RUMOR,27.452868055555555,"*祝我們大家生日快樂，我們都應該慶祝自己。 2023年*

*今天大家的年齡是2023*
  你知道嗎，今天全世界都是同齡！ 今天是個非常特別的日子，每千年 (1,000) 年才會發生一次。
  你的年齡+你的出生年份，每人=2023。
  太奇怪了，連專家都無法解釋！ 你看看是不是2023年了，已經等了一千年了！
  例子：
  我今年50歲了。
  我出生於1973年
  所以50+1973=",0,0,0,other,2024
351,214idaig9pnn4,2020-01-10 16:00:32.189000+00:00,TEXT,"網軍楊蕙如, 用發票影本向地方政府及中央兩處拿錢, 鑽法律漏洞, 申請補助！ 

柯文哲：已全案送檢調！ 但中央在選前, 應不會把資料拿出來！

https://youtu.be/65vr0M53ncM

",d16rkG8Bd3n3h-WY6NMr,RUMOR,2020-01-10 18:16:22.826000+00:00,RUMOR,2.264065833333333,"網軍楊蕙如, 用發票影本向地方政府及中央兩處拿錢, 鑽法律漏洞, 申請補助！ 

柯文哲：已全案送檢調！ 但中央在選前, 應不會把資料拿出來！

https://youtu.be/65vr0M53ncM

",0,1,0,political,2020
352,2zlpy9zafughn,2024-01-04 10:35:37.748000+00:00,TEXT,"👇30秒搞懂「555專案侯康貸」
https://youtu.be/gizvsv3usPU?si=oQN9SoyV_uhhZQiZ
👇快問快答「555專案侯康貸」鄉民十問
https://youtu.be/cOYMMAhL4kI?si=0NcWYNGBq2cFbCwf
👇「侯康貸」與「青安貸」超級比一比
https://youtu.be/RcJOo1nedsk?si=F2rF0CU6St4Ds3CJ
👇闢謠「侯康貸」不當的江湖類比
https://youtu.be/pmJUtHLJbeo?si=vnVHToLyNJejS8GM
👆敬請點閱👍",-veS1IwBAjOeMOklyhTJ,OPINIONATED,2024-01-04 13:03:59.177000+00:00,OPINIONATED,2.4726191666666666,"👇30秒搞懂「555專案侯康貸」
https://youtu.be/gizvsv3usPU?si=oQN9SoyV_uhhZQiZ
👇快問快答「555專案侯康貸」鄉民十問
https://youtu.be/cOYMMAhL4kI?si=0NcWYNGBq2cFbCwf
👇「侯康貸」與「青安貸」超級比一比
https://youtu.be/RcJOo1nedsk?si=F2rF0CU6St4Ds3C",0,0,0,other,2024
353,uiqp1r3kch1r,2020-03-25 15:07:05.266000+00:00,TEXT,"一個人在外生活不容易啊 不要忘了要按時喝酒
公賣局關心您",7QdmEnEBrhVJn3LNQoLU,RUMOR,2020-03-25 15:53:43.891000+00:00,RUMOR,0.7773958333333333,"一個人在外生活不容易啊 不要忘了要按時喝酒
公賣局關心您",0,0,0,other,2020
354,164iqjpw9k8i0,2023-11-15 09:52:00.708000+00:00,TEXT,"11月13日開始晚上10點春安開始到2月11號晚上12點止，每天有臨檢及重大違規（全國全面加強取締，如：闖紅燈、無照駕駛、酒後駕車等）取締，騎車要小心。以上轉傳
高速公路今天開始，出入口閘道不定時傍晚會有警察臨檢喔～
後座！後座！後座！乘客
未繫安全帶！
罰款一人三千，兩人6000元，請告訴家人要注意！",BfVM2IsBAjOeMOkl-udS,RUMOR,2023-11-16 13:23:25.393000+00:00,RUMOR,27.52352361111111,"11月13日開始晚上10點春安開始到2月11號晚上12點止，每天有臨檢及重大違規（全國全面加強取締，如：闖紅燈、無照駕駛、酒後駕車等）取締，騎車要小心。以上轉傳
高速公路今天開始，出入口閘道不定時傍晚會有警察臨檢喔～
後座！後座！後座！乘客
未繫安全帶！
罰款一人三千，兩人6000元，請告訴家人要注意！",1,0,0,scam,2024
355,2e7r40z98stuo,2024-02-22 05:10:50.963000+00:00,TEXT,"那我先幫妳做入職登記❤️
姓名：
電話：
------------------------------------------------
簡單步驟1
只需你提供 證明成年 即可入職
例如：健保卡/身分證/小黃卡/駕照，不需要露臉，只需拍到 "" 出生年月日、姓名 "" 即可，其他不必拍到，確認你已經成年之後，你可以馬上收回照片。
------------------------------------------------
以上步驟都完成之後，我會給你姐姐的聯繫方式，可以直接跟姐姐聯繫，就可以馬上開始賺錢日領囉😁",MmOj2Y4BUCqzrknp2wsD,RUMOR,2024-04-13 22:46:18.115000+00:00,RUMOR,1241.5908755555554,"那我先幫妳做入職登記❤️
姓名：
電話：
------------------------------------------------
簡單步驟1
只需你提供 證明成年 即可入職
例如：健保卡/身分證/小黃卡/駕照，不需要露臉，只需拍到 "" 出生年月日、姓名 "" 即可，其他不必拍到，確認你已經成年之後，你可以馬上收回照片。
-----------------------------------",1,0,0,scam,2024
356,3hxxqkzk2bmpn,2024-01-05 06:20:36.638000+00:00,TEXT,"Chat GPT真的超級厲害！ 
有人寫了兩句對聯
左聯是：
「ㄧ盅各表」
右聯是：
「酒二共識」
廣求橫批，ㄧ直沒人對的很好，沒想到上網詢問
ChatGPT，居然回答對出了神橫批：～「合瓶共醇」❤️",BPieq40BAjOeMOkl-jnp,RUMOR,2024-02-15 07:15:39.368000+00:00,RUMOR,984.917425,"Chat GPT真的超級厲害！ 
有人寫了兩句對聯
左聯是：
「ㄧ盅各表」
右聯是：
「酒二共識」
廣求橫批，ㄧ直沒人對的很好，沒想到上網詢問
ChatGPT，居然回答對出了神橫批：～「合瓶共醇」❤️",0,0,0,other,2024
357,18ea8g8zxvdrs,2024-02-17 13:08:39.067000+00:00,TEXT,"誠徵（正、兼職）行政人員 
地點：居家使用手機就能作業
職缺：資料處理
時間：14:00-20:00
內容：簡易事務處理、完成待辦事項
薪資：正職底薪二萬八，兼職週領三千-五千
時間：週一至週五
福利：滿三個月後調整薪資、滿半年即可享受2個月年終獎金、及春酒尾牙等
聯絡人：陳小姐
賴ID: ggg.661
備註：
工作不難，簡化容易上手，歡迎重回職場，兼職，待業，寶媽，不分男女老少，缺工作都可以詢問唷

全職媽媽、護理人員皆有補助
❌不是代工❌

📣再次強調、絕無詐騙、簡單兼職工作、絕對沒問題
✅態度決定你的工作機會 勞動力決定你的薪資
#無需提供個資與提款卡",zZrTt40BBMtPEaE0dsU1,RUMOR,2024-02-17 16:08:25.396000+00:00,RUMOR,2.9962025,"誠徵（正、兼職）行政人員 
地點：居家使用手機就能作業
職缺：資料處理
時間：14:00-20:00
內容：簡易事務處理、完成待辦事項
薪資：正職底薪二萬八，兼職週領三千-五千
時間：週一至週五
福利：滿三個月後調整薪資、滿半年即可享受2個月年終獎金、及春酒尾牙等
聯絡人：陳小姐
賴ID: ggg.661
備註：
工作不難，簡化容易上手，歡迎重回職場，兼職，待業，寶媽，不分男女老少，缺工作都可以詢",3,0,0,scam,2024
358,3t2zjvmpfmesc,2019-10-16 07:15:16.003000+00:00,TEXT,"老年痴呆很可怕,预防原来这么简单,可惜99%的人不知道!(视频)",pllsQm8Bd3n3h-WY5e97,RUMOR,2019-12-26 13:37:10.521000+00:00,RUMOR,1710.365143888889,"老年痴呆很可怕,预防原来这么简单,可惜99%的人不知道!(视频)",0,0,0,other,2020
359,s67h9u9zhvdo,2020-02-19 19:40:06.428000+00:00,TEXT,https://www.facebook.com/story.php?story_fbid=171729380919210&id=100994117992737,SUhdYHABHjv_5zI2UhVr,RUMOR,2020-02-20 02:11:33.610000+00:00,RUMOR,6.524217222222222,https://www.facebook.com/story.php?story_fbid=171729380919210&id=100994117992737,0,0,0,other,2020
360,2touxwqpdd9bc,2019-12-26 02:06:55.575000+00:00,TEXT,"有鬼！！
選舉前、中選會通過更改開票流程，要唱領票人數多少這條刪除！！",71n_QG8Bd3n3h-WYnNE1,RUMOR,2019-12-26 06:58:11.124000+00:00,RUMOR,4.8543191666666665,"有鬼！！
選舉前、中選會通過更改開票流程，要唱領票人數多少這條刪除！！",0,1,0,political,2020
361,juw231n9r86j,2024-01-18 09:19:16.657000+00:00,TEXT,這些朋友都是實實在在按照我的步驟瘦下來的，根據你的情況我按照健康三步（調理--分解脂肪減重-鞏固定型）幫你去減，從根源解決問題。這樣才能順利幫你減下來並且保持長期不復胖。整體規劃大概50天左右的時間減15公斤，時間上可以接受嗎？,hfcWKY0BAjOeMOklSoIt,RUMOR,2024-01-20 22:55:43.148000+00:00,RUMOR,61.60735861111112,這些朋友都是實實在在按照我的步驟瘦下來的，根據你的情況我按照健康三步（調理--分解脂肪減重-鞏固定型）幫你去減，從根源解決問題。這樣才能順利幫你減下來並且保持長期不復胖。整體規劃大概50天左右的時間減15公斤，時間上可以接受嗎？,0,0,1,health,2024
362,k9i72wvj3bg9,2024-02-17 09:27:30.368000+00:00,TEXT,退一步講，我如果真心要騙你，我何必給你安排貨到付款，直接給你讓你轉賬給我不是更快更方便嗎？,DZsJ8Y0BBMtPEaE0BkRj,RUMOR,2024-02-28 18:45:17.027000+00:00,RUMOR,273.29629416666666,退一步講，我如果真心要騙你，我何必給你安排貨到付款，直接給你讓你轉賬給我不是更快更方便嗎？,0,0,0,other,2024
363,2x3xy2vw1qmz3,2024-01-04 15:14:43.140000+00:00,TEXT,"轉貼
邱毅查出［賴清德和他的助理有私生子,現住天母°］請看下面兩段視頻便知°",7Pcn1YwBAjOeMOkl6hVn,RUMOR,2024-01-04 15:46:52.134000+00:00,RUMOR,0.5358316666666666,"轉貼
邱毅查出［賴清德和他的助理有私生子,現住天母°］請看下面兩段視頻便知°",0,1,0,political,2024
364,3cb1amthego4p,2019-11-05 00:08:58.633000+00:00,TEXT,市面上充斥的駭客充電器 是真是假,90lAOW4BV0DITCqGY_k3,NOT_RUMOR,2019-11-05 01:49:11.348000+00:00,NOT_RUMOR,1.6701986111111111,市面上充斥的駭客充電器 是真是假,0,0,0,other,2020
365,rp3xlxyyxpjr,2024-01-11 12:51:06.807000+00:00,TEXT,妳好 嘉源公司徵長期 短期 家庭代工 一個月差不多有1到2萬的收入 還挺簡單的喔 妳有興趣嗎,k2PwXo8BUCqzrknpLNdG,RUMOR,2024-05-09 19:59:09.379000+00:00,RUMOR,2863.134047777778,妳好 嘉源公司徵長期 短期 家庭代工 一個月差不多有1到2萬的收入 還挺簡單的喔 妳有興趣嗎,0,0,0,other,2024
366,1nns16sdaenkz,2024-01-04 03:44:31.085000+00:00,TEXT,在台灣盡量不要與人有行車糾紛，忍一時可保生命安全，現在年輕人，有些人很殘暴。,Ovel04wBAjOeMOklUBNo,RUMOR,2024-01-04 08:44:35.815000+00:00,RUMOR,5.001313888888888,在台灣盡量不要與人有行車糾紛，忍一時可保生命安全，現在年輕人，有些人很殘暴。,0,0,0,other,2024
367,1p4iznjnrro3e,2019-12-04 12:29:47.544000+00:00,TEXT,台南市警方威力掃蕩八大行業 昨日臨檢台南大舞廳 春天酒店,CVMs0W4BV0DITCqGh8Lf,OPINIONATED,2019-12-04 13:49:46.843000+00:00,OPINIONATED,1.3331386111111112,台南市警方威力掃蕩八大行業 昨日臨檢台南大舞廳 春天酒店,0,0,0,other,2020
368,vxk9q27uba51,2024-01-04 04:28:32.762000+00:00,TEXT,"Welcome  創富團隊
💎創造財富💎鋒芒萬丈💎

新夥伴加入，請放上真實頭像並在名稱後方備註上員工編號

(例：王小明-nmn000)
強烈抵制黑心團隊，圖謀不軌的人士
保障網路社群安全，人人有責💪💪💪

💎創造財富💎鋒芒萬丈💎

📈精準分析
星期一到星期六開放
(周日不開放)
🕖19:00
❗️不需任何費用 本金由團隊提供
❗️下單請當作兼職 切勿當作正職
❗️不提倡博弈 請勿在非跟單期間自行操作

💎創造財富💎鋒芒萬丈💎

等待兼職💼工作名額的同學
請隨時留意秘書的訊息✉️
任何兼職上的問題請找祕書詢問

💎創造財富💎鋒芒萬丈💎

夢想如果沒有執行只是夢想
創富團隊致力幫助每一位會員成為鑽石一樣
持久以恆，閃閃發光，開始創造屬於自己的閃耀人生
💥專案是由指導老師基於市場波動
幫助各位會員爭取開放的 全憑個人意願❗️❗️❗️

💎創造財富💎鋒芒萬丈💎

凡有任何問題或是操作不懂，歡迎踴躍向我們詢問

👩‍🏫指導老師：依妍🏰Eileen
    
👩‍🏫指導秘書：Yizhen怡珍☀️秘書",eeSkDZMBd8PNbJEMbe_a,RUMOR,2024-11-08 21:18:20.120000+00:00,RUMOR,7432.829821666666,"Welcome  創富團隊
💎創造財富💎鋒芒萬丈💎

新夥伴加入，請放上真實頭像並在名稱後方備註上員工編號

(例：王小明-nmn000)
強烈抵制黑心團隊，圖謀不軌的人士
保障網路社群安全，人人有責💪💪💪

💎創造財富💎鋒芒萬丈💎

📈精準分析
星期一到星期六開放
(周日不開放)
🕖19:00
❗️不需任何費用 本金由團隊提供
❗️下單請當作兼職 切勿當作正職
❗️不提倡博弈 請勿在非跟單期間自",3,0,0,scam,2024
369,290s0v4d8edp,2019-12-16 15:06:01.833000+00:00,TEXT,https://tw.mobi.yahoo.com/news/%E5%B9%B4%E8%BC%95%E4%BA%BA%E8%96%AA%E6%B0%B4%E5%81%9C%E6%BB%AF%E4%BF%A1%E8%B2%B8%E5%A2%9E11%E8%90%AC-%E7%8E%8B%E6%98%8E%E9%89%85-%E7%9C%9F%E6%AD%A3%E5%99%A9%E5%A4%A2%E9%82%84%E6%B2%92%E4%BE%86-105518682.html,w1aED28Bd3n3h-WYGbQA,RUMOR,2019-12-16 16:21:53.023000+00:00,RUMOR,1.2642194444444443,https://tw.mobi.yahoo.com/news/%E5%B9%B4%E8%BC%95%E4%BA%BA%E8%96%AA%E6%B0%B4%E5%81%9C%E6%BB%AF%E4%BF%A1%E8%B2%B8%E5%A2%9E11%E8%90%AC-%E7%8E%8B%E6%98%8E%E9%89%85-%E7%9C%9F%E6%AD%A3%E5%99%A9%E5%A4%A2%E9,0,0,0,other,2020
370,2t8oln0lith6z,2019-11-01 02:57:01.717000+00:00,TEXT,https://news.ltn.com.tw/news/focus/paper/1121028,uE2pd24BV0DITCqGLefx,NOT_RUMOR,2019-11-17 04:40:06.381000+00:00,NOT_RUMOR,385.71796222222224,https://news.ltn.com.tw/news/focus/paper/1121028,0,0,0,other,2020
371,3i5i321h1e6wa,2024-01-08 13:30:10.989000+00:00,TEXT,韓國瑜昨晚造勢晚會上說，賴清德是礦工的兒子「憑什麼當副總統，憑什麼出來選總統」。國民黨看不起礦工的兒子！這段影片傳給你的朋友看，讓他們知道國民黨權貴充滿著如此傲慢的心態！！！,afeA_owBAjOeMOkl_1Cw,RUMOR,2024-01-12 16:28:36.143000+00:00,RUMOR,98.97365388888888,韓國瑜昨晚造勢晚會上說，賴清德是礦工的兒子「憑什麼當副總統，憑什麼出來選總統」。國民黨看不起礦工的兒子！這段影片傳給你的朋友看，讓他們知道國民黨權貴充滿著如此傲慢的心態！！！,0,4,0,political,2024
372,1u6vtlzczeirn,2020-02-03 07:41:13.352000+00:00,TEXT,這兩個美女，就是吃蝙蝠感染新冠肺炎的始發者，目前在醫院隔離，痛苦的死去活來，想到今日，何必當初的饞嘴,kmWUCnABd3n3h-WYb_xC,RUMOR,2020-02-03 10:24:24.897000+00:00,RUMOR,2.719873611111112,這兩個美女，就是吃蝙蝠感染新冠肺炎的始發者，目前在醫院隔離，痛苦的死去活來，想到今日，何必當初的饞嘴,0,0,4,health,2020
373,mswlvjotcgpd,2024-01-18 08:53:40.791000+00:00,TEXT,https://youtu.be/0mywm5BR_Pc?si=jURpq1wujUkUf4yO,zffiMY0BAjOeMOkleY1Y,RUMOR,2024-01-22 15:55:42.296000+00:00,RUMOR,103.03375138888887,https://youtu.be/0mywm5BR_Pc?si=jURpq1wujUkUf4yO,0,0,0,other,2024
374,5aw5j0ul7scw,2020-02-26 05:22:48.972000+00:00,TEXT,"去越南旅遊 ：一聽台灣來的，馬上隔離14天，隔離結束假期沒了就回台灣，
海關一問是從越南回來的，立刻又隔離14天，我這28天就這麼無辜地，只有機場一遊，還有被隔離。

過幾天，喉嚨痛好像感冒，去醫院時護士問我「有理由死嗎？還是無理由死？」
害我好為難，我怎麼會有理由死？我心想都被隔離28天了，還有什麼理由死？
而且上有高堂下有妻兒，當然回答「我沒有理由死。」然後我看到護士在表上勾選：沒有旅遊史。
：
：
健保卡一刷：醫院通知防疫局～隱瞞旅遊史～罰15萬。哇！",OYPygHABWiTSPYAZ0L_y,NOT_ARTICLE,2020-02-26 10:02:41.777000+00:00,NOT_ARTICLE,4.664668055555556,"去越南旅遊 ：一聽台灣來的，馬上隔離14天，隔離結束假期沒了就回台灣，
海關一問是從越南回來的，立刻又隔離14天，我這28天就這麼無辜地，只有機場一遊，還有被隔離。

過幾天，喉嚨痛好像感冒，去醫院時護士問我「有理由死嗎？還是無理由死？」
害我好為難，我怎麼會有理由死？我心想都被隔離28天了，還有什麼理由死？
而且上有高堂下有妻兒，當然回答「我沒有理由死。」然後我看到護士在表上勾選：沒有旅遊史。
",0,0,1,health,2020
375,30813rhisnotg,2020-01-28 10:30:56.962000+00:00,TEXT,"當年SARS在冬天發生…當年7月絕跡…原來這些病毒遇熱就會消失………
買一台電暖器就可以抵抗武漢肺炎了！",LmTj628Bd3n3h-WYdQU6,RUMOR,2020-01-28 11:22:30.073000+00:00,RUMOR,0.8591975,"當年SARS在冬天發生…當年7月絕跡…原來這些病毒遇熱就會消失………
買一台電暖器就可以抵抗武漢肺炎了！",0,0,2,health,2020
376,a3rlc6s56hug,2019-10-21 13:01:39.839000+00:00,TEXT,"環保暑推綠色旅遊,只要參加綠色旅遊,贈與萬點綠色環保集點。
參加了綠點環保集點計劃,就送2000點。

謝謝大家的捧場,已經有47位朋友們,加入「綠色環保集點」啦。
這47位都獲得了2000點環保積分,恭禧您！您得進入系統,才能盡享政策優惠。

行政院環境保護署 (#)綠點改版了
即日起~108/12/31止大眾運輸系列點數限時加碼送 最高享有20倍
集點方式: 
1: 搭乘大眾運輸工具(捷運/台鐵/公車/客運/高鐵/公共自行車/輕軌)
2: 環保行動(愛護地球)
3: 綠能消費(環保標章/碳足跡標籤/MIT微笑標章)綠色週末會員日點數10倍送

行政院環境保護署 (點數隔日入帳) 下載環保集點新版註冊 填入我的推薦碼

我的推薦碼：D0Q5T2(第二碼是數字0)

雙方各得2000綠點 (點數隔天入帳) 可兌換購買 環保標誌商品現金抵用券 餐廳  航空 國內旅遊 及渡假村現金抵用券及 兌換超商商品
點點變現金 (感謝)

安卓：https://reurl.cc/mg5dl

iOS： https://apple.co/2Z8Qj5Q

我的推薦碼： D0Q5T2(第二碼是數字0)

加了。然後？
1.次日凌晨,(過12點)2000點就會入帳
2.綁定悠遊卡,消費後,第三天入帳。
3.很多項目都有優惠,點進去,看。
4.學我,推薦人加入,每加一位2000點.
5.旅行的時候,住綠色旅館,便宜又送積分
6.悠遊卡可綁定50張,積點快速。妳的50個朋友,都可以讓積分給妳。您可先找一位試試看,她搭火車,捷運,高鐵,您都快速累積。
7.我目前介紹的 47位=94000
我初始加入,得           =   2000
悠遊卡積點                =     378

合計                              96,378
8.趕快點進去,立即送2000點
9.
點進去
填手機
自設密碼

系統傳「確認碼」到手機
自己輸入確認碼

2000點,隔日入帳",P0Wu9G0BV0DITCqGO5lG,NOT_ARTICLE,2019-10-22 18:15:22.181000+00:00,NOT_ARTICLE,29.228428333333333,"環保暑推綠色旅遊,只要參加綠色旅遊,贈與萬點綠色環保集點。
參加了綠點環保集點計劃,就送2000點。

謝謝大家的捧場,已經有47位朋友們,加入「綠色環保集點」啦。
這47位都獲得了2000點環保積分,恭禧您！您得進入系統,才能盡享政策優惠。

行政院環境保護署 (#)綠點改版了
即日起~108/12/31止大眾運輸系列點數限時加碼送 最高享有20倍
集點方式: 
1: 搭乘大眾運輸工具(捷運/台",1,0,0,scam,2020
377,2lfwnic970o0k,2023-12-06 23:50:01.829000+00:00,TEXT,"2024/01/13，請先把自己的票顧好，別被做了！
1.不要太早去投票，以免他們有時間動手腳，儘量3點以後才去投票。
2.領票時，把票拿起來對點燈看一看，有沒有水痕，他們今年會有大量隱形墨水，把您蓋的章化掉，變廢票，如果有，要大聲叫，我的票有問題，記住拿好，別被他們收走，有監票警察會來處理。（屏東縣長選舉，有1萬多張空白廢票，您相信有一萬多人這麼無聊專程去投票而不蓋章嗎？）
投好票，請不要離開，留著等開票，盯著他們有沒有亂報亂畫線。
4.開票完是可以公開錄影的，請用手機來記錄開票全程。
5.開完票，會有一張所有開票的紀錄結果表，請幫忙拍下來傳給我和更多的群組，記得要有投票所的編好。
6.票多不會當選，只要監票顧好票，才有機會當選，自己的國家自己救，我們要做為萬代子孫幸福的救國的英雄！
7.民盡黨作惡多端，輸了政權，很多人要進監獄，所以不作票是不行的，今年肯定是要大作特做的，只有全民都投入監票才能救國家。
拜託了，請多幫忙宣傳，大家至少要顧好自己那一票，
謝謝您！請廣傳出去(ok!)🙏🙏🙏",9fYcQ4wBAjOeMOklsWX0,RUMOR,2023-12-07 07:10:03.252000+00:00,RUMOR,7.333728611111111,"2024/01/13，請先把自己的票顧好，別被做了！
1.不要太早去投票，以免他們有時間動手腳，儘量3點以後才去投票。
2.領票時，把票拿起來對點燈看一看，有沒有水痕，他們今年會有大量隱形墨水，把您蓋的章化掉，變廢票，如果有，要大聲叫，我的票有問題，記住拿好，別被他們收走，有監票警察會來處理。（屏東縣長選舉，有1萬多張空白廢票，您相信有一萬多人這麼無聊專程去投票而不蓋章嗎？）
投好票，請不要離開，",0,3,0,political,2024
378,y4z9rge2suo1,2023-12-10 09:07:05.708000+00:00,TEXT,"名為事實查核中心！也會造假？
那還有什麼中心可以相信的！

https://youtu.be/mzmr-f3tu8U?si=05h6GgtWE6hp_QkO",LfaeU4wBAjOeMOklB3kx,RUMOR,2023-12-10 12:05:14.673000+00:00,RUMOR,2.9691569444444443,"名為事實查核中心！也會造假？
那還有什麼中心可以相信的！

https://youtu.be/mzmr-f3tu8U?si=05h6GgtWE6hp_QkO",0,0,0,other,2024
379,1xb606zkf6tfq,2024-03-01 14:57:37.845000+00:00,TEXT,"星巴克的店員圍裙有綠色、黑色和咖啡色3種顏色，且各自代表著不同的意思。
通常一般星巴克的店員都是穿著綠色圍裙，代表他們受過統一的教育訓練，接待客人和製作咖啡都有一定水準。
黑圍裙：幾乎每間店都能見到一兩位穿著黑圍裙的店員，雖然看起來很普通，但其實在星巴克穿上黑圍裙是一種身分象徵。
黑圍裙店員代表通過「精品咖啡大師」筆試及口試，且必須具有專業咖啡背景知識，出色的調製咖啡技巧，許多熟客買咖啡都喜歡找他們，還能詢問相關知識，超級划算！
黑圍裙大師可當星巴克的咖啡講師，也會被尊稱為「咖啡大師(Coffee Master)」，雖然沒加薪卻是許多店員夢寐以求的榮譽。
咖啡色圍裙則號稱是最稀有、最高等級的圍裙，只有每年星巴克舉辦比賽所選拔出全球咖啡大使Coffee Ambassador才能穿上，這些參賽者都是來自世界各地的星巴克咖啡團隊代表。",8ZvzEo4BBMtPEaE01tl8,OPINIONATED,2024-03-06 08:49:13.851000+00:00,OPINIONATED,113.86000166666666,"星巴克的店員圍裙有綠色、黑色和咖啡色3種顏色，且各自代表著不同的意思。
通常一般星巴克的店員都是穿著綠色圍裙，代表他們受過統一的教育訓練，接待客人和製作咖啡都有一定水準。
黑圍裙：幾乎每間店都能見到一兩位穿著黑圍裙的店員，雖然看起來很普通，但其實在星巴克穿上黑圍裙是一種身分象徵。
黑圍裙店員代表通過「精品咖啡大師」筆試及口試，且必須具有專業咖啡背景知識，出色的調製咖啡技巧，許多熟客買咖啡都喜歡找他",0,1,0,political,2024
380,wbjgb956vwc2,2019-10-31 08:43:28.707000+00:00,TEXT,"看問題／太陽花案 驅離判國賠 警察執法標準錯亂
https://udn.com/news/plus/11311/4135688",1Vm_QW8Bd3n3h-WY0uBG,OPINIONATED,2019-12-26 10:28:07.877000+00:00,OPINIONATED,1345.744213888889,"看問題／太陽花案 驅離判國賠 警察執法標準錯亂
https://udn.com/news/plus/11311/4135688",0,0,0,other,2020
381,ydvutdklwn1z,2020-04-02 14:44:28.765000+00:00,TEXT,"這部電影原本是復活節要上映的院線片
但因疫情關係，片商開放網路直播，在假期中，全家可以一起觀看！
已詢問到中文版
提供給大家
《天路歷程-動畫片》 
https://www.youtube.com/watch?v=OARERBz4Wl0&feature=youtu.be&fbclid=IwAR0nMMPlWKYyl41gCxYIenXINgE_vRRlaPzcLclfLgZksIyLEsVx56cVR3k",_wrgO3EBrhVJn3LN_9r7,RUMOR,2020-04-02 17:12:13.556000+00:00,RUMOR,2.462441944444444,"這部電影原本是復活節要上映的院線片
但因疫情關係，片商開放網路直播，在假期中，全家可以一起觀看！
已詢問到中文版
提供給大家
《天路歷程-動畫片》 
https://www.youtube.com/watch?v=OARERBz4Wl0&feature=youtu.be&fbclid=IwAR0nMMPlWKYyl41gCxYIenXINgE_vRRlaPzcLclfLgZksIyLEsVx56c",0,0,0,other,2020
382,1evum7zoidwrp,2023-11-02 08:45:30.459000+00:00,TEXT,"幫您報班後會給予負責人聯繫方式安排案件,工作結束後跟負責人核對薪資,日領或月領,銀行轉帳或是郵局薪資袋都可‼️

若是您有意願的話填寫完資料登記我們立即安排專員寄出貨品
(資料不會有外洩問題，也不會電訪打擾)⭕️

✅
姓名:
年齡:
電話:
職業:(沒有的話填寫待業即可)
收件地址:

⚠️⚠️⚠️⚠️⚠️⚠️⚠️⚠️⚠️⚠️⚠️⚠️⚠️
(我們不會跟您收取任何費用，手續費，押金，也不會要您提供實體的證件或著提款卡)",qfiTq40BAjOeMOklnDir,RUMOR,2024-02-15 07:03:14.346000+00:00,RUMOR,2518.295524166667,"幫您報班後會給予負責人聯繫方式安排案件,工作結束後跟負責人核對薪資,日領或月領,銀行轉帳或是郵局薪資袋都可‼️

若是您有意願的話填寫完資料登記我們立即安排專員寄出貨品
(資料不會有外洩問題，也不會電訪打擾)⭕️

✅
姓名:
年齡:
電話:
職業:(沒有的話填寫待業即可)
收件地址:

⚠️⚠️⚠️⚠️⚠️⚠️⚠️⚠️⚠️⚠️⚠️⚠️⚠️
(我們不會跟您收取任何費用，手續費，押金，也不會要您提供",4,0,0,scam,2024
383,2kmp5bfekfr8n,2019-11-10 04:37:55.387000+00:00,TEXT,"轉貼：這篇文章是國民黨資深黨員蘇拾瑩女士在臉書上的貼文，寫得很理性深刻，請廣為傳閱，尤其要傳給你認識的藍營朋友與群組，解構他們。

這篇文章，謹獻給我許多尊敬的長輩。
　　
✩　　　　✩　　　　✩
　　
長久以來，您都是國民黨的忠實支持者。在您的記憶裡，國民黨勞苦功高，帶給了台灣繁榮穩定、理性發展。
　　
最近的國民黨，讓您感到徬徨。國民黨裡的氣氛變得不一樣了：飛揚浮躁、理盲濫情、反智衝動。長久以來，您曾經相信，國民黨是繁榮穩定的基石；可是在現在的國民黨身上，您卻找不到這樣的質素。
　　
且讓我們來聊一聊，怎麼樣讓台灣走向繁榮穩定、理性發展。
　　
✩　　　　✩　　　　✩
　　
因為長期對國民黨的信賴與支持，您們很難一下子接受蔡英文政府的執政。
　　
但是睿智明理如您，也知道，很多地方蔡英文是有道理的，並不是樣樣事情都做錯。
　　
🔹 您可能在公務機關裡辛勤服務了半輩子，退休俸卻因為年金改革，打了折扣。您感到憤懣，覺得政府不守信用，否定了自己的勞績。但明理的您，心裡也知道，過去那樣的高所得替代率，已經難以為繼。您雖然不滿意年金改革，卻也明白，窮，不能窮孩子；您的犧牲，是確保下一代能享用更多的資源。
　　
🔹 您可能支持「以核養綠」，認為核電不可廢。但消息靈通的您，從文茜、經濟日報、天下雜誌，甚至是理財資訊的ＬＩＮＥ群組，多方位的資訊，都告訴您，綠能是未來的趨勢…而核電愈來愈退流行。先進國家都已經開始放棄超支、拖延的核電廠計畫，轉而擁抱綠能。而最讓您放心不下的，是那個「拼裝車」核四；您明白核電有好處，但是，台灣承受不起任何的安全風險。
　　
🔹 您不太認可同性婚姻，覺得它有違您對健全社會的想法，甚至衝擊了您的信仰。但是，寬宏大量的您，同婚上路一段時間以來，也逐漸瞭解到，同婚，是為了成全更多人的幸福，並沒有對您造成太大的影響。爸爸還是爸爸、媽媽還是媽媽，健全的社會、堅定的信仰，並沒有因為同婚而顛倒乾坤。
　　
🔹 您懷念那個軍愛民、民敬軍的年代，認為軍人是國家的干城、社會的先鋒。您的刻板印象裡，總認為民進黨糟蹋軍人。然而，從新聞裡，您也看到了，蔡英文總統對國軍是格外重視的。陸軍有「地表最強戰車」M1A2T、海軍有國艦國造與潛艦國造、空軍有新銳的F-16V戰機，雄兵利器漸次到位；政府也不只一次，大手筆改善軍人的裝備與伙食。
　　
🔹 您懷念那個經濟起飛的年代，ＧＤＰ快速成長、失業率低、股票上萬點、社會一片活絡。長久以來，您都認為，國民黨比較會拼經濟。但是，您是懂經濟原理的，您的心裡也明白，過去二十年，產業大量外移到對岸，才是台灣「悶經濟」的主要原因。這三年多來，台灣的經濟政策改變方向台資以「千億」為單位大量回流，外商投資屢傳捷報。打開奇摩股市，台股指數屢創新高，已經很長一段時間待在萬點以上。景氣的春天，似乎又降臨到了台灣。
　　
🔹 您重視兩岸關係，覺得都是華人，應該和平共處。但明理的您也知道，兩岸關係並不是台灣說了算。一味屈己從人，並不能夠換來和平。習近平已經「皇帝化」，亟於拿台灣出氣，來平息中國愈來愈嚴苛的政經局勢。蔡英文政府所在做的，也正是我們唯一能做的：不卑不亢、堅定自守、和平靠國防。
　　
或許，您還不習慣接受民進黨的執政。但是，睿智明理如您，心裡也明白，時代的巨輪在前進，國民黨的那一套老方法已經不再一體適用。
　　
您心裡也明白，這三年多來，台灣是有成績的，並不像媒體上講的那麼差勁。
　　
✩　　　　✩　　　　✩
　　
您，割捨不下對國民黨這個「百年老店」的深厚情感。
　　
可是現在的國民黨，讓您感到迷惘、不習慣；甚至有那麼一時半刻，您自己都懷疑，現在的這個國民黨，是否還是您認識的那個國民黨？
　　
您認為，國民黨菁英濟濟，不缺治國的人才。為什麼偏偏推出了一個言語粗鄙、行為乖張、左一句吃喝嫖賭、右一句他奶奶的，苦民所苦睡到中午的韓國瑜，來代表這個百年老店競選總統。
　　
😟 您相信經濟繁榮，認為總統為國籌劃經濟政策，應該秉持專業與遠見。可是，一直到現在，您還是搞不清楚，韓國瑜的產業政策是什麼。除了如同兒戲的「愛情產業鏈」、還有靠中國施捨的農產訂單，還有噱頭遠大於可行性的核四重啟，您，真的看不出來，韓國瑜對於國政，有什麼專業與遠見可言。
　　
😟 您相信理性穩定，認為執政要有一貫性。可是韓國瑜講話顛三倒四，有些「政見」一出口，睿智明理的您，馬上就覺得不對勁。果不其然，過兩天，韓國瑜自己就給自己說過的話打了回票。您常說，君子無戲言；可是韓國瑜講出來的每一句話，都如同兒戲。兒戲到原先打算進駐高雄的外國廠商，紛紛檢討投資計畫。
　　
😟 您相信清廉有能，認為政府不能給貪婪無厭的黑道人物把持。可是，當您打開電視，看到韓國瑜的造勢大會，背後站的，都是像顏清標、張榮味、許崑源這樣的道上人物。回頭看看國民黨明年的立委提名，有殺警的、有販毒的、有滿嘴髒話餵狗喝海尼根的；都說國民黨人才濟濟，怎麼現在變成地方黑道把持、墮落如斯？
　　
您心裡非常清楚，韓國瑜扛不起這塊百年老店的牌匾。可是，現在的國民黨，已經陷入集體瘋狂迷思。有願意站出來講實話、質疑韓國瑜的，卻遭到黨紀伺候、開除黨籍。
　　
全黨皆醉，不容您獨醒。
　　
這不是您要的國民黨，您想。
　　
✩　　　　✩　　　　✩
　　
自由民主的中華民國，是您一輩子的信仰。但理智的您，也非常清楚，那個五星紅旗的中國，不是您的歸處、不是您所認同的祖國。您也很明白，現在的中國是共產黨當家、三民主義統一中國早已成了空談。
　　
您所信仰的自由民主中華民國，其實已經和台灣融為一體。蔡英文總統在國慶文告中的「中華民國台灣」六個字，就是您信仰的那個中華民國。
　　
心之所在，即是祖國、即是自由中國、即是中華民國，不假他求。
　　
韓國瑜雖然言必稱中華民國，造勢場合上處處是青天白日滿地紅的國旗，但是，明眼人都知道，韓國瑜之所以能夠在國民黨內一手遮天，靠的是旺中與地方黑道引進的中國統戰資金。韓國瑜就是國民黨內的中共代理人，而中共的終極目的，就是要消滅中華民國。
　　
一手拿中共的錢，一手拿青天白日滿地紅的國旗；您，雖然說不出為什麼，但總覺得矛盾、隱隱感到不妥。
　　
而您很敏感地，從韓國瑜粗鄙尖銳的語言中，嗅到「階級鬥爭」的氣味－而那，正是共產黨顛覆世界的拿手好戲。您很清楚，台灣的社會雖然不是盡善盡美，但是階級鬥爭只會帶來莫大的破壞。也許，您的上一代，正是被中共的階級鬥爭所迫，逃難來台灣的呢？
　　
在一片充滿激情的「庶民起義」「鋼鐵韓粉」的高分貝聲浪中，您迷惑了…這樣的激動，對台灣社會真的好嗎？韓國瑜的政治話術，難道不會讓您聯想到毛澤東搞鬥爭的那一套嗎？看到鋼鐵韓粉不分青紅皂白地，圍攻說實話的謝震（祖）武，您迷惑了，這種搞法，跟紅衛兵糾鬥知識份子，有什麼不一樣？
　　
或許，您應該回到思考的原點，想想蔣總統經國先生的話。曾經蟄居蘇聯十二年、贛南剿匪六年，親身經歷殘酷的階級鬥爭、共黨內部的血腥清洗，與第一線對抗中共對國家的滲透。他，對於共產黨的本質，非常清楚，因而語重心長地告訴我們：
　　
「我將近五十年來之政治生活，深切認識共產黨乃是邪惡魔鬼，殺人凶手，所有威脅、利誘、欺騙、分化之伎倆，無所不用其極；尤其血氣方剛之青年人以及苟且偷生之徒最容易上當，一入圈套即無法自拔。」
　　
韓國瑜，就是國民黨內的中共代理人。他的煽動話術、他的反智套路，都是學自中共，與毛澤東一脈相承。他一旦掌權，就是國民黨毀滅的開始，也是中華民國台灣衰亡的開始！
　　
國民黨的未來、中華民國台灣的未來，絕對不能交給這種人！您心裡這麼想道。
　　
✩　　　　✩　　　　✩
　　
給蔡英文總統一次機會吧！我知道，這樣講有點唐突。畢竟，您對國民黨這個「百年老店」，有著深厚的感情，不願意輕易給民進黨機會。
　　
但，睿智明理如您，心裡也雪亮；兩害相權取其輕。把票投給一個民進黨總統，總好過選出一個國民黨內的中共代理人。因為，前者尚且致力於保衛中華民國台灣；後者只會把國民黨與中華民國台灣的未來，一次葬送掉，中共成為最大的贏家。
　　
或許，讓韓國瑜徹徹底底地輸一次，國民黨才能得到救贖吧！",XEvVVG4BV0DITCqGaLmi,OPINIONATED,2019-11-10 10:21:42.432000+00:00,OPINIONATED,5.729734722222222,"轉貼：這篇文章是國民黨資深黨員蘇拾瑩女士在臉書上的貼文，寫得很理性深刻，請廣為傳閱，尤其要傳給你認識的藍營朋友與群組，解構他們。

這篇文章，謹獻給我許多尊敬的長輩。
　　
✩　　　　✩　　　　✩
　　
長久以來，您都是國民黨的忠實支持者。在您的記憶裡，國民黨勞苦功高，帶給了台灣繁榮穩定、理性發展。
　　
最近的國民黨，讓您感到徬徨。國民黨裡的氣氛變得不一樣了：飛揚浮躁、理盲濫情、反智衝動。長久以",0,1,0,political,2020
384,2o1igexa4cl9a,2020-01-10 11:57:38.562000+00:00,TEXT,"‼️‼️明天投票日麻煩戴口罩唷‼️‼️

武漢的「新型冠狀病毒」在台灣已有確診病例了！！

飛機入境往返頻繁，有淺在的危險⚠️
麻煩大家要注意～
戴口罩保護自己‼️",jV6Uj28Bd3n3h-WYB8Q5,RUMOR,2020-01-10 13:10:40.696000+00:00,RUMOR,1.2172594444444444,"‼️‼️明天投票日麻煩戴口罩唷‼️‼️

武漢的「新型冠狀病毒」在台灣已有確診病例了！！

飛機入境往返頻繁，有淺在的危險⚠️
麻煩大家要注意～
戴口罩保護自己‼️",0,1,1,political,2020
385,2tghb15i4wyqv,2020-04-08 16:35:28.131000+00:00,TEXT,"傳台北酒店女公關確診！衛生局上門傻：很多酒客 | ETtoday東森新聞雲
https://www.ettoday.net/amp/amp_news.php?news_id=1687071&from=ampshare-line-fixed",yw2lXXEBrhVJn3LN7pbh,OPINIONATED,2020-04-09 06:34:47.903000+00:00,OPINIONATED,13.988825555555556,"傳台北酒店女公關確診！衛生局上門傻：很多酒客 | ETtoday東森新聞雲
https://www.ettoday.net/amp/amp_news.php?news_id=1687071&from=ampshare-line-fixed",0,0,0,other,2020
386,3j9mwgyzr5bww,2024-03-26 07:01:53.920000+00:00,TEXT,"徵才社群免費登記
姓名：
電話：",FRBAfI4B0DEb0v6ceuKm,RUMOR,2024-03-26 19:33:04.291000+00:00,RUMOR,12.5195475,"徵才社群免費登記
姓名：
電話：",1,0,0,scam,2024
387,3dpjahavf8f1a,2023-12-18 02:40:26.064000+00:00,TEXT,"冷到不行！全台2天已81人猝死　醫：起床應避免「1習慣」 | CTWANT | LINE TODAY

https://liff.line.me/1454987169-1WAXAP3K/v2/article/LXL3JZn?utm_source=lineshare",9fbwj4wBAjOeMOklL8HH,NOT_RUMOR,2023-12-22 05:12:11.974000+00:00,NOT_RUMOR,98.52941944444444,"冷到不行！全台2天已81人猝死　醫：起床應避免「1習慣」 | CTWANT | LINE TODAY

https://liff.line.me/1454987169-1WAXAP3K/v2/article/LXL3JZn?utm_source=lineshare",0,0,0,other,2024
388,p6ivg26mi8bm,2023-11-10 17:52:53.225000+00:00,TEXT,"身體沒問題去做健檢好嗎？江守山醫師：
➊連續兩次電腦斷層就會讓海馬廻萎縮了(按：海馬廻是在大腦前部，萎縮會失智！)
➋北部某證卷公司資訊科主任作心導管檢查，死在導管室裏面(這種檢查在美國有千分之九的死亡率)……所以說檢查不是越多越好
➌有一人去做大腸鏡檢查，當天晚上就敗血性休克，江醫師推測是檢查時發現有瘜肉就剪掉，傷口可能會有細菌跑進去而感染所造成的
➍江守山醫師：我們班上第一個被告的醫生就是幫一位要做電腦斷層的病人打顯影劑，結果打後過敏性休克，急救休克死亡，家屬提告，這是刑事告訴，我同學跑法院跑了六年
➎江醫師：電腦斷層對已經有慢性病的人、糖尿病的人、心臟病的人、對顯影劑過敏的人、體內水份不夠的人……老人約有20%到30%的人一打顯影劑就腎衰竭！年輕人的話可能只有2%到3%，但絕對不是0
➏正子攝影→等於照了一千多張的X光片的輻射量。有人幫媽媽連作三年的正子攝影，結果檢查出有甲狀腺癌，他很高興有檢查才發現有甲狀腺癌，其實我們所有的醫生在那邊都不敢講話，最可能是正子攝影導致的，因為甲狀腺癌跟輻射量最有關，車諾比核事件之後當地人短短十年之內甲狀腺癌增加了接近10倍，日本福島六年之後兒童的甲狀腺癌增加了接近30倍
https://www.youtube.com/watch?v=8njMyaobxEw",fvYlKYwBAjOeMOklsEY5,RUMOR,2023-12-02 06:09:45.016000+00:00,RUMOR,516.2810530555555,"身體沒問題去做健檢好嗎？江守山醫師：
➊連續兩次電腦斷層就會讓海馬廻萎縮了(按：海馬廻是在大腦前部，萎縮會失智！)
➋北部某證卷公司資訊科主任作心導管檢查，死在導管室裏面(這種檢查在美國有千分之九的死亡率)……所以說檢查不是越多越好
➌有一人去做大腸鏡檢查，當天晚上就敗血性休克，江醫師推測是檢查時發現有瘜肉就剪掉，傷口可能會有細菌跑進去而感染所造成的
➍江守山醫師：我們班上第一個被告的醫生就是幫一",0,0,2,health,2024
389,rctqii7aahze,2020-02-07 14:53:05.463000+00:00,TEXT,"台灣口罩故事~~~
2003年 SARS，台灣73人死亡➡️口罩沒有瘋搶，只有N95缺貨。
2009年 H1N1流感，台灣35人死亡➡️口罩沒有瘋搶。
2015年 登革熱，台南＋高雄共224人死亡➡️沒有停班/停課/停活動，亦無防蚊液瘋搶。
2019年 肺炎及流感，世衛組織公佈全球23,475人死亡，台灣➡️沒有停班/停課/停活動，亦無口罩瘋搶。
2020年 武漢肺炎(2019-nCoV)，台灣0人死亡➡️延課/停活動，口罩瘋搶
輔仁大學王贊元教授說；政府在胡扯、媒體瘋狂報導、社群瘋狂轉傳，造成焦慮感與恐懼感比病毒更可怕！
2020年一個是不是有為的政府，看「口罩」就能看出來了。
第一天：口罩要戴，沒戴罰錢，每四小時要換一個，口罩隨時隨地都可買。
第二天：口罩不缺貨，是貨運公司慢了，明天就有貨。
第三天：貨運公司放假，開工後就沒問題了。
第四天：口罩都被大陸搶去了，今天開始不准出口，明天就有了，大家放心。
第五天：抓到大陸走私進口，不合法口罩，衞生有問題，政府要嚴格把關，明天台製口罩就有了。
第六天：口罩發送超商，每個八圓，貨品充足，大家都能買到。
第七天：口罩充足，分裝人員不夠，已令超商加派人員分裝。
第八天：下令軍方派員協助生產，每日產量可到一千萬個以上，立刻就可舖貨，一個六圓。
第九天：密閉空間才要戴口罩，開放空間不須戴口罩。
第十天：口罩每天換一次就可以了。
第十一天：口罩可重複使用，用酒精毒就行，三，四天也沒關係。
第十二天：口罩貨品充足，改在藥局賣，藥局還沒準備好，準備好口罩就有了。
第十三天：買口罩要身份證。
第十四天：買口罩要身份證，尾號單數單日買，双數双號買。
第十五天：單，双號分別買，一次只能買兩個，每個五圓。
第十六天：立委質詢國軍代工生產口罩，涉嫌圖利廠商。
第十七天：生產口罩的廠商公司股票，從多天的漲停轉為跌停，尊重市場機制。
還要寫下去嗎？每天一套說詞，現在是政府都沒錯，全是百姓錯，為什麼要用那麼多口罩。",mWcuIHABd3n3h-WY26eQ,RUMOR,2020-02-07 15:05:06.703000+00:00,RUMOR,0.2003444444444444,"台灣口罩故事~~~
2003年 SARS，台灣73人死亡➡️口罩沒有瘋搶，只有N95缺貨。
2009年 H1N1流感，台灣35人死亡➡️口罩沒有瘋搶。
2015年 登革熱，台南＋高雄共224人死亡➡️沒有停班/停課/停活動，亦無防蚊液瘋搶。
2019年 肺炎及流感，世衛組織公佈全球23,475人死亡，台灣➡️沒有停班/停課/停活動，亦無口罩瘋搶。
2020年 武漢肺炎(2019-nCoV)，台灣0",0,0,1,health,2020
390,vkirbkvfkv6s,2020-04-04 02:28:36.141000+00:00,TEXT,罷韓團體要玩完了！連小英女孩都看不下去了！曝光罷韓團體惡行！https://www.youtube.com/watch?v=wLMo9Q-OgPE,vQvoSHEBrhVJn3LNVNbD,OPINIONATED,2020-04-05 05:55:17.823000+00:00,OPINIONATED,27.444911666666663,罷韓團體要玩完了！連小英女孩都看不下去了！曝光罷韓團體惡行！https://www.youtube.com/watch?v=wLMo9Q-OgPE,0,0,0,other,2020
391,34irnx3wfne9u,2019-10-13 02:27:45.604000+00:00,TEXT,https://www.facebook.com/groups/260112827997606/permalink/409117773097110/?sfnsn=mo,yll7Qm8Bd3n3h-WYC_Am,RUMOR,2019-12-26 13:52:37.664000+00:00,RUMOR,1787.414461111111,https://www.facebook.com/groups/260112827997606/permalink/409117773097110/?sfnsn=mo,0,0,0,other,2020
392,12hctpp5djmv4,2019-12-18 06:18:53.941000+00:00,TEXT,https://www.google.com.tw/amp/s/udn.com/news/amp/story/7314/4231596,kVdeGG8Bd3n3h-WYxUPo,NOT_RUMOR,2019-12-18 09:37:41.862000+00:00,NOT_RUMOR,3.3133113888888888,https://www.google.com.tw/amp/s/udn.com/news/amp/story/7314/4231596,0,0,0,other,2020
393,3igbx0odzal7h,2020-01-10 15:55:54.022000+00:00,TEXT,"民進黨是使台灣沉淪苦海的犯罪組織刑事告發狀

告發人        王為仁
地址          40767台中市西屯區工業區一路90之4號
電話          0923-101305

被告          民主進步黨
法定代理人    卓榮泰
地址          100台北市中正區北平東路30號10樓
電話          02-2392-9989（總機）

民主進步黨徒（以下簡稱民進黨）如果以推翻中華民國為己任，並著手實行，他們是涉嫌內亂罪的叛亂團體；如果只是用建立台灣共和國，作為招搖撞騙的幌子，並不準備真正落實，他們則是違反組織犯罪條例的詐欺集團。總之，由兩次執政的結果來看，民進黨輕視國家根本大法的憲法，蔑視代表最高權力的公投民意，是使台灣沉淪苦海的犯罪組織，敬請依法偵辦事：

刑法第二編分則第一章內亂罪
第100條 意圖破壞國體，竊據國土，或以非法之方法變更國憲，顛覆政府，而以強暴或脅迫著手實行者，處七年以上有期徒刑；首謀者，處無期徒刑。
預備犯前項之罪者，處六月以上五年以下有期徒刑。

第101條 以暴動犯前條第一項之罪者，處無期徒刑或七年以上有期徒刑。首謀者，處死刑或無期徒刑。
預備或陰謀犯前項之罪者，處一年以上七年以下有期徒刑。

第102條 犯第一百條第二項或第一百零一條第二項之罪而自首者，減輕或免除其刑。

刑法第 339 條（普通詐欺罪）   
意圖為自己或第三人不法之所有，以詐術使人將本人或第三人之物交付者
，處五年以下有期徒刑、拘役或科或併科五十萬元以下罰金。
以前項方法得財產上不法之利益或使第三人得之者，亦同。
前二項之未遂犯罰之。

刑法第 339-4 條（加重詐欺罪）  
犯第三百三十九條詐欺罪而有下列情形之一者，處一年以上七年以下有期
徒刑，得併科一百萬元以下罰金：
一、冒用政府機關或公務員名義犯之。
二、三人以上共同犯之。
三、以廣播電視、電子通訊、網際網路或其他媒體等傳播工具，對公眾散
    布而犯之。
前項之未遂犯罰之。

組織犯罪防制條例第1條（立法目的）
為防制組織犯罪，以維護社會秩序，保障人民權益，特制定本條例。 
本條例未規定者，適用其他法律之規定。

組織犯罪防制條例第2條（犯罪組織之定義）
本條例所稱犯罪組織，指三人以上，以實施強暴、脅迫、詐術、恐嚇為手段或最重本刑逾五年有期徒刑之刑之罪，所組成具有持續性或牟利性之有結構性組織。 
前項有結構性組織，指非為立即實施犯罪而隨意組成，不以具有名稱、規約、儀式、固定處所、成員持續參與或分工明確為必要。
　　
組織犯罪防制條例第3條（犯罪組織行為之處罰）
發起、主持、操縱或指揮犯罪組織者，處三年以上十年以下有期徒刑，得併科新臺幣一億元以下罰金；參與者，處六月以上五年以下有期徒刑，得併科新臺幣一千萬元以下罰金。但參與情節輕微者，得減輕或免除其刑。 
具公務員或經選舉產生之公職人員之身分，犯前項之罪者，加重其刑至二分之一。 
犯第一項之罪者，應於刑之執行前，令入勞動場所，強制工作，其期間為三年。 
前項之強制工作，準用刑法第九十條第二項但書、第三項及第九十八條第二項、第三項規定。 
以言語、舉動、文字或其他方法，明示或暗示其為犯罪組織之成員，或與犯罪組織或其成員有關聯，而要求他人為下列行為之一者，處三年以下有期徒刑，得併科新臺幣三百萬元以下罰金： 
一、出售財產、商業組織之出資或股份或放棄經營權。 
二、配合辦理都市更新重建之處理程序。 
三、購買商品或支付勞務報酬。 
四、履行債務或接受債務協商之內容。 
前項犯罪組織，不以現存者為必要。 
以第五項之行為，使人行無義務之事或妨害其行使權利者，亦同。 
第五項、第七項之未遂犯罰之。

犯罪事實
1986年9月28日黨外後援會推薦大會於臺北市圓山大飯店舉行，132位與會人士簽名組建民主進步黨。11月10日，民進黨第一屆全國黨員代表大會通過了黨章、黨綱及紀律仲裁辦法等議案，江鵬堅當選第一屆黨主席。（以上引用自維基百科）。為了反對兩蔣的威權統治，台灣大部份的反對勢力整合起來，以民主進步黨的名義，正式進入歷史舞台。

1988年4月17日，全國黨員代表大會通過「四個如果」決議文：「如果國共片面和談、如果國民黨出賣台灣人民利益、如果中共統一台灣、如果國民黨不實施真正的民主憲政，則民進黨主張台灣獨立。」。1991年中華民國國民大會代表選舉前，民進黨正式通過台獨黨綱（註1），黨綱內容正式有主張台獨的立場。（以上引用自維基百科）。台灣獨立、台灣共和國，開始成為民進黨高舉的神主牌，奪取政權的旗幟，與中國國民黨（以下簡稱國民黨）依照憲法主張的兩岸終極統一（國民黨高層目前似乎已經放棄追求終極統一）作明顯區隔。

民進黨在1999年陳水扁正式參選總統後，為求能順利勝選而取得執政權，通過台灣前途決議文，正式承認中華民國的行政地位，認為台灣已是主權獨立的國家，目前依憲法叫中華民國。（以上引用自維基百科）。為了騙選票、騙鈔票、奪取政權，民進黨暗示將會先借中華民國的殼，為台灣共和國上市作準備。否則地理名詞的台灣，怎麼可能成為主權獨立國家的名字呢？而且澎湖、金門、馬祖這三個長期捍衛台灣本島的前線地區，民進黨準備放棄它們了嗎（其實民進黨旗早已預示這個期待）？似乎在民進黨眼中，台澎金馬不再被視作是一個整體，南海諸島也被視為一個麻煩的存在。想放棄中華民國原來的主權範圍，想限縮現在的主權範圍，佔山為王就好的心態，這算不算是企圖分裂國土呢？

在2016年中華民國總統選舉，民進黨發言人鄭運鵬代表黨中央發出「一直都捍衛中華民國」的聲明，批評中國國民黨在與中國共產黨談判及對話時，只提及「兩岸同屬一中」而不提及中華民國，沒有堅守及捍衛台灣的主權。國民黨方面則認為此為選戰策略的兩面手法，但是亦有部分人士認為此與民進黨近年的凍獨議題（凍結「台獨黨綱」）有關[5]。（以上引用自維基百科）。真是作賊的喊抓賊。為了混淆視聽，眾所周知企圖推翻中華民國、建立台灣共和國的民進黨，居然以中華民國的捍衛者自居。可惜前後兩位民進黨總統，陳水扁與蔡英文，好像都對「中華民國」這四個字特別羞於啟齒，經常以「這個國家」、「那個國家」，或者「台灣」、「中華民國台灣」代替，所以就不自覺的露餡了。

民進黨主張遵循民主與自由的憲政秩序；施行成長均衡的經濟財政；建立公平開放的福利社會；創新精進的教育文化；全球國際的國防外交；以臺灣的名義來爭取加入聯合國；反對中國用文攻武嚇脅迫台灣[6]。（以上引用自維基百科）。聯合國是一個由主權國家組成的國際組織，民進黨主張以台灣名義加入，顯然就是意圖以台灣共和國的名義加入，那中華民國當然就要被顛覆了。至於經濟成長，只見民進黨在國家資源不斷挹注下快速壯大，民進黨徒及其親朋好友各個都發家致富。不具資格、不具專業的肥貓，遍佈各級政府部門及國營事業，對工商企業面臨嚴重的五缺六失憂心，選擇視而不見。台灣大量的資金、人才、產業外移，外資當然退避三舍、望望而去。導致曾經繁榮昌盛到錢淹腳目的台灣，竟然悽慘落魄到民不聊生、哀鴻遍野；導致上百萬的國人，只好寄希望於崛起中的彼岸。這不就是「為淵驅魚、為叢驅雀」的現代版嗎？民進黨哪裡夠資格指責國人「賣台」或成為「中共代言人」呢？

2000年5月20日，陳水扁於就職典禮演說中提出「四不一沒有」主張（註2）。2002年8月2日，陳水扁總統在世界台灣同鄉聯合會第二十九屆東京年會上提出一邊一國論。2006年1月1日，陳水扁總統宣布緊縮兩岸政策，將由「積極開放，有效管理」轉變為「積極管理，有效開放」。2006年1月26日，民進黨主席游錫堃就職典禮時，陳水扁總統指示：民進黨應進行中國政策大辯論。2006年1月29日，陳水扁總統在春節談話中表示考慮是否要廢除國統會、廢除國統綱領。2006年2月7日，民進黨發布新聞稿「邁向正常國家 廢除國統綱領」。之後原定3月所舉行的中國政策大辯論，由於行政院發布「積極管理」政策，引起預定參加辯論之部分人選反彈、退出辯論，辯論會因而取消。2007年3月4日，陳水扁總統在台灣人公共事務會（FAPA）二十五周年慶晚宴上，並提出「台灣要獨立、台灣要正名、台灣要新憲、台灣要發展，沒有所謂的左右路線問題，只有獨統問題」的「四要一沒有」訴求。（以上引用自維基百科）。為了掩飾招權納賄、賣官鬻爵、失政敗德，海內外各地藏錢都數以億計的陳水扁，不斷操作兩岸關係，製造台海緊張情勢，不惜成為國際公認討厭的麻煩製造者。民進黨主要幹部當然也不甘落後的有樣學樣，也藉各種名目來大肆斂財或公然索賄了！

民進黨在史冊上最多黨員是2009年有黨員總數有458,551人，至2012年民進黨全國黨員總數有335,643人，其中民進黨全國黨代表共計287人（包括全國各個地區黨部284人，勞工黨部2人，全國原住民代表1人）。（以上引用自維基百科）。姑不論其他或明或暗更大宗的政治獻金收入，民進黨黨員人數最多時期，每年只算常年黨費收入，就高達137.565.300元（300*458551），可見只要詐欺得逞，常態性的收入就非常可觀。當然其中多數是人財兩失的愚夫愚婦，但是幹部應該都是知情的參與者了。

「蘋果日報（政治中心／台北報導）出版時間：2016/12/15 12:13
據民進黨統計，前總統陳水扁執政時期，黨員人數約有4、50萬人，但扁家爆發貪汙弊案後，加上2011年總統、區域立委、縣市長等公職黨內初選改採「全民調」方式，使得2014年5月黨主席選舉時，黨員數大幅降至14萬3千餘人，去年一整年申請入黨僅為3千600餘人。
 
不過，民進黨今年初贏得總統大選後，入黨人數大增。李政毅說，今年截至目前為止，申請入黨者就多達5萬人，其中90%集中在上半年度。不過也有人認為，黨員人數爆增2018年地方選舉「兩年條款」將於今年底到期。」

即使黨員人數腰斬，2016年立委選後，民進黨每年可領政黨補助金268.547.650元（50*5370953）。可見每次選舉以後的收入，起碼都數以億計。這些牙尖嘴利、能說會道、顛倒是非、無恥硬拗的黨內高幹，難道都會在狀況外嗎？

「自由時報2015-04-09 19:01
〔記者陳慧萍／台北報導〕民進黨今天召開中國事務委員會，黨主席蔡英文在會中表示，民進黨處理兩岸關係的基本原則，就是「維持兩岸現狀」，也就是維繫台海和平及持續兩岸關係穩定發展的現狀；這是兩岸關係的核心，也是民進黨重返執政後將致力的目標。

蔡英文今天召開任內第二次會議中國事務委員會，高雄市長陳菊、台南市長賴清德、桃園市長鄭文燦、宜蘭縣長林聰賢等縣市長出席，前秘書長吳乃仁、邱義仁均與會。」

在蔡英文主導下，民進黨企圖以含糊的「維持兩岸現狀」來安定民心，繼續騙選票、騙鈔票、騙取政權。它也確實得逞了，目前是完全掌控政府機器的執政黨了。可是他們除了會包裝、會悲情、會欺騙、會抹黑、會選舉，會斂財、會奪權、會租用暴民、會租用網軍、會扼殺反對黨、會消滅所有反對勢力、會製造社會對立，還會不顧一切的灑錢以討好外人。總之，為了固位護權以及隨之而來的龐大利益，會無所不用其極的割喉割到斷，其他治國理政的真本事硬功夫，如何治國安民，如何福國利民，如何造福弱勢族群，卻都是一籌莫展，所以台灣社會現在是烏煙瘴氣的亂成一團、衝突四起，連蔡英文在府內都要靠鐵籠拒馬圍繞保護，外出都要警備森嚴的預防抗議。即使已經這樣狼狽不堪，他們還想要透過壓制輿論，收買媒體，發佈假消息，企圖欺騙選民；全盤掌控選舉機器，企圖必要時可以靠作弊改變選舉結果，不顧可能引發暴動的繼續主政下去呢！

「2015年06月06日 04:10 中國時報 資深記者王銘義專欄
民進黨主席蔡英文在華府智庫CSIS演說時指稱，「將在中華民國現行憲政體制下，依普遍民意，持續推動兩岸關係和平穩定發展。」這是蔡英文繼提出「維持現狀說」之後的最新政策表述，隨即受到台美中各方的關注與議論。」

民進黨例行性的選前赴美，向老大哥宣誓效忠，並發表兩岸論述，「持續推動兩岸關係和平穩定發展」的說法，現在看起來是不是很可笑？先後加入美國的重返亞太及印太戰略，不自量力的參與圍堵中國大陸並金援香港暴民。兩岸視同敵國，陸客不再愛來，觀光業叫苦連天；大陸軍機、軍艦只不過常態性的環繞台灣軍事演習，向世界各國宣佈勢力範圍，阮囊羞澀的國防部，都要動用第二預備金來應處；美國老大哥藉機不斷訂定各種向台灣示好的國內法，以極限施壓的方式來測試大陸的底線。這就是民進黨所要推動的和平穩定發展嗎？看起來倒是像戰爭邊緣策略呢！

「2017-10-10 01:19聯合報 記者林敬殷／台北報導
今天是中華民國一百零六年國慶，蔡英文總統將發表國慶談話表示，今年是兩岸交流卅周年，兩岸應該珍惜卅年來得來不易的成果及累積的善意；在既有的基礎上，尋求兩岸關係的突破。她重申「我們的善意不變、承諾不變、不會走回對抗的老路，但也不會在壓力下屈服」。」

民進黨寧可接受外人鉅額的敲詐勒索，也不願意承認符合歷史事實的兩岸同屬一中。拒絕接受92共識的後果，就是導致兩岸敵意加深，官方接觸中斷。因為1992年，兩岸間實際達成的共識，是「一個中國，反對台獨」。雖然經過國民黨的淡化處理，成為「一個中國，各自表述」、或「一中各表」，甚至認為「一中同表是邪惡的語言」、「主張統一的人可以住到大陸去」的徹底倒向獨台。但是民進黨仍然擔心接受92共識，豈不就直接戳穿自己長期藉以招搖的神主牌是騙局，那還能繼續在台灣欺騙善良百姓的吃銅吃鐵、吃香喝辣嗎？所以即使兩岸情勢嚴峻，瀕臨戰爭邊緣，仍然死不承認。只是蔡英文總統需要經常作36計走為上計的演練（愛台灣、顧主權的民進黨，既然要搞台獨，怎麼不準備與台灣共存亡呢？）。但是她逃走的時候，會不會把台灣所有的外匯存底也席捲而去，使得台灣囊空如洗，經濟崩潰呢？彭淮南堅辭連任20年的中央銀行總裁，果斷放棄蟬聯「14A總裁」的榮譽，就可知他已洞見民進黨的險惡用心了。

至於不接受兩岸一家親這無可否認的血緣關係，極力區隔兩岸歷史文化的同出一源，極力美化日據時代的次殖民地歷史，對中國歷代在台的建設隻字不提，對日本殖民遺址的萬分珍惜，誇大兩蔣時代的白色恐怖，隱瞞日軍對台民的大肆殺戮。種種不可思議的作為，顯然這些民進黨徒應該都是倭寇及倭奴的子孫，雖然蔣介石的以德報怨，使得他們得以延續日據時期的優勢地位，並進而優先攫取台灣經濟及政治發展的甜美果實，但是他們不知感恩圖報，不願融入寬宏大量不念舊惡的中國。反共、反蔣、去中，無所不至。似乎仍然想要為他們祖先無條件投降的屈辱報仇。

其實台灣是大陸邊緣的小島，由於它的地理位置特殊，使得它經常身不由己的隨著大國勢力的角力而擺盪。它曾經被西班牙、荷蘭佔據，曾經被鄭成功的部隊作為反清復明的根據地，曾經被滿清政府納入版圖，曾經被迫割讓給日本，隨後又被中華民國光復，在中央政府撤退來台後，整軍經武、勵精圖治，又變成復興中華的基地。但是由於二次大戰以後的強權角力仍在繼續進行中，台灣的命運，仍然有待強權角力的結果才能明朗化。從民進黨喪權辱國的竭力擁抱美、日大腿，可知認為台灣就能決定自己的命運，實在未免欺人太甚了。就好像勞基法修法，勞工即使絕食抗議，也不能改變民進黨一年內兩次修惡的事實；就好像軍公教警消反年改修法，即使數十萬人上街頭吶喊，也完全無濟於事，未來仍然要淪為下流老人；巴拿馬、格瑞那達的總統，美國說抓就抓；伊拉克、敘利亞這兩個文明古國，美國說打就打。因為不管國內或國際，「強權就是公理」，這好像也是許多所謂民主國家的普世價值呢！

民進黨在陳水扁八年執政時期，以國會內朝小野大為藉口，不敢貫徹實施台獨黨綱，只敢虛張聲勢的高喊「公投、正名、制憲、建國」，只敢搞同心圓史綱的表示有在去中國化，而不敢公開宣佈台灣共和國成立。因為他知道台灣獨立建國「做不到就是做不到」，並以即使威權主政12年的李登輝也做不到，來自我解嘲！

現在民進黨完全執政，可以完全負責。蔡英文周邊環繞的，各個都是號稱長期主張台灣獨立的台獨份子，甚至提名賴清德這自稱「務實的台獨工作者」做為爭取連任的副手，以示敢於挑釁彼岸。但是敢對反對黨手段殘忍、趕盡殺絕的民進黨，蔡英文四年任期將盡的時候，怎麼還在提什麼兩岸「維持現狀」，還在提什麼對大陸「善意不變」，仍然不敢以自認具有的民意作基礎，公開宣佈台灣共和國成立。宣佈台灣共和國成立有這麼難嗎？不是在總統府內擺個檯子，向國內外媒體發聲就好嗎？顯然自知台灣的地位並不是可以自行作主的，台灣地位的決定，仍然要看強權角力的結果。唐景崧的台灣民主國，只在歷史上留下驚鴻一撇，就是明證呢。

如果台獨黨綱是民進黨永遠不變的宗旨，全力以赴的目標，則意圖破壞國體並著手實行，民進黨徒已經涉嫌觸犯了內亂罪；如果台獨黨綱只是民進黨徒招搖撞騙的牟利工具，甚至今天已經「大盜竊國」的以掏空國庫及羅掘民財為己任了，棄公投民意如敝屣的民進黨，這「具有持續性及牟利性之有結構性組織」，萬國公憤的詐欺集團，難道台灣人沒有道德勇氣去口誅筆伐進而聲罪致討嗎？

蔡政府提供給國人的各項數據，台灣應該是歌舞昇平、一片榮景。但是事實上民間所見到、所感受到的，卻是公司倒閉、勞工失業，景況淒涼、日子難過。顯然民主進步黨執政以後，提供給國人的，不是民主進步而是威權復辟，不是尊重法律而是橫行霸道，不是民生樂利而是經濟蕭條，不是融入世界而是被邊緣化，整體國力不是向上提昇而是往下沉淪。總之，民進黨不管是叛亂團體還是詐欺集團，它從一意孤行、吃相難看的以各種名目掏空國庫、剝削民財的窮台，走向廣設黑機關、濫用黑人，破壞固有典章制度的毀台，再到以效法歐美進步價值為藉口，也是違反愛家公投結果的推動性平、同婚等摧毀傳統倫理道德，導致愛滋氾濫、絕子絕孫的滅台。罄竹難書的倒行逆施，已經是為台灣人帶來重大災難的犯罪組織，確實應該「自作孽不可活」的走到鎮瀾宮籤詩所示「田英飛入蜘蛛網」勢必在劫難逃的命運了。
為此
狀請鈞署順天應人，立即指派幹員查辦起訴，以拯救中華民國免於遭到戰火的摧殘，以保障人民免於遭到亡國滅種的命運，以「維護社會秩序，保障人民權益」。也或可避免司法人員於政黨輪替後，「有追訴或處罰犯罪職務之公務員」「明知為有罪之人，而無故不使其受追訴或處罰」，不幸被國人認為是犯罪組織的幫兇或共犯，而難堪的從「座上客變階下囚」的去吃免費的公家飯了。
謹狀
台灣台北地方檢察署  公鑒

註1：民進黨的台獨黨綱及後續因應選舉的一些策略性調整聲明
（一） 建立主權獨立自主的台灣共和國

國家領域主權和國民身份的確立，是現代主權國家對內建立法政秩序、對外發展國際外交的前提。台灣主權獨立、不屬於中華人民共和國，且台灣主權不及於中國大陸，既是歷史事實，又是現實狀態，同時也是國際社會之共識。台灣本應就此主權獨立之事實制憲建國，才能保障台灣社會共同體及個別國民之尊嚴、安全，並提供人民追求自由、民主、幸福、正義及自我實現之機會。但由於國民黨一意藉著「全中國唯一合法政府」之虛構，維持大而無當的「中華民國五權憲法體制」，並賴以長期維持反民主之統治與特權。國民黨這一違背台灣主權現實的作法，不僅對內造成憲政改造的僵局，對外引起中共之覬覦野心；在國際上也因違反國際法和國際政治現實，以致於無法正常地參與國際社會；甚至造成台灣人民國家意識的模糊，以及文化發展的障礙。

因此我們主張：

依照台灣主權現實獨立建國，制定新憲，使法政體系符合台灣社會現實，並依據國際法之原則重返國際社會。

依照台灣主權現實重新界定台灣國家領域主權及對人主權之範圍，使台海兩岸得以依國際法建立往來之法秩序，並保障雙方人民往來時之權益。

以台灣社會共同體為基礎，依保障文化多元發展的原則重新調整國民教育內容，使人民之國家、社會、文化認同自然發展成熟，而建立符合現實之國民意識。基於國民主權原理，建立主權獨立自主的台灣共和國及制定新憲法的主張，應交由台灣全體住民以公民投票方式選擇決定。

其他相關決議立場之演進
民進黨的台獨黨綱在該黨更多地參選各地公職、參與國家事務之後，至1990年代末，已與環境不能完全相適應，特別是當時該黨即將提名中華民國總統參選人。為使各界及美國不致以為該黨將強行推動台灣獨立，也為了因應中國崛起後的國際新形勢，民進黨又分別產生以下決議文件：

1988年的「417決議文」
要旨：「台灣國際主權獨立，不屬於以北京為首都之中華人民共和國。如果國共片面和談、如果國民黨出賣台灣人民利益、如果中共統一台灣、如果國民黨不實施真正的民主憲政，則民進黨主張台灣獨立。」

1990年的「1007決議文」
要旨：「台灣事實主權不及於中國大陸及外蒙。我國未來憲政體制及內政、外交政策，應建立在事實領土範圍之上。」

台灣前途決議文
民進黨於1999年五月其第八次全國黨員代表大會二次全體會議中，做成「台灣前途決議文」。該條文對中華民國憲政體制的正當性做了有條件的承認，部分內容如下：

主權的獨立與自主，是國家安全、社會發展及人民幸福的前提。台灣主權獨立，與中華人民共和國互不隸屬，既是歷史事實，也是現實狀態。這不但是台灣生存的條件，也是發展民主政治與創造經濟奇蹟的依憑。

民主進步黨於一九九一年藉著冷戰體制瓦解，自由、民主、自決思潮全面獲勝之際，通過黨綱修改，主張台灣主權獨立，提出重新界定國家領域、修改憲政體制、發展新國民意識等三項主張。當時雖然被打壓成異端，但不到十年，台灣主權獨立已經成為社會共識，其延伸的具體主張，也迅速成為憲政體制及法令規章的血肉。

台灣是一主權獨立國家，其主權領域僅及於台澎金馬與其附屬島嶼，以及符合國際法規定之領海與鄰接水域。台灣，固然依目前憲法稱為中華民國，但與中華人民共和國互不隸屬，任何有關獨立現狀的更動，都必須經由台灣全體住民以公民投票的方式決定。

冷戰的結束、自由民主思潮的全面勝利、台灣的民主化及民意反對統一的比例不斷上揚，都是維護台灣主權獨立現狀及提升國際地位的有利因素。但另一方面，中國國力更為顯著的上揚及持續僵化的的霸權思想，則是台灣前途的重大障礙。民主進步黨認為，在波譎雲詭的國際政治及諸般利害因素的交錯下，台灣必須審時度勢，妥善規劃安全、謹慎、漸進的中國政策。

族群多元國家一體決議文
2004年9月26日第十一屆第一次臨時全國黨員代表大會制定「...六、 中華民國認同與台灣認同應相互接納：中華民國主權既屬於全體台灣人民，而非其他政權，則台灣認同與中華民國認同，都是對國家認同的表達方式，不應被曲解為族群對立，而應相互尊重、理解和接納。... 十、 建立台灣為全球多元文化國家典範：我國為因應全球化，應積極推動多元文化政策，並成為族群文化多樣性之全球努力的實踐模範，繼民主化之後，建構一個文化多元、命運一體的新國家。」[1]

正常國家決議文
2007年9月30日第十二屆第二次全國黨員代表大會制定「台灣是主權獨立的國家，與中國互不隸屬，互不治理。但中國國民黨威權與中國霸權的內外挑戰，形成當前台灣國家正常化的五大威脅。第一，中國對台灣全面的軍事、外交、經濟、文化和政治攻勢，以「一個中國原則」和「反分裂國家法」片面改變台海現狀，危及台灣的國家主權與安全，壓縮台灣國際生存空間，造成「國際關係不正常」。第二，台灣至今仍沿用不當的中華民國憲法架構，導致民選政府無法正常運作，造成「憲政體制不正常」。第三，外來威權統治殘留的教育文化迷思和對本土文化的壓制與污名化，阻礙台灣人民的國家認同，造成「國家認同不正常」。第四，對特定身份團體的差別待遇，破壞以公民身份為基礎的社會團結，造成「社會公義不正常」。第五，中國國民黨長期擁有龐大不當黨產；助長賄選文化，黨國不分，破壞民主，造成「政黨競爭不正常」。面對當前五大威脅，民主進步黨作為代表台灣人民確保獨立自主與追求民主正義的進步力量，應在「台獨黨綱」與「台灣前途決議文」的基礎上，進一步提出「正常國家決議文」，積極推動正名、制憲、加入聯合國、落實轉型正義與建立台灣主體性等作為，以實現台灣為正常國家。」[1]（引用自維基百科）

註2：四不一沒有是中華民國總統陳水扁在2000年5月20日第十任總統的就職典禮上發表的「只要中共無意對台動武，本人保證在任期之內，不會宣布獨立，不會更改國號，不會推動兩國論入憲，不會推動改變現狀的統獨公投，也沒有廢除國統綱領與國統會的問題」。這是陳水扁政府針對台灣海峽兩岸關係的重要言論，亦曾是陳水扁代表當時作為執政",pF64kG8Bd3n3h-WY_dPm,OPINIONATED,2020-01-10 18:30:40.357000+00:00,OPINIONATED,2.5795375,"民進黨是使台灣沉淪苦海的犯罪組織刑事告發狀

告發人        王為仁
地址          40767台中市西屯區工業區一路90之4號
電話          0923-101305

被告          民主進步黨
法定代理人    卓榮泰
地址          100台北市中正區北平東路30號10樓
電話          02-2392-9989（總機）

民主進步黨徒（以下簡",0,1,0,political,2020
394,2q4mp8xpgkaei,2020-02-08 02:29:41.206000+00:00,TEXT,"轉貼

從口罩可以看出中美間的 文化 與 
認知 ，有著明顯的差異 ：
 
在美國文化裏，你戴口罩表示你生病了，你戴口罩是怕傳染別人。但是在中國文化裏是相反的，你戴口罩是擔心別人病了，你怕被傳染，所以要戴口罩自衛。美國人會覺得華人戴口罩是不禮貌的行徑，因為有病應該在家休養，不要到處走。但華人則認為戴口罩是出門的基本防護。

在認知上也有差異，美國的主流媒體和科學家一直在強調沒有証據表明戴口罩能避免冠狀病毒的傳播，也不建議恐慌式的買口罩戴，而華人的認知是戴口罩是必須的正常防護。

在美國的公共場合，尤其是超市、購物中心、公車丶地鐵裏，戴著口罩，會讓人產生重大的誤解，希望旅居美國的同學們，一定要謹慎行事。

附寄一篇世界日報的社論，提供參考：

世界日報社論：新排華浪潮？華人戴口罩嚇壞各族裔!

社論 2020年02月05日 06:00
美國各地近日出現華人戴口罩被質問是否從中國回來、是否染病；華裔孩子在學校戴口罩也被質疑排斥。商店排隊結帳，其他族裔遇戴口罩華裔嚇得退出隊伍，Uber和Lyft有司機拒載亞裔。不僅美國，日、韓和東亞、歐洲都出現局部排擠華人的舉動。武漢肺炎肆虐，怪罪中國「輸出」疫情，使本已對中國戒懼的人更排斥和提防中國人；連海外華裔對從兩岸三地來的同胞都謹慎提防，唯恐被傳染，這股「排華浪潮」暗潮洶湧，方興未艾。

在美國紐約、洛杉磯、舊金山、芝加哥等華裔密集社區，人群、商場店鋪、學校、公司企業，華裔戴口罩者比比皆是。有些人是提防流感傳染、有些人在防範武漢肺炎，更多人只是心理慰藉，認為戴口罩比較安全。這種心態造成市面上口罩大缺貨，戴口罩對防疫或許有些作用，卻更容易嚇壞其他族裔，對華裔形象卻造成一些衝擊和扭曲。

美聯社報導，中國日益嚴峻的新冠狀病毒疫情，已造成全球憂慮，恐助長世界再一次「反中浪潮」。我們看到美國領先限制中國客入境、各國際航空公司停飛中國航班，民間對華人或亞裔都產生疑慮，甚至歧視，疫情讓人性的醜惡和自利本性顯露無遺。

試舉數例：南韓、馬來西亞人民分別發起請願，要求政府禁止中國人入境，三天內各達近50萬、38萬人連署。南韓一家中國人常光顧的海鮮餐館、日本箱根一家糖果店、一家拉麵店，都貼出「中國人禁止入內」告示。印尼數百居民到一家接待中國客的酒店抗議，設路障想阻擋中國客出門，要求政府遣返這批客人。

美國的情況一樣糟糕。華裔中小學生在學校被其他族裔排斥，紐約、洛杉磯發生多起，家長甚至要求學校停課，無視絕多數華裔學生和本地洋人孩子無異，近期並未造訪中國。中國留學生較多的大學校園，一樣人心惶惶，有學生連署要求停課；同學間醞釀反華情緒，人人自危。邁阿密大學因兩名中國返美學生出現疑似肺炎症狀，學校延後籃球比賽；威斯康辛大學兩名中國留學生發燒，被安排隔離；亞利桑那州大一名中國留學生確認罹患武漢肺炎，被校內職員嗆聲。

全美校園氣氛緊張，有學生說，教室內只要有人咳嗽一聲，都引來緊張的目光凝視。休士頓大學越裔學生親耳聽到，白人學生與他一起走出電梯後說鬆了一口氣，誤認他是中國學生、帶病毒。這種幼稚和誤解，使校園環境不如以往和諧，令人不安。

各地民間氣氛也走了樣。西雅圖一位華人戴口罩去好市多(Costco)，被店員質問「你們是不是中國來的？」洛杉磯地區華人怕被病毒感染，彼此互躲，很多人避免上華資超市；有人在Costco排隊領藥，親見其他族裔看到華人趕快躲避，寧可等華人離開再重新排隊；戴口罩想防流感或肺炎，卻讓其他族裔感到害怕。非理性反應在全美蔓延，「排華」氣氛滋長，使海外所有華人間接受害。

近日有個新加坡旅行團在澳洲旅行，被禁止登上一座山觀光，理由是他們看來像華人，可能帶病毒。這種荒謬愚昧、不合邏輯心態，引發新加坡總理李顯龍出面抱不平。他說，疫情是公共衛生事件，不是國家與種族之間的問題，各國得和中國齊心協力，才能克服挑戰。不過，新加坡政府已宣布，過去14天內曾去中國的各國旅客，或持中國護照者都不准入境，和美國做法雷同。

李顯龍說，「只有生病的人得戴口罩，沒病的人不必戴」，美國有些華裔醫師也這樣呼籲公眾。因為口罩缺貨，助長大家恐慌心態，很多人乾脆不去人多的公共場所，餐館等企業生意已受衝擊。

中國因 17年前的SARS和現在武漢疫情，使西方對中國的「東亞病夫」刻板印象死灰復燃。如今中國的國際處境，有如面臨某種孤立。對照美國每年流感常傳染上千萬人，今年有370萬人感染、2000多人死亡，比武漢肺炎嚴重，只是後者死亡率更高。

一片「懼華」氣氛中，美國有一所學校發給師生和家長的信可作參考：每個人都可能生病，所以請不要孤立華人或任何和中國有其他關係的人。你不能歧視病人，因為你的行為可能使生病的人羞愧，以致隱藏病情、更無法保護其他人免受感染。這是「我們」全人類在對抗病毒，不是中國人；危機越升高，大家越需要冷靜、講人道和團結。",J2d2I3ABd3n3h-WYyNiy,NOT_RUMOR,2020-02-08 06:22:32.113000+00:00,NOT_RUMOR,3.8808075,"轉貼

從口罩可以看出中美間的 文化 與 
認知 ，有著明顯的差異 ：
 
在美國文化裏，你戴口罩表示你生病了，你戴口罩是怕傳染別人。但是在中國文化裏是相反的，你戴口罩是擔心別人病了，你怕被傳染，所以要戴口罩自衛。美國人會覺得華人戴口罩是不禮貌的行徑，因為有病應該在家休養，不要到處走。但華人則認為戴口罩是出門的基本防護。

在認知上也有差異，美國的主流媒體和科學家一直在強調沒有証據表明戴口罩能避免",0,1,0,political,2020
395,2mizk6y4q5q8r,2019-11-18 13:06:12.359000+00:00,TEXT,https://udn.com/news/story/120538/4171604,NFhSJ28Bd3n3h-WYoDsD,OPINIONATED,2019-12-21 07:18:43.970000+00:00,OPINIONATED,786.2087808333333,https://udn.com/news/story/120538/4171604,0,0,0,other,2020
396,h7x4safxh7z4,2023-12-02 00:13:43.304000+00:00,TEXT,"🌟2024最 強 育兒群🌟

0-12歲育兒津貼
最高領12000元

申請方式：
家中有0-12歲小孩即可

分享育兒福利😍
育兒津貼、托育補助、育兒生活

入群獲取相關資訊
han.gl/pCXuoP",0fbEvowBAjOeMOklvfj5,RUMOR,2023-12-31 07:26:53.945000+00:00,RUMOR,703.2196224999999,"🌟2024最 強 育兒群🌟

0-12歲育兒津貼
最高領12000元

申請方式：
家中有0-12歲小孩即可

分享育兒福利😍
育兒津貼、托育補助、育兒生活

入群獲取相關資訊
han.gl/pCXuoP",1,0,0,scam,2024
397,vjzbjlpvbrdb,2024-01-27 12:05:53.496000+00:00,TEXT,我們團隊就是做引流，引進人員（就是你們）那進入網站做點擊的人員也可以因為跟隨團隊照步點擊的動作衝流量賺取平台流量點數（收益），這就是收益的來源,gvcfTI0BAjOeMOklSa0a,RUMOR,2024-01-27 18:12:15.257000+00:00,RUMOR,6.106044722222222,我們團隊就是做引流，引進人員（就是你們）那進入網站做點擊的人員也可以因為跟隨團隊照步點擊的動作衝流量賺取平台流量點數（收益），這就是收益的來源,1,0,0,scam,2024
398,23rx2ypoca6dl,2020-03-22 04:15:22.668000+00:00,TEXT,"中國5G技術，
應用於演唱會（全息影）上，
技驚四座，
難怪美國要打壓華為.。",NAZVBnEBrhVJn3LNCnxJ,RUMOR,2020-03-23 07:39:28.712000+00:00,RUMOR,27.40167888888889,"中國5G技術，
應用於演唱會（全息影）上，
技驚四座，
難怪美國要打壓華為.。",0,1,0,political,2020
399,301ctg08g5kvl,2024-01-15 02:23:17.613000+00:00,TEXT,"(large yellow diamond)營運模式                                                                                       我們公司主要                                                                          1.  聘請專業操盤手 操作 量化交易系統
2.  點位趨勢系統 透由 大數據分析 能夠準確替客戶自動下單

(large yellow diamond)量化程式的好處；
1.  減少、降低 人為操作的 風險                                                           2.  量化交易系統可以推算歷史交易紀錄
3.  以毫秒的速度 買低賣高 短時間獲取高報酬

(large yellow diamond)獲利時間：
操作獲利時間30～60分鐘，操作完成，即可馬上提領，操作加上提領時間10-20分鐘，整體流程約在2小時內完成

(large yellow diamond)公司要賺什麼呢?
我們公司絕對不會事前跟客戶收取任何費用，一定是等客戶操盤完成，確實獲利，也提領入帳之後，才會跟客戶收取２成 的技術酬勞。 絕對不會事前收費。 
(red check mark)公司唯一的收入就是替客戶操盤完成，收取2成的技術傭金",wWMhA48BUCqzrknpqUb-,RUMOR,2024-04-22 00:08:08.958000+00:00,RUMOR,2349.747595833333,(large yellow diamond)營運模式                                                                                       我們公司主要                                                                          1.  聘請專,0,0,0,other,2024
400,37jv4r7bjt0io,2020-01-31 11:30:56.268000+00:00,TEXT,2001年北京軍區空軍政治部主任劉亞洲演講錄音：【殘忍是會遭天譴的:你看看我們的山川，滿目瘡痍。樹先死，草再死，動物死，最後是人死。,02Vk-28Bd3n3h-WYpQIx,RUMOR,2020-01-31 11:37:54.736000+00:00,RUMOR,0.1162411111111111,2001年北京軍區空軍政治部主任劉亞洲演講錄音：【殘忍是會遭天譴的:你看看我們的山川，滿目瘡痍。樹先死，草再死，動物死，最後是人死。,0,0,0,other,2020
401,1g1tyx1qsrvqd,2024-01-11 06:19:56.290000+00:00,TEXT,https://www.youtube.com/watch?v=KNk77wYmoBk&ab_channel=MilaLin,75riz40BBMtPEaE0x-4W,RUMOR,2024-02-22 08:16:02.326000+00:00,RUMOR,1009.93501,https://www.youtube.com/watch?v=KNk77wYmoBk&ab_channel=MilaLin,0,0,0,other,2024
402,1oopu8zwpm2ck,2020-02-07 08:05:52.625000+00:00,TEXT,"3:51
, 4G
今天是西元2020年2月7日
#真心提醒您
#別忘了截止日期是今天
臉書從明天(2/7)開始
新的facebook規則,
他們可以使用你的照片。
它可以在法庭上對您的訴訟中使用。
從今天起,
您釋出的所有内容都變得公開。
即使是已經刪除的訊息。
#以下是我的聲明
#我不允許facebook
#或任何與facebook相關的實體
#使用我的圖片資訊訊息或帖子
#無論是過去和未來
有了這份聲明,
我通知facebook,
嚴格禁止
根據此個人檔案或其內容、
洩露、
複製、
分發或採取任何其他行動。
本個人檔案的內容
是私人和機密資訊。
侵犯隱私的行為
可以被法律說明懲罰:
#facebook現在是一個公共實體
#所有成員都必須釋出這樣的便條",M2f0HnABd3n3h-WYB4N-,RUMOR,2020-02-07 09:21:14.109000+00:00,RUMOR,1.2559677777777778,"3:51
, 4G
今天是西元2020年2月7日
#真心提醒您
#別忘了截止日期是今天
臉書從明天(2/7)開始
新的facebook規則,
他們可以使用你的照片。
它可以在法庭上對您的訴訟中使用。
從今天起,
您釋出的所有内容都變得公開。
即使是已經刪除的訊息。
#以下是我的聲明
#我不允許facebook
#或任何與facebook相關的實體
#使用我的圖片資訊訊息或帖子
#無論是過去和未來
",0,0,0,other,2020
403,2oyn7bdhz2rh4,2024-03-29 05:18:49.338000+00:00,TEXT,"我這邊先跟您簡單說明一下💁
我們成立的宗旨是希望透過網路的力量，凝聚大家的愛心，一起為社會付出
目前全台不分地區都有配合的市立醫院，故全台含外島皆可報名應徵

跟您提醒一下
報名年齡需介於18至65歲之間健康人士，若未成年或年長者不可報名應徵！
女性體重應在45公斤以上，男性體重應在50公斤以上！

跟您說明一下我們實際操作的模式！
1.加入平台線上預約捐血日期
2.於指定日期抵達預約醫院並至捐血處報到
3.完成抽血後即可至平台領取愛心基金3600元
4.完成捐血500cc可領取雞蛋及電影票，
將宅配到府

注意事項：
1.捐血前晚應有充足之睡眠
2.捐血前8小時請勿飲酒
3.捐血前72小時內未拔牙
4.上次捐血250㏄已間隔兩個月、500㏄已間隔三個月
5.捐血前勿食用油膩食物

請問到這邊的話都還明白嗎？❤️",BhEYq44B0DEb0v6cLyaq,RUMOR,2024-04-04 21:51:12.810000+00:00,RUMOR,160.53985333333333,"我這邊先跟您簡單說明一下💁
我們成立的宗旨是希望透過網路的力量，凝聚大家的愛心，一起為社會付出
目前全台不分地區都有配合的市立醫院，故全台含外島皆可報名應徵

跟您提醒一下
報名年齡需介於18至65歲之間健康人士，若未成年或年長者不可報名應徵！
女性體重應在45公斤以上，男性體重應在50公斤以上！

跟您說明一下我們實際操作的模式！
1.加入平台線上預約捐血日期
2.於指定日期抵達預約醫院並至捐血",0,0,2,health,2024
404,33okz9yze2qkh,2023-11-12 09:14:54.911000+00:00,TEXT,布袋戲大師黃俊雄 堅定說出信賴挺台灣,_vWS0YsBAjOeMOklMt3l,RUMOR,2023-11-15 06:01:41.348000+00:00,RUMOR,68.77956583333334,布袋戲大師黃俊雄 堅定說出信賴挺台灣,0,0,0,other,2024
405,1h7x1pb5n5wn1,2023-10-20 15:27:30.139000+00:00,TEXT,"你好，
我們謹通知您，您必須為假期/退休計劃支付 11,500 美元。
謝謝",M_XgTYsBAjOeMOklbkIv,RUMOR,2023-10-20 16:17:15.821000+00:00,RUMOR,0.8293561111111111,"你好，
我們謹通知您，您必須為假期/退休計劃支付 11,500 美元。
謝謝",0,0,0,other,2024
406,whczkozkhjv3,2019-10-29 20:19:31.198000+00:00,TEXT,"手机用5g还是4g好
     我建议大家不要去使用5g手机。有的新技术产品的推广，确实需要较长时间的实践证明 ，比如，5g手机。5g的载频是mm波段，mm波对眼睛的伤害是很大的，这恐怕领导们都不明白，甚至研究mm波手机的包括华为的研究员也未必明白。我大半生搞微波，在一次因为观察8mm波导内的调匹配元件，而用右眼对着波导管观察仅几分钟，(功率200mw)那时，我也不了解！眼底黄斑就被烧坏了(因难受而去医院检查)，发现是黄斑变形。几十年了，两个眼睛看东西，大小不一，受损的右眼看的字体大。而且看垂直线是弯曲的。还好，直面观察mm波的时间才几分钟，没有变瞎。后来我给学生们讲课时每届都告诉他们注意mm波对眼睛的伤害。
    现在大力宣传5g，5g确实有极大发展应用价值，但对手机真是需要慎重。因为它离眼睛太近，(虽然，手机天线全向辐射，强度可能也小，眼睛的接触面不大，但距离太近了！)而且经常长时间面对。劝我的亲人们不要去赶时髦，还是用4g手机好！！只要买储存量大的4g手机(现在有好几百ghz储存量的4ghz手机)就可以了！有的朋友可能不知道信息量，载频，存储器的关系，我做个简单比方:它们就像运载物多少，卡车大小和货仓大小一样。存储器的容量可以远远超过传输的载频。(5g手机优点就是下载速度快，瞬间可传信息量大而已--我们有这个必要吗？)。真希望国家能在5g手机推广前做好这方面的研究。确保人们的眼睛！
    如有错误请朋友们立即指出，以免不良影响。
          国防科大微波教研室退休教授姚德淼2019.10",S0p5PG4BV0DITCqG_D9X,RUMOR,2019-11-05 16:50:57.750000+00:00,RUMOR,164.52404222222222,"手机用5g还是4g好
     我建议大家不要去使用5g手机。有的新技术产品的推广，确实需要较长时间的实践证明 ，比如，5g手机。5g的载频是mm波段，mm波对眼睛的伤害是很大的，这恐怕领导们都不明白，甚至研究mm波手机的包括华为的研究员也未必明白。我大半生搞微波，在一次因为观察8mm波导内的调匹配元件，而用右眼对着波导管观察仅几分钟，(功率200mw)那时，我也不了解！眼底黄斑就被烧坏了(因难受",0,0,0,other,2020
407,235fd3b3daezn,2020-03-17 22:36:04.865000+00:00,TEXT,"【快訊！】第53例是竹北台元園區的工程師，3/11已經確診收治負壓病房，因3/6從德國出差回來沒有居家隔離，期間常去樓下7-11，今日全棟臨時消毒，正在查接觸名單。

病毒🦠可能已來到新竹，請大家多加留意小心！建議提醒相關拜訪或新竹區業務",oQTU63ABrhVJn3LNSVA7,RUMOR,2020-03-18 04:08:43.066000+00:00,RUMOR,5.543944722222222,"【快訊！】第53例是竹北台元園區的工程師，3/11已經確診收治負壓病房，因3/6從德國出差回來沒有居家隔離，期間常去樓下7-11，今日全棟臨時消毒，正在查接觸名單。

病毒🦠可能已來到新竹，請大家多加留意小心！建議提醒相關拜訪或新竹區業務",0,0,1,health,2020
408,2qnozy0yd5apo,2019-12-31 10:52:57.830000+00:00,TEXT,"中國爆27例不明肺炎病例！疾管署：與SARS較不吻合 #LINETODAY

https://today.line.me/TW/article/yr0nr6?utm_source=lineshare",UVu4W28Bd3n3h-WYjZEf,NOT_RUMOR,2019-12-31 11:30:19.037000+00:00,NOT_RUMOR,0.6225575,"中國爆27例不明肺炎病例！疾管署：與SARS較不吻合 #LINETODAY

https://today.line.me/TW/article/yr0nr6?utm_source=lineshare",0,1,1,political,2020
409,3f2ftjdnut804,2020-03-14 11:19:20.552000+00:00,TEXT,"僅供參考：來自史丹佛醫院董事會成員 ，這是他們目前對新冠病毒的建議：
1. 如果您是流鼻涕和有痰液，比較可能是一般感冒。
2. 新冠肺炎會乾咳，咳嗽，但沒有流鼻涕。 
3. 新冠病毒不耐熱，26-27度的溫度會殺死它，曬太陽也會。 
4. 打噴嚏時新冠病毒會噴約3公尺，才會掉落地面，就不再空中傳播了。 
5. 如果新冠病毒掉落在金屬表面，至少存活12個小時。因此，如果您接觸到任何金屬表面-請盡快用肥皂洗手。 
6. 新冠病毒在衣服上可以存活6-12小時。普通的洗衣粉會殺死它。 
7. 喝熱水對所有病毒都有效。少喝冰水。 
8. 經常洗手，因為這種病毒只能在您的手上存活5-10分鐘，但是在這段時間，您可能不自覺揉眼睛、摸鼻子等。
9. 喉嚨不適，用溫鹽水漱口，以防萬一。
10. 最重要的是多喝水！

症狀： 
1. 新冠病毒感染後，首先會感染喉嚨，所以先會有喉嚨痛，持續3-4天。
2. 然後病毒混入鼻液，進入氣管和肺部，引起肺炎。這大約需要5-6天。 
3. 然後出現肺炎症狀，發燒和呼吸困難。 
4. 不像平常鼻塞的感覺，像快要淹死了無法呼吸。這時要立即求醫。
5. 日本醫生的建議：確保您的口腔和咽喉濕潤，至少每15分鐘喝幾口水。為什麼？即使病毒進入您的口腔，飲用水或其他液體也會將它沖到胃部，胃酸將殺死所有病毒。如果您不經常喝足夠的水，病毒有機會進入您的氣管和肺部，比較危險。
6. 新冠病人出現症狀時，肺部纖維化程度通常為50％。台灣專家提供了一個簡單的自我檢查。深呼吸，屏住呼吸10秒鐘以上。如果順利做到，而沒有咳嗽或其他不適，則表明肺部沒有纖維化，可能不是新冠病毒感染，有需要時可自我檢查。

Joey L. Costa 喬伊·L·科斯塔
jlcosta14@gmail.com
（412）973-5652",iAIG2XABrhVJn3LNAuzf,RUMOR,2020-03-14 12:30:14.750000+00:00,RUMOR,1.1817216666666668,"僅供參考：來自史丹佛醫院董事會成員 ，這是他們目前對新冠病毒的建議：
1. 如果您是流鼻涕和有痰液，比較可能是一般感冒。
2. 新冠肺炎會乾咳，咳嗽，但沒有流鼻涕。 
3. 新冠病毒不耐熱，26-27度的溫度會殺死它，曬太陽也會。 
4. 打噴嚏時新冠病毒會噴約3公尺，才會掉落地面，就不再空中傳播了。 
5. 如果新冠病毒掉落在金屬表面，至少存活12個小時。因此，如果您接觸到任何金屬表面-請盡快用",0,0,4,health,2020
410,a4jq1fgkcmsh,2020-01-04 07:06:49.810000+00:00,TEXT,剛開的水，有一部分細菌還沒有被殺死。嚴格地說，剛沸的水並不能殺死水裡的所有細菌，需要煮沸2～3分鐘方可全部殺死。自來水是用氯來消毒殺菌的，飲用水中還存在有餘氯，這些餘氯可繼續起殺菌作用。而用氯處理過的水，可分離出10餘種有害物質，其中主要有鹵代烴、氯仿等，它們有致癌、致畸作用。專家指出，飲用未煮沸的水，患膀胱癌、直腸癌的可能性增加21％～38％,aVwScW8Bd3n3h-WYNdMv,RUMOR,2020-01-04 15:00:16.302000+00:00,RUMOR,7.890692222222221,剛開的水，有一部分細菌還沒有被殺死。嚴格地說，剛沸的水並不能殺死水裡的所有細菌，需要煮沸2～3分鐘方可全部殺死。自來水是用氯來消毒殺菌的，飲用水中還存在有餘氯，這些餘氯可繼續起殺菌作用。而用氯處理過的水，可分離出10餘種有害物質，其中主要有鹵代烴、氯仿等，它們有致癌、致畸作用。專家指出，飲用未煮沸的水，患膀胱癌、直腸癌的可能性增加21％～38％,0,0,1,health,2020
411,34pvj0xubs0xc,2024-03-26 15:25:47.977000+00:00,TEXT,"現在大家肯定會有疑問為什麼使用跟外資合資的帳戶就會獲利呢？這個重點來了，首先我們綁定的是外資帳戶，什麼是外資帳戶呢？外資就是由國外資本出資成立的一個帳戶，大家也知道外資的資金實力是毋庸置疑的，那麼我們跟外資合資就=我們就是跟外資共同進出場，當然這個跟外資合資共同進出也不是免費的，大家也明白天上不會掉餡餅，外資帶領大家賺錢肯定也是有條件的，條件就是需要抽取25%的獲利分成
而且我帶領大家賺錢也是為了成立投顧做好鋪墊",7jIciJMBjdhbW921ArYz,RUMOR,2024-12-02 16:02:37.235000+00:00,RUMOR,6024.613682777778,"現在大家肯定會有疑問為什麼使用跟外資合資的帳戶就會獲利呢？這個重點來了，首先我們綁定的是外資帳戶，什麼是外資帳戶呢？外資就是由國外資本出資成立的一個帳戶，大家也知道外資的資金實力是毋庸置疑的，那麼我們跟外資合資就=我們就是跟外資共同進出場，當然這個跟外資合資共同進出也不是免費的，大家也明白天上不會掉餡餅，外資帶領大家賺錢肯定也是有條件的，條件就是需要抽取25%的獲利分成
而且我帶領大家賺錢也是為了",3,0,0,scam,2024
412,2i4i0o3a2srkb,2024-03-28 12:56:14.172000+00:00,TEXT,"""澳洲""
 https://www.huaglad.com/zh-tw/aunews/20240310/548709.html#:~:text=%E6%96%B0%E6%96%B0%E8%81%9E-,%E6%BE%B3%E6%B4%B2,-%E5%AE%98%E5%AE%A3%3A%20%E7%A6%81",thG0q44B0DEb0v6cuyaz,RUMOR,2024-04-05 00:42:12.275000+00:00,RUMOR,179.76613972222222,"""澳洲""
 https://www.huaglad.com/zh-tw/aunews/20240310/548709.html#:~:text=%E6%96%B0%E6%96%B0%E8%81%9E-,%E6%BE%B3%E6%B4%B2,-%E5%AE%98%E5%AE%A3%3A%20%E7%A6%81",0,0,0,other,2024
413,1hq506ilbf6j1,2024-01-17 12:45:58.774000+00:00,TEXT,家裡信箱若有收到這類的禮券、立即撕毀.又是新的詐騙手法.千萬不要掃碼.你的個資和錢都飛了！已經有人上當受騙了☹️,1PddHY0BAjOeMOklNnSQ,RUMOR,2024-01-18 16:17:44.589000+00:00,RUMOR,27.529393055555555,家裡信箱若有收到這類的禮券、立即撕毀.又是新的詐騙手法.千萬不要掃碼.你的個資和錢都飛了！已經有人上當受騙了☹️,2,0,0,scam,2024
414,2fk1fk3ht7mqf,2024-03-29 14:40:58.566000+00:00,TEXT,我幫您申請降低試試也是希望可以幫到您,Q-jVWZUBYrjt7MSMqFFZ,RUMOR,2025-03-03 02:28:49.369000+00:00,RUMOR,8123.797445277778,我幫您申請降低試試也是希望可以幫到您,0,0,0,other,2024
415,ovz54mjeqvky,2020-01-25 04:30:53.239000+00:00,TEXT,"埔里基督教醫院確診一例武漢肺炎
大家出門在外一定要戴口罩勤洗手",vWOP3G8Bd3n3h-WYtR-Q,RUMOR,2020-01-25 11:56:43.279000+00:00,RUMOR,7.430566666666666,"埔里基督教醫院確診一例武漢肺炎
大家出門在外一定要戴口罩勤洗手",0,0,2,health,2020
416,3v6xgys9ugdwj,2024-03-12 08:21:51.722000+00:00,TEXT,"序列編號:24031200969
訊號選擇:LSI, Large Scale Integration
元素選擇:RFCMOS
輸入CMOS值:1000
執行操作:Validate",6XIY1JABd3gcY0Lptlxl,RUMOR,2024-07-21 07:01:47.748000+00:00,RUMOR,3142.6655627777777,"序列編號:24031200969
訊號選擇:LSI, Large Scale Integration
元素選擇:RFCMOS
輸入CMOS值:1000
執行操作:Validate",0,0,0,other,2024
417,3aq2zzg33ijjv,2024-03-29 00:59:57.012000+00:00,TEXT,https://www.fda.gov.tw/tc/siteContent.aspx?sid=12919&_trms=813af35bd49bab1b.1711525814664,BxHqlo4B0DEb0v6c1QjH,NOT_RUMOR,2024-03-31 23:49:16.358000+00:00,NOT_RUMOR,70.82204055555555,https://www.fda.gov.tw/tc/siteContent.aspx?sid=12919&_trms=813af35bd49bab1b.1711525814664,0,0,0,other,2024
418,2r6y5is5b44rw,2024-03-26 07:01:53.916000+00:00,TEXT,"你好哇~~ 我叫菲菲🫶
怎麼稱呼你好呢？
請問你今年滿20歲了嗎？",HBBAfI4B0DEb0v6cyuJp,RUMOR,2024-03-26 19:33:24.711000+00:00,RUMOR,12.525220833333332,"你好哇~~ 我叫菲菲🫶
怎麼稱呼你好呢？
請問你今年滿20歲了嗎？",0,0,0,other,2024
419,cycm4ry6cm2w,2024-01-12 10:02:43.780000+00:00,TEXT,"預估新冠疫情在月底會達到高峰，提醒在人多的大型場合，最好要戴口罩。

疾管署發言人羅一鈞表示，未來3周新冠疫情會持續上升，預估在農曆春節前一周，即1月28日至2月3日會達到高峰！",FPc3_owBAjOeMOkloFBe,NOT_RUMOR,2024-01-12 15:08:27.613000+00:00,NOT_RUMOR,5.095509166666666,"預估新冠疫情在月底會達到高峰，提醒在人多的大型場合，最好要戴口罩。

疾管署發言人羅一鈞表示，未來3周新冠疫情會持續上升，預估在農曆春節前一周，即1月28日至2月3日會達到高峰！",0,0,1,health,2024
420,80nb9u19js2v,2020-01-07 09:08:35.318000+00:00,TEXT,"【假圖片】NASA氣象衛星拍到澳洲大火？作者：3D模擬非照片

🔥森林大火真的很嚴重！大家平常也可以多關心國際新聞❤️

https://www.mygopen.com/2020/01/nasa-photo-Australian-Fires.html",bV1Qf28Bd3n3h-WY2K0h,NOT_RUMOR,2020-01-07 09:23:22.272000+00:00,NOT_RUMOR,0.2463761111111111,"【假圖片】NASA氣象衛星拍到澳洲大火？作者：3D模擬非照片

🔥森林大火真的很嚴重！大家平常也可以多關心國際新聞❤️

https://www.mygopen.com/2020/01/nasa-photo-Australian-Fires.html",0,0,0,other,2020
421,18lvgz40pda4l,2019-12-09 01:37:10.663000+00:00,TEXT,http://www.healthlooker.com/post06158431015349?u=29&utm_source=life580&utm_medium=img,xFVO6W4BV0DITCqGLTos,RUMOR,2019-12-09 06:17:25.035000+00:00,RUMOR,4.670658888888889,http://www.healthlooker.com/post06158431015349?u=29&utm_source=life580&utm_medium=img,0,0,0,other,2020
422,ozzdfpprbo90,2020-02-17 10:11:39.345000+00:00,TEXT,https://health.udn.com/health/story/120952/4320099,n0cHVHABHjv_5zI2wjsV,NOT_RUMOR,2020-02-17 16:42:39.507000+00:00,NOT_RUMOR,6.516711666666667,https://health.udn.com/health/story/120952/4320099,0,0,0,other,2020
423,35ni7ke65n3p,2024-03-05 01:54:20.521000+00:00,TEXT,晚上好！助理這邊跟您確認一下，上方的美編工作您是覺得不太滿意嗎？還是說有哪點您是覺得無法配合，都可以和助理說的，或許工作內容助理沒有說明的很清楚。,pWTSg48BUCqzrknpKA5A,RUMOR,2024-05-16 23:52:19.263000+00:00,RUMOR,1749.9663172222222,晚上好！助理這邊跟您確認一下，上方的美編工作您是覺得不太滿意嗎？還是說有哪點您是覺得無法配合，都可以和助理說的，或許工作內容助理沒有說明的很清楚。,0,0,0,other,2024
424,2q6qzexga1gxz,2024-03-12 07:02:08.368000+00:00,TEXT,"不要在電氣化鐵路軌道附近使用 bluetooth 藍芽耳機

當 藍牙耳機🎧 啟動時，就會有電流⚡⚡⚡從鐵路上方的高壓電纜傳導下來，直接通過耳朵，進入大腦，造成觸電死亡",hZyHMo4BBMtPEaE0yFzl,RUMOR,2024-03-12 11:59:03.396000+00:00,RUMOR,4.9486188888888885,"不要在電氣化鐵路軌道附近使用 bluetooth 藍芽耳機

當 藍牙耳機🎧 啟動時，就會有電流⚡⚡⚡從鐵路上方的高壓電纜傳導下來，直接通過耳朵，進入大腦，造成觸電死亡",0,0,0,other,2024
425,3j2xw7fur5vlh,2024-01-12 13:37:08.505000+00:00,TEXT,https://dfdfeefdss.com/wb/tw8wq/?gclid=EAIaIQobChMIk8bPu_vXgwMVM18PAh1NawcqEAEYASAAEgIEMvD_BwE,F7ZRa5IBDfH0hhhZRO0I,RUMOR,2024-10-08 08:49:00.936000+00:00,RUMOR,6475.1978975,https://dfdfeefdss.com/wb/tw8wq/?gclid=EAIaIQobChMIk8bPu_vXgwMVM18PAh1NawcqEAEYASAAEgIEMvD_BwE,0,0,0,other,2024
426,s2i692jnsawh,2024-03-20 04:41:07.888000+00:00,TEXT,我會將各類型的工作都發在記事本中供職員們領取，每日都會有地區性的職缺釋出👌👌,sxAajI4B0DEb0v6cD_lB,RUMOR,2024-03-29 21:25:01.887000+00:00,RUMOR,232.73166638888887,我會將各類型的工作都發在記事本中供職員們領取，每日都會有地區性的職缺釋出👌👌,1,0,0,scam,2024
427,1wmqt32ct1e64,2020-03-18 22:33:44.873000+00:00,TEXT,"「台中的朋友！最近不要去逢甲商圈，特別是配眼鏡，聽說有一個眼鏡店家剛從土耳其回來，確定確診了。」

逢甲路 優仕眼鏡老闆確診",iATc8HABrhVJn3LNxL3o,OPINIONATED,2020-03-19 03:36:05.094000+00:00,OPINIONATED,5.038950277777778,"「台中的朋友！最近不要去逢甲商圈，特別是配眼鏡，聽說有一個眼鏡店家剛從土耳其回來，確定確診了。」

逢甲路 優仕眼鏡老闆確診",0,0,0,other,2020
428,1onhot0tzo2jb,2023-11-13 03:24:13.130000+00:00,TEXT,【中央研究院】誠摯邀請您於112年11月17日前花5分鐘填寫「國人幸福感」問卷，填完可得50元7-11禮券！ https://poll.survey.sinica.edu.tw/CAI/x?4J%2B8uS%2Fjj6IfZuLkBGeUAfXH%2FbKpyAtDx,TPUG04sBAjOeMOklPOBv,OPINIONATED,2023-11-15 12:48:03.183000+00:00,OPINIONATED,57.39723694444445,【中央研究院】誠摯邀請您於112年11月17日前花5分鐘填寫「國人幸福感」問卷，填完可得50元7-11禮券！ https://poll.survey.sinica.edu.tw/CAI/x?4J%2B8uS%2Fjj6IfZuLkBGeUAfXH%2FbKpyAtDx,1,0,0,scam,2024
429,2sybgjmc2xd48,2020-01-30 14:47:22.869000+00:00,TEXT,最近無論流感或武漢疫情嚴重，大家都會買口罩備用。請記得購買時留意包裝上是否標明CNS14774，是的話才是醫用口罩，坊間大部分為CNS14755，多為防塵口罩，無法過濾隔離細菌、病毒。,v2T19m8Bd3n3h-WYI7tR,NOT_RUMOR,2020-01-30 14:57:38.125000+00:00,NOT_RUMOR,0.1709044444444444,最近無論流感或武漢疫情嚴重，大家都會買口罩備用。請記得購買時留意包裝上是否標明CNS14774，是的話才是醫用口罩，坊間大部分為CNS14755，多為防塵口罩，無法過濾隔離細菌、病毒。,0,0,1,health,2020
430,1xrzlzbzywt8v,2023-11-03 14:48:23.311000+00:00,TEXT,黴漿菌中國大流行 台灣也恐爆發！台大醫：兒童肺炎頭號公敵 沒疫苗可打 嚴重恐裝葉克膜 https://health.tvbs.com.tw/medical/342948,vPVBpYsBAjOeMOkl4Kgm,RUMOR,2023-11-06 15:30:39.781000+00:00,RUMOR,72.704575,黴漿菌中國大流行 台灣也恐爆發！台大醫：兒童肺炎頭號公敵 沒疫苗可打 嚴重恐裝葉克膜 https://health.tvbs.com.tw/medical/342948,0,1,2,health,2024
431,cb6pkw417sjh,2020-03-12 06:22:57.754000+00:00,TEXT,"我的同期顏慕庸醫師剛傳來的報告非常值得一看：

昨天才在蘋果論壇提到：全方位整備全球大流行（pandemic）的威脅
就趕上世界衛生組織今天的隆重宣布了。
以下擷取自2020/0311 蘋果論壇。
勘誤：社會急重症醫療量能， 而非「社會及重症...」， 全球大流行危機管理的關鍵點：維繫社會最基本的需求以及功能。

「考量可能到來的社區流行期，宜即刻規劃「民眾──家庭──基層醫療──醫院」的社區分流體系，建議以縣市為基準廣設社區篩檢中心，集中配備充足之防疫物資，往社區分流以減少對醫療院所之衝擊。醫療院所亦將進入各司其職之醫療總體分流，以維繫基本社會急重症醫療量能，並降低重症感染之風險與死亡率。」

顏慕庸／台北市立聯合醫院
https://tw.appledaily.com/forum/20200310/TQDZFQKTMUGFYRF4SEG5ABU3FU/?fbclid=IwAR3xAdIVEVtrdaPHJmMstswvU_TNWxVZKUU1s-9kHGNeYQP_BVX8aLrUqi4",0AIX1XABrhVJn3LNFZ7J,OPINIONATED,2020-03-13 18:10:24.839000+00:00,OPINIONATED,35.79085694444445,"我的同期顏慕庸醫師剛傳來的報告非常值得一看：

昨天才在蘋果論壇提到：全方位整備全球大流行（pandemic）的威脅
就趕上世界衛生組織今天的隆重宣布了。
以下擷取自2020/0311 蘋果論壇。
勘誤：社會急重症醫療量能， 而非「社會及重症...」， 全球大流行危機管理的關鍵點：維繫社會最基本的需求以及功能。

「考量可能到來的社區流行期，宜即刻規劃「民眾──家庭──基層醫療──醫院」的社區分流",0,0,2,health,2020
432,3lj8k21sa2hz6,2020-02-11 12:28:27.709000+00:00,TEXT,武漢一家如有患疫情就得等死~自家大門就被中共公安封死!顯現中共手段之殘忍!,IkVCOnABHjv_5zI2gFsz,OPINIONATED,2020-02-12 16:36:41.650000+00:00,OPINIONATED,28.137205833333336,武漢一家如有患疫情就得等死~自家大門就被中共公安封死!顯現中共手段之殘忍!,0,1,0,political,2020
433,yltrqiaiagds,2024-03-01 03:58:36.447000+00:00,TEXT,"誠心徵才🎉冠運物流公司點貨工作員
☑️薪資一律按單計算
☑️男生女生都可以年齡滿20歲以上⭕ 
☑️工作時間：全天24小時都可自選時段工作。
☑ 工作內容：按照主管給的資料填上表格統整即可完成。
☑️薪資待遇：一單90元做越多賺越多
☑️領薪方式：領現或匯款(2種方式選1種)
☑️兼職可 想休息就休息想做就做
☑️工作地點：線上工作、不限地區不限地方
☑️ 徵求條件：上班族/家庭主婦/待業人士/有正職也可以兼職當副業做。",r5vqD44BBMtPEaE0Z8su,RUMOR,2024-03-05 18:40:03.884000+00:00,RUMOR,110.69095472222222,"誠心徵才🎉冠運物流公司點貨工作員
☑️薪資一律按單計算
☑️男生女生都可以年齡滿20歲以上⭕ 
☑️工作時間：全天24小時都可自選時段工作。
☑ 工作內容：按照主管給的資料填上表格統整即可完成。
☑️薪資待遇：一單90元做越多賺越多
☑️領薪方式：領現或匯款(2種方式選1種)
☑️兼職可 想休息就休息想做就做
☑️工作地點：線上工作、不限地區不限地方
☑️ 徵求條件：上班族/家庭主婦/待業人士/有",4,0,0,scam,2024
434,3osp1vew7ixnp,2020-03-25 08:18:25.552000+00:00,TEXT,"大家請注意，剛剛Channel 7新聞報導了，在Torrance 真的有不良分子上門，假裝政府工作調查人員，如遇到應立即報警求助。
還有電話騙徒，说政府的$1000 要寄出，需要登記，要私人資料，工卡號，大家别上當，警察说絕對沒有政府人員致電問私人資料的，請提醒家人，特別老人家多注意⚠️",awduEnEBrhVJn3LNnINm,RUMOR,2020-03-25 16:02:51.109000+00:00,RUMOR,7.7404325,"大家請注意，剛剛Channel 7新聞報導了，在Torrance 真的有不良分子上門，假裝政府工作調查人員，如遇到應立即報警求助。
還有電話騙徒，说政府的$1000 要寄出，需要登記，要私人資料，工卡號，大家别上當，警察说絕對沒有政府人員致電問私人資料的，請提醒家人，特別老人家多注意⚠️",0,0,0,other,2020
435,1dquwojdxpevd,2020-02-07 09:37:59.728000+00:00,TEXT,"好消息 ! 武漢肺炎救命藥「瑞德西韋」可望來台，研發成功的就是我們台灣人 ! 大家對於疫情就不用那麼緊張了。

https://tw.news.yahoo.com/%E5%A5%BD%E6%B6%88%E6%81%AF%E6%AD%A6%E6%BC%A2%E8%82%BA%E7%82%8E%E6%95%91%E5%91%BD%E8%97%A5%E7%91%9E%E5%BE%B7%E8%A5%BF%E9%9F%8B%E5%8F%AF%E6%9C%9B%E4%BE%86%E5%8F%B0-023131904.html",t2fAI3ABd3n3h-WYGN6d,OPINIONATED,2020-02-08 07:42:36.700000+00:00,OPINIONATED,22.076936666666665,"好消息 ! 武漢肺炎救命藥「瑞德西韋」可望來台，研發成功的就是我們台灣人 ! 大家對於疫情就不用那麼緊張了。

https://tw.news.yahoo.com/%E5%A5%BD%E6%B6%88%E6%81%AF%E6%AD%A6%E6%BC%A2%E8%82%BA%E7%82%8E%E6%95%91%E5%91%BD%E8%97%A5%E7%91%9E%E5%BE%B7%E8%A5%BF%",0,0,1,health,2020
436,bu3cj1pv757b,2023-11-06 08:43:43.411000+00:00,TEXT,https://youtu.be/qmqZG4Lw8TQ?si=19_IjyNGH_aSxzQb,tfVBpYsBAjOeMOklsqjl,RUMOR,2023-11-06 15:30:28.196000+00:00,RUMOR,6.779106944444444,https://youtu.be/qmqZG4Lw8TQ?si=19_IjyNGH_aSxzQb,0,0,0,other,2024
437,19e4ye5z5etto,2024-01-03 02:51:31.563000+00:00,TEXT,"原來 賴清德 二流學生， 高中 第一次 考上中正高中 重考 才進入建中 大學 聯考 是 台大獸醫系 轉入 復健系 第一份收入 竟然是 調查局 春風專案 線民费，程度二流品德不入流，錢復也瞎了眼还推薦他到哈佛， 通常 在 美國 三個quarter 一年就可以拿碩士， 他卻是 讀了三年 才拿到碩士 這種 程度 少有 國民黨 又聾又瞎 又笨 這麼多的 子彈 不會用
https://youtu.be/bYtKyq5bjcs?si=9M8CuGxrcOePZbbY",W_cezowBAjOeMOkl8gwy,RUMOR,2024-01-03 06:59:43.794000+00:00,RUMOR,4.136730833333333,"原來 賴清德 二流學生， 高中 第一次 考上中正高中 重考 才進入建中 大學 聯考 是 台大獸醫系 轉入 復健系 第一份收入 竟然是 調查局 春風專案 線民费，程度二流品德不入流，錢復也瞎了眼还推薦他到哈佛， 通常 在 美國 三個quarter 一年就可以拿碩士， 他卻是 讀了三年 才拿到碩士 這種 程度 少有 國民黨 又聾又瞎 又笨 這麼多的 子彈 不會用
https://youtu.be/bY",0,2,0,political,2024
438,2o0ldnr4iy2si,2019-11-07 16:40:22.706000+00:00,TEXT,https://udn.com/news/story/6656/4150523,xEoMR24BV0DITCqGYOmi,RUMOR,2019-11-07 18:07:03.841000+00:00,RUMOR,1.4447597222222224,https://udn.com/news/story/6656/4150523,0,0,0,other,2020
439,3byaeogub31v8,2019-10-20 08:33:30.236000+00:00,TEXT,https://www.facebook.com/groups/156497421092767/permalink/2498307616911724?sfns=mo,auEi620BqwaEkHKwDJly,NOT_RUMOR,2019-10-20 21:45:40.209000+00:00,NOT_RUMOR,13.202770277777775,https://www.facebook.com/groups/156497421092767/permalink/2498307616911724?sfns=mo,0,0,0,other,2020
440,23sqxq3oezssu,2024-04-05 11:57:10.014000+00:00,TEXT,"Click Consult 是提供全方位服務的電子商務機,成立於2003年總部美國西海岸的加利福尼亞州奧克蘭,這是公司的官方網站.咱們工作合法合規!薪資待遇包含：底薪+提成",LBFxro4B0DEb0v6clCtf,RUMOR,2024-04-05 13:27:42.943000+00:00,RUMOR,1.5091469444444443,"Click Consult 是提供全方位服務的電子商務機,成立於2003年總部美國西海岸的加利福尼亞州奧克蘭,這是公司的官方網站.咱們工作合法合規!薪資待遇包含：底薪+提成",1,0,0,scam,2024
441,y4l3m7zzxu0e,2024-02-17 04:11:53.452000+00:00,TEXT,"拿iPhone快看 新型木馬病毒「恐盜銀行帳戶」 | EBC 東森新聞 | LINE TODAY

https://liff.line.me/1454987169-1WAXAP3K/v2/article/nX5vDYL?utm_source=lineshare",KZrl1I0BBMtPEaE0Tfe5,NOT_RUMOR,2024-02-23 07:36:53.944000+00:00,NOT_RUMOR,147.41680333333332,"拿iPhone快看 新型木馬病毒「恐盜銀行帳戶」 | EBC 東森新聞 | LINE TODAY

https://liff.line.me/1454987169-1WAXAP3K/v2/article/nX5vDYL?utm_source=lineshare",2,0,1,scam,2024
442,s0lvkbxfcex,2023-12-20 01:46:50.232000+00:00,TEXT,獨家爆料！直搗「賴皮寮」高清無碼360度全景！驚見10護衛！凍哥驚嘆！邱毅https://m.youtube.com/watch?v=n_lFXU9pIVY,VvYQkYwBAjOeMOklocPF,RUMOR,2023-12-22 10:27:15.524000+00:00,RUMOR,56.67369222222222,獨家爆料！直搗「賴皮寮」高清無碼360度全景！驚見10護衛！凍哥驚嘆！邱毅https://m.youtube.com/watch?v=n_lFXU9pIVY,0,0,0,other,2024
443,17buuw2cn8kyf,2019-11-18 06:34:13.243000+00:00,TEXT,"這影片是花蓮拍的
最近路上出現新的詐騙手法就是有人故意擋在路中間等你停下來之後他便向前開你車門把你拖下車然後詐騙你千萬不要開門也不要開窗戶直接報警，花蓮國聯五路 影城過去一些 統冠前面。",fU7ugm4BV0DITCqGaaMl,RUMOR,2019-11-19 09:11:32.900000+00:00,RUMOR,26.62212694444445,"這影片是花蓮拍的
最近路上出現新的詐騙手法就是有人故意擋在路中間等你停下來之後他便向前開你車門把你拖下車然後詐騙你千萬不要開門也不要開窗戶直接報警，花蓮國聯五路 影城過去一些 統冠前面。",1,0,0,scam,2020
444,3ffj311f6ox7d,2024-01-20 15:50:04.548000+00:00,TEXT,您好😊很高興為您服務 請問是想了解甚麼部分呢? 還是要領取3萬體驗金限量活動?,a_cLKY0BAjOeMOklkILe,RUMOR,2024-01-20 22:44:00.350000+00:00,RUMOR,6.8988338888888885,您好😊很高興為您服務 請問是想了解甚麼部分呢? 還是要領取3萬體驗金限量活動?,1,0,0,scam,2024
445,3owle75dqxufs,2024-01-16 03:46:16.398000+00:00,TEXT,"台大醫院的急診室塞爆！且「每10人有2人染新冠」到院已大白肺……

此時出門一定要戴口罩。
祝福大家健康·平安！

https://www.chinatimes.com/realtimenews/20240111003059-260405",oPfIMY0BAjOeMOklQ43P,OPINIONATED,2024-01-22 15:27:04.655000+00:00,OPINIONATED,155.68007138888888,"台大醫院的急診室塞爆！且「每10人有2人染新冠」到院已大白肺……

此時出門一定要戴口罩。
祝福大家健康·平安！

https://www.chinatimes.com/realtimenews/20240111003059-260405",0,0,3,health,2024
446,24vfna3xj1dxv,2020-03-10 10:00:32.595000+00:00,TEXT,"各位兄弟姊妹們!
如果近日用line用的很堵爛，一直嚴重卡頓，而且打字貼圖都慢好幾秒，請不要怪你的手機老了，那是因為line更新了新的縮小影片播放的功能，只要關掉它，你的手機就正常了……

首先到Line的主頁
點選右上角齒輪
選“設定照片·影片”
把“自動播放影片”改成“停用自動播放”!
嘩啦! 你的line就會瞬間恢復神速了!",EZjVznABXgMiGHzREtKS,OPINIONATED,2020-03-12 13:00:35.345000+00:00,OPINIONATED,51.00076388888889,"各位兄弟姊妹們!
如果近日用line用的很堵爛，一直嚴重卡頓，而且打字貼圖都慢好幾秒，請不要怪你的手機老了，那是因為line更新了新的縮小影片播放的功能，只要關掉它，你的手機就正常了……

首先到Line的主頁
點選右上角齒輪
選“設定照片·影片”
把“自動播放影片”改成“停用自動播放”!
嘩啦! 你的line就會瞬間恢復神速了!",0,0,0,other,2020
447,3s33ujwug4rs4,2020-01-24 09:38:59.456000+00:00,TEXT,"已经定名为SARI了，确定是SARS的进化病毒，致病机理完全相同。病毒进入人体后干扰免疫系统，让免疫系统误认为肺细胞是外来物从而发起进攻。病人是被自己的免疫系统杀死的，目前市面上所有的药物均无效，只有采用与SARS相同的方法：用激素压制免疫系统，但同时，人体会非常脆弱。同时，这个病毒比SARS更聪明：1.潜伏期更长；2.有患者从感染到发病，再到死亡，体温始终是正常的，也就是说，发热不是该病的特征症状，通过体温筛查不能确保完全筛查，这也是封城的原因。3.传播速度更快，目前只获得空气传播的证据，但不能明确是否还有其它途径。

太可怕了！問過醫生朋友了，武漢的冠狀病毒為什麼可怕，之前SARS的病毒是發燒後才具有傳染力，所以疾管局都會在入境處測體溫做檢測。這次的冠狀病毒是不會發燒就具有傳染力，潛伏期兩週，與感染者只需15分鐘飛沫空氣接觸就會感染，所以口罩是最重要的第一道關卡，提供給大家做參考。",1GL4128Bd3n3h-WYP-VP,RUMOR,2020-01-24 14:32:48.205000+00:00,RUMOR,4.896874722222222,已经定名为SARI了，确定是SARS的进化病毒，致病机理完全相同。病毒进入人体后干扰免疫系统，让免疫系统误认为肺细胞是外来物从而发起进攻。病人是被自己的免疫系统杀死的，目前市面上所有的药物均无效，只有采用与SARS相同的方法：用激素压制免疫系统，但同时，人体会非常脆弱。同时，这个病毒比SARS更聪明：1.潜伏期更长；2.有患者从感染到发病，再到死亡，体温始终是正常的，也就是说，发热不是该病的特征症,0,0,2,health,2020
448,39egogrm835q6,2023-11-01 06:31:35.254000+00:00,TEXT,"花了200億，數發部成立1年，「詐騙案卻增加21%」！最新民調太震撼，「逾1.7萬網友爆氣了」。

https://ynews.page.link/TTqgZ",f_YlFowBAjOeMOkl7y-k,RUMOR,2023-11-28 13:37:14.147000+00:00,RUMOR,655.0941369444445,"花了200億，數發部成立1年，「詐騙案卻增加21%」！最新民調太震撼，「逾1.7萬網友爆氣了」。

https://ynews.page.link/TTqgZ",1,0,0,scam,2024
449,1g05jt9mo4p2p,2020-01-30 13:56:56.205000+00:00,TEXT,"親愛的大家:
(red check mark)目前市面上口罩缺貨。
政府與廠商配合正在趕工，2月會出來第一批，是給醫院診所，再來生產的是給民眾的。
(red check mark)酒精也缺貨。
此病毒最怕酒精。

From聯合診所護士
鄒依珊(我的女兒)",N2Sr928Bd3n3h-WY0MNQ,RUMOR,2020-01-30 18:17:09.967000+00:00,RUMOR,4.337156111111112,"親愛的大家:
(red check mark)目前市面上口罩缺貨。
政府與廠商配合正在趕工，2月會出來第一批，是給醫院診所，再來生產的是給民眾的。
(red check mark)酒精也缺貨。
此病毒最怕酒精。

From聯合診所護士
鄒依珊(我的女兒)",0,0,2,health,2020
450,2sdpmvz6nahwq,2023-10-24 06:30:18.009000+00:00,TEXT,"FwҥΡu111FMݵuX²TOvAШcO111FMεuXA_RF²TLҹPΡAڭ̤@Pu@a|wC
عqH�߱z",KvXjYYsBAjOeMOklm1gn,RUMOR,2023-10-24 13:33:08.261000+00:00,RUMOR,7.047292222222223,"FwҥΡu111FMݵuX²TOvAШcO111FMεuXA_RF²TLҹPΡAڭ̤@Pu@a|wC
عqH�߱z",0,0,0,other,2024
451,2axud9rruw4ox,2020-02-05 01:22:15.434000+00:00,TEXT,"防疫缺一半
防止感染如口罩、洗手都是避免冠狀病毒進入，可是大家好像都忘記要增加自己抗病毒免疫力。即使社區感染或家庭群聚也不可能每個接觸者都被感染，因為每個人抵抗力不同。所謂：勿恃敵之不來，恃吾有以待之。
提昇免疫力的方法：
1. 足夠的蛋白質攝取（可以用來製造抗體）
2. 維生素D攝取可以對抗冬天發威的病毒感染
3. 蜂膠可以同時提昇免疫力及對抗冠狀病毒（三篇既有的冠狀病毒研究有效、新型冠狀病毒還沒研究報告）
4. 適度運動（每週七天高強度運動反而會降低免疫力）
5. 每天七小時以上睡眠
6. 每天熱水澡41度5-10分鐘

降低免疫力的方法
1. 吃精製糖可以使白血球降低功能5小時（ Am J Clin Nutr. 1973 Nov1.
2. 失眠
3. 過度壓力
4. 攝取超過肝腎能負荷的毒素如一定量以上的戴奧辛等等 **",cGbSFHABd3n3h-WYoMKd,RUMOR,2020-02-05 10:08:32.924000+00:00,RUMOR,8.771525,"防疫缺一半
防止感染如口罩、洗手都是避免冠狀病毒進入，可是大家好像都忘記要增加自己抗病毒免疫力。即使社區感染或家庭群聚也不可能每個接觸者都被感染，因為每個人抵抗力不同。所謂：勿恃敵之不來，恃吾有以待之。
提昇免疫力的方法：
1. 足夠的蛋白質攝取（可以用來製造抗體）
2. 維生素D攝取可以對抗冬天發威的病毒感染
3. 蜂膠可以同時提昇免疫力及對抗冠狀病毒（三篇既有的冠狀病毒研究有效、新型冠狀病毒還",0,0,2,health,2020
452,3cw85ukhbd533,2020-01-30 05:31:34.857000+00:00,TEXT,"有些返中開工的台商朋友們，反映他們從台灣帶去自己用的醫用口罩，意外而不意外的，被中國政府給充公了。
　　
有的是在機場過海關的時候，被強迫開箱，直接被拿走大部分。有的則根本就是被中共黨官施壓台灣老闆、台灣老闆再施壓台灣員工，一定要從台灣拿大量口罩回去。想當然爾，大部分的口罩都得「進貢」給中共黨官，基層台灣員工頂多能分到一個零頭，連自用都不見得夠。
　　
在天災人禍之際，政府徵用私人財產來幫助善後，這倒不是中國獨有的情況。但是在先進一點的國家，至少會有政府公告吧？徵用至少會有收據吧？至少會有補償金吧？
　　
但是來到中國，沒有章程、沒有單據、沒有補償，一切都不透明，沒有人確實說得出來這些被充公的物資，最後會跑到哪裡去。但是大家都心照不宣，這些物資恐怕是給倒爺黨官拿去黑市倒賣、謀取暴利了。
　　
其實以中國的口罩產能來看，年後很快就會供應上來，這筆投機生意未必做得長久。一個更大的可能，是上級給下級黨官設定了「進貢口罩」的ＫＰＩ，下級黨官轉而把壓力丟向更弱勢的台商吧！
　　
其實用這種強盜的方式，徵用來的防疫物資，數量、品質都無法保證，而且也緩不濟急。我看不出來這對防疫工作有什麼具體的幫助。或許，黨官們的心態，是見不得台灣好、防疫得當，或是高層定調要拿台灣人開刀、轉移輿論焦點，所以欺負欺負基層台商，出一口惡氣吧！
　　
所以，我們還在唱高調，說要捐贈物資幫助武漢嗎？恐怕一片善心捐過去的物資，都被黨官扣起來當作升官發財的籌碼了！人家黨官強盜完，還要往台灣人的身上踹一腳呢！汶川的殷鑑不遠！通往地獄的道路，往往是由一廂情願又無知的善意鋪成的⋯",E2Sl-m8Bd3n3h-WY8_MQ,RUMOR,2020-01-31 08:09:37.295000+00:00,RUMOR,26.634010555555555,"有些返中開工的台商朋友們，反映他們從台灣帶去自己用的醫用口罩，意外而不意外的，被中國政府給充公了。
　　
有的是在機場過海關的時候，被強迫開箱，直接被拿走大部分。有的則根本就是被中共黨官施壓台灣老闆、台灣老闆再施壓台灣員工，一定要從台灣拿大量口罩回去。想當然爾，大部分的口罩都得「進貢」給中共黨官，基層台灣員工頂多能分到一個零頭，連自用都不見得夠。
　　
在天災人禍之際，政府徵用私人財產來幫助善後，",0,2,0,political,2020
453,1ikn3l7coj4x5,2024-04-01 14:08:52.678000+00:00,TEXT,三上悠亞露臉無碼，未滿18歲勿點：https://myppt.cc/1bcpLw,fREumo4B0DEb0v6cgg0W,NOT_ARTICLE,2024-04-01 15:02:03.029000+00:00,NOT_ARTICLE,0.8862086111111112,三上悠亞露臉無碼，未滿18歲勿點：https://myppt.cc/1bcpLw,0,0,0,other,2024
454,3fji2lmin7m9,2020-01-26 08:26:56.489000+00:00,TEXT,"

如何正確戴口罩? 內行人做外行人的事, 以獲取政治利益, 可能再次重演, 所以我先來消毒一下

I
口罩戴法, 病人白內綠外, 健康人綠內白外, 最早是親民黨副主席、前長庚院長、心臟外科權威張昭雄說的
------------------
張昭雄並示範平面式手術用口罩的正確戴法及丟棄方式，以兩面一綠一白的手術用口罩為例，白綠兩層因織法不同因此效果各異，白色織布層為主要的防止病毒層，所以『病患及疑似感染者應以白色層罩口、綠色層向外』，若『健康者，則應以綠色層罩口、以白色層向外』，過濾外來病毒 (NOWnews 2003-5-7)

II
當時李秉穎醫師曾經出面反駁
------------------
臺大醫院小兒部主治醫師李秉穎說，不管是什麼顏色，只要把白色的那一面，朝向自己，就是正確的戴法。

III
另外根據廠商的說法, 兩種戴法並沒有差別.
------------------
誠品濾材公司解釋，一般「醫療級三層不織布口罩」由外而內分為三層：第一層為有顏色的pp布，經防潑水處理，可預防飛沫感染；第二層為靜電過濾層，是主要過濾細菌的地方；第三層布為吸水材質，可吸收配戴者產生的口沫；若是反著戴，反而可惜了原先的設計用意。",S2Mo4W8Bd3n3h-WYAWKF,RUMOR,2020-01-26 09:21:33.059000+00:00,RUMOR,0.9101583333333334,"

如何正確戴口罩? 內行人做外行人的事, 以獲取政治利益, 可能再次重演, 所以我先來消毒一下

I
口罩戴法, 病人白內綠外, 健康人綠內白外, 最早是親民黨副主席、前長庚院長、心臟外科權威張昭雄說的
------------------
張昭雄並示範平面式手術用口罩的正確戴法及丟棄方式，以兩面一綠一白的手術用口罩為例，白綠兩層因織法不同因此效果各異，白色織布層為主要的防止病毒層，所以『病患及",0,0,2,health,2020
455,3u5cyoy8enr3g,2023-12-06 03:12:39.324000+00:00,TEXT,"聽聽促轉會這些人在說啥
為了選舉失去人格惡意構陷栽贓
無恥至極
有字幕",qPbvU4wBAjOeMOkla3m3,RUMOR,2023-12-10 13:34:08.822000+00:00,RUMOR,106.35819388888888,"聽聽促轉會這些人在說啥
為了選舉失去人格惡意構陷栽贓
無恥至極
有字幕",0,1,0,political,2024
456,1477g1m69hve1,2024-01-12 16:01:29.321000+00:00,TEXT,"為防止垃圾党做票請大家務必幫忙監票，在開票前務必要開票員當衆宣示
1,總領票數
2,未領票數
大家記錄在案，才可開始開票報票，並要監視報錄必需登錄相符，以防移票!
若有爭議務必以手機錄影存証並報警處理!
防止作票人人有責!!",X_d1_owBAjOeMOklRFCc,RUMOR,2024-01-12 16:15:47.355000+00:00,RUMOR,0.2383427777777777,"為防止垃圾党做票請大家務必幫忙監票，在開票前務必要開票員當衆宣示
1,總領票數
2,未領票數
大家記錄在案，才可開始開票報票，並要監視報錄必需登錄相符，以防移票!
若有爭議務必以手機錄影存証並報警處理!
防止作票人人有責!!",0,0,0,other,2024
457,1urfse8ycldlp,2020-04-08 03:41:33.642000+00:00,TEXT,花蓮縣衛生局即日起（4/8日）7-11.全家超商.星巴克.85¢.路易莎.羅伯咖啡等共162處騎樓下全面禁煙.違者最高可罰一萬元,5g4_ZHEBrhVJn3LN9igq,NOT_RUMOR,2020-04-10 13:20:45.609000+00:00,NOT_RUMOR,57.65332416666667,花蓮縣衛生局即日起（4/8日）7-11.全家超商.星巴克.85¢.路易莎.羅伯咖啡等共162處騎樓下全面禁煙.違者最高可罰一萬元,0,0,0,other,2020
458,168iook74aenc,2019-11-24 10:16:23.662000+00:00,TEXT,"轉傳：

假新聞

我是軍情局前副局長翁衍慶，對中共情報素有研究，並在退休後曾出版「中共情報組織與間諜活動」一書對自稱為中共間諜在澳洲尋求政治庇護的王立強之真假，有資格作評論。王立強接受媒體訪問所說的內容，內行人一看就知是假的。原因很簡單：
一、軍委總參已更名為聯合參謀部，他不知道。聯參部下面何單位從事情報工作，他不知道。
二、國防科工委非情報機構，只派學者和科技人員出國收集軍事科技資訊，不會搞旁門左道的間諜活動。
三，共軍情工人員都具軍職軍階，他顯然沒有。
四、共軍軍情幹部很講究階級職位，他僅26歲，再怎麼升大約只中上尉，怎有資格和能力負責對台對港工作，尤其是領導工作，簡直天方夜譚。
五、諜員派外工作，任務一定單一，他又負責香港，又兼顧台灣工作，違背全世界情報工作原則。
六、情報人員外派變更身分，只准帶一個身分的証件，豈可能允許他帶多種不同的証件，一旦被外國情治單位查獲，豈非証據確鑿。
七、香港銅鑼灣書店事件是中共公安部一局（國保）所為，跟總參無關，他簡直胡扯蛋。
八、中共軍情特工外語能力都很好，他接受訪談時只會用華語，他的素質顯然很低，總參怎可能有這種弱勢諜員。
九、中共為控制諜員，家人特別是妻小一定留在國內，他的妻兒竟能赴澳洲，不可思議。其次，諜員在外，不可擅離工作地，他竟能赴澳長達數月，舉世情報單位所無。
十、他所說的對台工作內容，大家仔細看看，全是媒體揣測中共對工作內容，尤其前陣子報載某黨與台灣宮廟關係，他是看報照本宣科，何足採信。」",NVCao24BV0DITCqGM87f,OPINIONATED,2019-11-25 17:27:02.365000+00:00,OPINIONATED,31.1774175,"轉傳：

假新聞

我是軍情局前副局長翁衍慶，對中共情報素有研究，並在退休後曾出版「中共情報組織與間諜活動」一書對自稱為中共間諜在澳洲尋求政治庇護的王立強之真假，有資格作評論。王立強接受媒體訪問所說的內容，內行人一看就知是假的。原因很簡單：
一、軍委總參已更名為聯合參謀部，他不知道。聯參部下面何單位從事情報工作，他不知道。
二、國防科工委非情報機構，只派學者和科技人員出國收集軍事科技資訊，不會搞旁",0,2,0,political,2020
459,13a3lk8sv03wp,2020-04-04 13:26:25.783000+00:00,TEXT,"我朋友是法律顧問
這陣子因為疫情關係
出入法院、公共場所
她的玉手都要一直噴酒精
噴到手都脫皮了⋯
前幾天
剛接洽到一個廠商
產品是由鴻海子公司製作
給了她兩罐試用瓶
噴不到三天
玉手都恢復了
才讓她真正去了解產品

現在她想直接和廠商訂購
需要一定的量
也必須是先現金匯款
預計4/20前會到貨
廠商是有說會在4月中旬
各大超商都會有通路
想必這比酒精還厲害的東西
到時候會大缺貨
不知道是否有意願一起訂購呢？",tg6iaXEBrhVJn3LNaptL,RUMOR,2020-04-11 14:26:23.946000+00:00,RUMOR,168.9994897222222,"我朋友是法律顧問
這陣子因為疫情關係
出入法院、公共場所
她的玉手都要一直噴酒精
噴到手都脫皮了⋯
前幾天
剛接洽到一個廠商
產品是由鴻海子公司製作
給了她兩罐試用瓶
噴不到三天
玉手都恢復了
才讓她真正去了解產品

現在她想直接和廠商訂購
需要一定的量
也必須是先現金匯款
預計4/20前會到貨
廠商是有說會在4月中旬
各大超商都會有通路
想必這比酒精還厲害的東西
到時候會大缺貨
不知道是否有意願",1,0,0,scam,2020
460,dwdoyk6aj2xb,2024-01-01 01:43:36.139000+00:00,TEXT,"一名80多歲婦人，因10年前兒子經商失敗離世，大受打擊精神不穩。每天到附近郵局提領100元聲稱是兒子寄存的*孝親費*。
郵局行員發現存摺已剪角、失效，裡面也沒有任何存款，雖經說明，老婦仍堅信兒子每個月都會給她5000元零用，不肯離去。行員沒辦法，只好通報警方協助。
轄區一名資深巡佐不捨，自願向行員表示，每月在櫃檯寄放3000元，請行員協助讓她每天領取零用金100元，並稱讚「您兒子好孝順」。
事過半年，巡佐他調。郵局幾位行員主動續行這份善心，直至婦人近日往生，才結束這場「善意的謊言」，此事件也才被公諸於世。
新年伊始，提供您這社會溫馨的一則感人、真實的短故事。願我們大家都能分享溫馨、善良並施作善行！",oveRxYwBAjOeMOklYgG0,OPINIONATED,2024-01-01 15:08:08.755000+00:00,OPINIONATED,13.40906,"一名80多歲婦人，因10年前兒子經商失敗離世，大受打擊精神不穩。每天到附近郵局提領100元聲稱是兒子寄存的*孝親費*。
郵局行員發現存摺已剪角、失效，裡面也沒有任何存款，雖經說明，老婦仍堅信兒子每個月都會給她5000元零用，不肯離去。行員沒辦法，只好通報警方協助。
轄區一名資深巡佐不捨，自願向行員表示，每月在櫃檯寄放3000元，請行員協助讓她每天領取零用金100元，並稱讚「您兒子好孝順」。
事過半",2,0,0,scam,2024
461,2qlnijgjfhj5a,2019-12-28 19:39:56.050000+00:00,TEXT,"物管局資料顯示，目前國際使用的技術以「濕式冶金PUREX分離程序 」為主，將鈽與鈾元素分別自核廢溶液中萃取出來，可進一步製造成核燃料循環利用；用過核子燃料的輻射強度需20萬年才能降至天然鈾礦的水平，但當後續採用群分離及核轉換(P＆T)技術處理，其輻射強度便可在數百年內就降至天然鈾礦的水平。

不管是核安維護或是核廢處理，高階用過燃料與低階核廢都可透過現址核電廠暫存處理，而暫存於蘭嶼的低階核廢，可運回本島的原移出地繼續暫存；我國現行做法已行之有年，若在未來確定採行最終處置和過燃料透過再利用後，現址存儲場如蘭嶼，核廢便可順利淨空。",M1pDUG8Bd3n3h-WYcboE,RUMOR,2019-12-29 06:06:34.755000+00:00,RUMOR,10.444084722222224,"物管局資料顯示，目前國際使用的技術以「濕式冶金PUREX分離程序 」為主，將鈽與鈾元素分別自核廢溶液中萃取出來，可進一步製造成核燃料循環利用；用過核子燃料的輻射強度需20萬年才能降至天然鈾礦的水平，但當後續採用群分離及核轉換(P＆T)技術處理，其輻射強度便可在數百年內就降至天然鈾礦的水平。

不管是核安維護或是核廢處理，高階用過燃料與低階核廢都可透過現址核電廠暫存處理，而暫存於蘭嶼的低階核廢，可運",0,0,0,other,2020
462,1kdpc16lkqakn,2024-01-29 06:01:38.077000+00:00,TEXT,那你OK的話   我會先教你怎麼註冊我們公司所投資的交易所跟入資的流程 你入資完 我會用插隊的方式幫你操作 讓你馬上可以領取到錢 OK嗎,ePd6go0BAjOeMOkldPKz,NOT_ARTICLE,2024-02-07 07:31:19.858000+00:00,NOT_ARTICLE,217.49493916666663,那你OK的話   我會先教你怎麼註冊我們公司所投資的交易所跟入資的流程 你入資完 我會用插隊的方式幫你操作 讓你馬上可以領取到錢 OK嗎,4,0,0,scam,2024
463,3nbml99hddpl5,2023-12-27 03:36:41.431000+00:00,TEXT,https://youtube.com/shorts/fAKLnmevDtU?si=C8T6_BZEndamoHTm,tPaMrowBAjOeMOklkeXz,RUMOR,2023-12-28 03:51:37.201000+00:00,RUMOR,24.248825,https://youtube.com/shorts/fAKLnmevDtU?si=C8T6_BZEndamoHTm,0,0,0,other,2024
464,nc4sv3aiz8vn,2023-10-27 04:40:51.092000+00:00,TEXT,中部多所大學傳出淪為「無卡分期」老鼠會的詐騙天堂，學生遭不肖人士詐騙，謊稱購買手機、筆電等3C產品，並填寫10萬元無卡分期契約，即可賺取現金，結果不但被融資公司催討債務，還害同學也被騙。逢甲大學今（27）日證實，10月接獲學生通報，通報人數近百人，此案已進入專案調查，校方也發通知信提醒學生勿受詐騙。,pPXYb4sBAjOeMOklH2gv,NOT_RUMOR,2023-10-27 06:35:16.654000+00:00,NOT_RUMOR,1.907100555555556,中部多所大學傳出淪為「無卡分期」老鼠會的詐騙天堂，學生遭不肖人士詐騙，謊稱購買手機、筆電等3C產品，並填寫10萬元無卡分期契約，即可賺取現金，結果不但被融資公司催討債務，還害同學也被騙。逢甲大學今（27）日證實，10月接獲學生通報，通報人數近百人，此案已進入專案調查，校方也發通知信提醒學生勿受詐騙。,1,0,0,scam,2024
465,1fbkxfc6ez0b5,2023-11-06 08:46:00.775000+00:00,TEXT, 我本來也是想著帶過去親手給你，也是一個浪漫的儀式感，但是 我做了移民財產登記證明呀，貴重物品是帶不過去的呢，查到會被扣留，只能給你寄過去,breWe5IBDfH0hhhZ3wvt,RUMOR,2024-10-11 12:38:58.282000+00:00,RUMOR,8163.882640833333, 我本來也是想著帶過去親手給你，也是一個浪漫的儀式感，但是 我做了移民財產登記證明呀，貴重物品是帶不過去的呢，查到會被扣留，只能給你寄過去,0,0,0,other,2024
466,u0hrqj0ecgge,2020-02-06 15:10:46.808000+00:00,TEXT,敗口罩 line 是釣魚帳號嗎？,-GcRG3ABd3n3h-WY3j3G,RUMOR,2020-02-06 15:15:20.901000+00:00,RUMOR,0.0761369444444444,敗口罩 line 是釣魚帳號嗎？,1,0,0,scam,2020
467,1k4ez0x46qu9s,2020-03-24 06:29:44.449000+00:00,TEXT,"台中民眾各自小心：

台中市目前居家檢疫人數多達4700人、居家隔離人數有160人


新冠肺炎疫情持續增加，加上出現歐美返國潮，

台中市目前居家檢疫人數達4700人、居家隔離人數為160人。

武漢肺炎》違規33件 台中市居家檢疫已達4700人
https://news.ltn.com.tw/news/life/breakingnews/3108723",TwZrC3EBrhVJn3LNbOOv,RUMOR,2020-03-24 07:22:01.774000+00:00,RUMOR,0.8714791666666666,"台中民眾各自小心：

台中市目前居家檢疫人數多達4700人、居家隔離人數有160人


新冠肺炎疫情持續增加，加上出現歐美返國潮，

台中市目前居家檢疫人數達4700人、居家隔離人數為160人。

武漢肺炎》違規33件 台中市居家檢疫已達4700人
https://news.ltn.com.tw/news/life/breakingnews/3108723",0,0,2,health,2020
468,2bsjvjkxy4m43,2023-11-06 13:49:03.972000+00:00,TEXT,"黴漿菌感染潮來襲！「高風險群、常見症狀」5QA一次看
09:462023/11/05 中時新聞網

近來醫界頻頻針對肺炎黴漿菌進行示警，其又被稱作「會走路的肺炎」，預估下一波感染潮會落在12月至明年1月。（示意圖／Shutterstock）


秋冬是許多呼吸道疾病好發季節，近來醫界頻頻針對肺炎黴漿菌（Mycoplasma pneumoniae）進行示警，其又被稱作「會走路的肺炎」，咳不停為最具代表性的症狀，預估下一波感染潮會落在12月至明年1月。對此，疾病管制署特別整理5大QA，包含傳播途徑、高風險族群、感染症狀、預防方法及治療方式，一次說明。

台大兒童醫院小兒感染科醫師黃立民日前指出，肺炎黴漿菌已逐漸成為造成兒童肺炎的主要病因，目前正在大陸大流行。值得注意的是，近年發現該疾病在國內，已對第一線抗生素產生約7成抗藥性。他提醒，一旦感染會容易演變成重症，甚至曾有兒童需要用葉克膜救命，不可不慎。

肺炎黴漿菌是一種非典型的細菌，常造成呼吸道輕微感染，因此又有「會走路的肺炎」（walking pneumonia）封號。雖然症狀相對輕微，但持續比較久，有些病人可能達幾周到幾個月之久，且仍可能引發肺炎、腦膜炎等重症，絕不能輕忽。疾管署透過5大QA來讓民眾更了解肺炎黴漿菌：

Q1、肺炎黴漿菌是如何傳播的？

藉由咳嗽或打噴嚏產生的飛沫傳播。

Q2、哪些族群是高風險群？

所有年齡都有可能感染，但常見於年輕人及學齡兒童。易於學校、學生宿舍、軍隊、護理之家及醫院等場所發生疫情。

Q3、要如何預防？

出現咳嗽等呼吸道症狀時應戴口罩。咳嗽或打噴嚏時，用紙巾蓋住口鼻並立即丢棄，若無紙巾可改以上臂或手肘代替，切勿直接用手；落實肥皂勤洗手。

Q4、感染後會有甚麼症狀？

最常見的疾病型態為支氣管炎；常見症狀為喉嚨痛、倦怠、發燒，及可能有持續惡化甚至長達數周的咳嗽；約有10％的人會得到肺炎。小於5歲的孩童感染時，除有上述症狀外，可能以喘鳴（wheezing）表現。

Q5、要如何治療？

多數感染者可自行痊癒，若發展為肺炎，應遵照醫囑完成抗生素療程。

禾馨民權小兒專科診所主治醫師巫漢盟先前提醒，由於黴漿菌肺炎沒有終身免疫，可能反覆感染，所以要做好個人衛生管理，以及適度隔離，才能避免被傳染，今年秋冬民眾務必小心。",W_Vqp4sBAjOeMOklJap-,RUMOR,2023-11-07 01:33:53.404000+00:00,RUMOR,11.747064444444444,"黴漿菌感染潮來襲！「高風險群、常見症狀」5QA一次看
09:462023/11/05 中時新聞網

近來醫界頻頻針對肺炎黴漿菌進行示警，其又被稱作「會走路的肺炎」，預估下一波感染潮會落在12月至明年1月。（示意圖／Shutterstock）


秋冬是許多呼吸道疾病好發季節，近來醫界頻頻針對肺炎黴漿菌（Mycoplasma pneumoniae）進行示警，其又被稱作「會走路的肺炎」，咳不停為最具代",0,0,2,health,2024
469,vyeect73u1ip,2019-11-11 07:02:34.717000+00:00,TEXT,"阿扁這個爆料真是嚇死寶寶了！！

1.  2007年教育部用納税人的錢，滙4000萬台幣到倫敦施芳瓏(小英在倫敦的代理人)個人帳户！
施芳瓏在英國所主持的「台灣研究所」是個虛擬機構，沒有辦公室，沒有發表研究著述，沒有編制人員！
施女士不可能獨享此捐款，此匿名捐款可能是為菜英文的假博士論文收拾善後！
所以，不是菜爸爸為她收拾善後，是用辛苦的納税人的錢給她擦屁股！
菜英文當時任行政院副院長！

2.英國國會議員季登斯(曾是LES政經學院院長)有涉關説補發証書！
阿扁以律師的資歷能説出上列情形，明知有被告的風險，想必有確鑿的証据！
民進党的打手段移康，顧利熊們這次對「論文門」事件都閉嘴，是心尚存—絲善念，還是已知此世界級醜聞已是覆水難收！? !
",sFKwt24BV0DITCqGNCuX,RUMOR,2019-11-29 15:03:28.658000+00:00,RUMOR,440.0149836111111,"阿扁這個爆料真是嚇死寶寶了！！

1.  2007年教育部用納税人的錢，滙4000萬台幣到倫敦施芳瓏(小英在倫敦的代理人)個人帳户！
施芳瓏在英國所主持的「台灣研究所」是個虛擬機構，沒有辦公室，沒有發表研究著述，沒有編制人員！
施女士不可能獨享此捐款，此匿名捐款可能是為菜英文的假博士論文收拾善後！
所以，不是菜爸爸為她收拾善後，是用辛苦的納税人的錢給她擦屁股！
菜英文當時任行政院副院長！

2.英",0,0,0,other,2020
470,3ggkb3r9oii94,2020-02-03 04:37:08.976000+00:00,TEXT,蔡政府手上握有4500萬個口罩且每日生產600萬個，一個標購0.94元，這麼龐大的的資源，市面要賣到八元還買不到，又是一個安屎之亂?可憐百姓必有可恨之處，人禍之後必有天災，自找的不可怨天。如果我是政府我有這麼多的資源，疫區城鎮优先每人免費發十個規定外出一定戴口罩，非疫區每人免費發四個，由廠商直接供貨到里長家，由鄰長到里長領取，住戶直接前往鄰長領取。這樣估約兩天可完成全省免費口罩發放，每個含發放成本應不超過1.5元，以二億個計算費用不超三億元。只要三億為何要搞成第二個安屎之亂，我們小老百姓真想不通。我們的蔡政府真是萬能萬萬能。既然是徵收怎能用商業行為販售呢?這不是擺明的壟斷嗎?不到一元要賣到8~10元還買不到，這不是劫貧濟富嗎?萬能的蔡政府祝福您萬歲萬歲萬萬歲!,amWqCnABd3n3h-WYsv5e,RUMOR,2020-02-03 10:48:43.869000+00:00,RUMOR,6.1930258333333335,蔡政府手上握有4500萬個口罩且每日生產600萬個，一個標購0.94元，這麼龐大的的資源，市面要賣到八元還買不到，又是一個安屎之亂?可憐百姓必有可恨之處，人禍之後必有天災，自找的不可怨天。如果我是政府我有這麼多的資源，疫區城鎮优先每人免費發十個規定外出一定戴口罩，非疫區每人免費發四個，由廠商直接供貨到里長家，由鄰長到里長領取，住戶直接前往鄰長領取。這樣估約兩天可完成全省免費口罩發放，每個含發放成本,2,0,0,scam,2020
471,3k26gcw3jtjzf,2020-01-08 11:20:12.211000+00:00,TEXT,現在政府會入侵你的Line，按影片操作就不會被入侵  監聽、監控。,SF7-hG8Bd3n3h-WYfQ7p,RUMOR,2020-01-08 11:51:08.519000+00:00,RUMOR,0.5156411111111111,現在政府會入侵你的Line，按影片操作就不會被入侵  監聽、監控。,0,0,0,other,2020
472,2msrcn4pbu9d1,2024-04-10 04:38:17.964000+00:00,TEXT,"「外資主帳戶當沖」獲利通知

今日外資主帳戶當沖操作已完成獲利！

外資衝擊當沖標的為：（5371中光電）
20萬初級專戶方案獲利約：1.8%
60萬中級專戶方案獲利約：2..23%
180萬高級專戶方案獲利約：2.79%
500萬資深專戶方案獲利約：3.55%
1000萬子爵專戶方案獲利約：4.4%
3000萬伯爵專戶方案獲利約：6.1%
6000萬王爵專戶方案獲利約：7.62%


恭喜有加入外資主帳戶當沖操作的版友賺錢！
記得登入外資帳戶查看收益，請大家每日Po對帳單給我回報收益，謝謝。",aOa2PpQBYrjt7MSMlJ4l,RUMOR,2025-01-07 03:02:20.452000+00:00,RUMOR,6526.400691111112,"「外資主帳戶當沖」獲利通知

今日外資主帳戶當沖操作已完成獲利！

外資衝擊當沖標的為：（5371中光電）
20萬初級專戶方案獲利約：1.8%
60萬中級專戶方案獲利約：2..23%
180萬高級專戶方案獲利約：2.79%
500萬資深專戶方案獲利約：3.55%
1000萬子爵專戶方案獲利約：4.4%
3000萬伯爵專戶方案獲利約：6.1%
6000萬王爵專戶方案獲利約：7.62%


恭喜有加入",2,0,0,scam,2024
473,2dzusv38efzbz,2023-12-18 15:47:26.213000+00:00,TEXT,"12／15開始
台灣全區域開放紅線臨停，在不影響交通及行人條件下，予以先行勸導，不可立即開立罰單，也全面禁止紅線民眾檢舉（消防栓，併排仍可檢舉記點開罰）。",pfZ5gIwBAjOeMOkl2q7g,NOT_RUMOR,2023-12-19 05:08:38.751000+00:00,NOT_RUMOR,13.353482777777778,"12／15開始
台灣全區域開放紅線臨停，在不影響交通及行人條件下，予以先行勸導，不可立即開立罰單，也全面禁止紅線民眾檢舉（消防栓，併排仍可檢舉記點開罰）。",0,0,0,other,2024
474,3jxuabo5ks91f,2023-12-26 14:03:46.912000+00:00,TEXT,"https://youtube.com/shorts/fAKLnmevDtU?si=6Z_L0M_an3djGffu
(at)國民黨，民衆黨的支持者眼睛放亮吧！習近平如此警告你們......",offuQI0BAjOeMOklRaBY,RUMOR,2024-01-25 14:02:53.656000+00:00,RUMOR,719.9852066666666,"https://youtube.com/shorts/fAKLnmevDtU?si=6Z_L0M_an3djGffu
(at)國民黨，民衆黨的支持者眼睛放亮吧！習近平如此警告你們......",0,1,0,political,2024
475,6c6jgkbzty56,2023-10-21 08:44:44.380000+00:00,TEXT,"重要訊息：
從112年10月開始，車輛的強制險過期超過6個月沒投保，監理站會直接註銷牌照，包含機車也是。",_vWjXIsBAjOeMOklLVHw,RUMOR,2023-10-23 13:04:39.919000+00:00,RUMOR,52.33209416666666,"重要訊息：
從112年10月開始，車輛的強制險過期超過6個月沒投保，監理站會直接註銷牌照，包含機車也是。",0,0,0,other,2024
476,242ewgog4z8td,2024-03-03 22:26:00.842000+00:00,TEXT,請幫我看看這是真的還是假的：https://cofacts.tw/article/10czno9ypwx8n,JyNtA5IBHvjkMlCaFLOH,NOT_ARTICLE,2024-09-18 04:38:53.318000+00:00,NOT_ARTICLE,4758.214576666666,請幫我看看這是真的還是假的：https://cofacts.tw/article/10czno9ypwx8n,0,0,0,other,2024
477,2nfqrl4qeu882,2020-02-22 13:43:31.554000+00:00,TEXT,"最近Line流傳一則「維他命D」的影片…

還記得小時候… 電視上的「哈利巴」廣告嗎？

「哈利巴」是人工合成的「魚肝油」，其主要成分是〔維他命A ＋ 維他命D〕。

由於一般的「魚肝油」價賤利薄，因此藥局不喜歡買，現在台灣的藥廠也不做了。

現在市場上比較有名的是日本進口的「康喜健」，就是小彬彬小時候代言的商品。",LIPVd3ABWiTSPYAZlhcC,RUMOR,2020-02-24 15:34:11.198000+00:00,RUMOR,49.84434555555556,"最近Line流傳一則「維他命D」的影片…

還記得小時候… 電視上的「哈利巴」廣告嗎？

「哈利巴」是人工合成的「魚肝油」，其主要成分是〔維他命A ＋ 維他命D〕。

由於一般的「魚肝油」價賤利薄，因此藥局不喜歡買，現在台灣的藥廠也不做了。

現在市場上比較有名的是日本進口的「康喜健」，就是小彬彬小時候代言的商品。",0,0,0,other,2020
478,1vmw2cy1uf9k3,2020-02-11 14:04:22.003000+00:00,TEXT,"M.S.防翻群機器人
1群200NT
3群500NT
6群900NT
10群1200NT
20群2000NT
要的私訊！
http://line.me/ti/p/-yDACuWgv0
不信任連結
請私訊ID:s1594715947

販售S.E.N防翻

一張票 >>>>
匯款200  點數300

買多一點能折價

有意者私line
silent_0986",0F4yNXABH7S9pJV54dnk,NOT_ARTICLE,2020-02-11 17:01:32.004000+00:00,NOT_ARTICLE,2.952778055555556,"M.S.防翻群機器人
1群200NT
3群500NT
6群900NT
10群1200NT
20群2000NT
要的私訊！
http://line.me/ti/p/-yDACuWgv0
不信任連結
請私訊ID:s1594715947

販售S.E.N防翻

一張票 >>>>
匯款200  點數300

買多一點能折價

有意者私line
silent_0986",1,0,0,scam,2020
479,2msd8tdfe6r3p,2024-03-05 01:53:27.034000+00:00,TEXT,"【羅技電子股份有限公司】

職務類別：美編人員
工作性質：可兼職or包月全職
工作內容：
1. 設計產品外觀和包裝
2. 圖片編輯和色彩校正
【案件多是電商DM設計與Banner設計，主要是廣告行銷用平面美編。需要再客戶指定期限內，完成交辦工作。】
條件：
1. 具備美編/設計相關科系經驗優先聘用
2. 自備美編設計專用軟體(不限軟體)
3. 良好的溝通能力。清楚表達設計理念。並有效的與團隊成員、客戶協作。

工作地點▶️
無需到公司辦公，完成資料將資料上傳雲端給直繫主管核對即可。

工作時段▶️
手邊案件截止日完成即可，可依個人狀況向主管說明可負荷的案件數進行接案。

薪資待遇▶️
論件計酬：一件1000-10000(NTD)不等(包月全職薪資因個人資歷而異)",n2TQg48BUCqzrknpwg5h,RUMOR,2024-05-16 23:50:47.649000+00:00,RUMOR,1749.955726388889,"【羅技電子股份有限公司】

職務類別：美編人員
工作性質：可兼職or包月全職
工作內容：
1. 設計產品外觀和包裝
2. 圖片編輯和色彩校正
【案件多是電商DM設計與Banner設計，主要是廣告行銷用平面美編。需要再客戶指定期限內，完成交辦工作。】
條件：
1. 具備美編/設計相關科系經驗優先聘用
2. 自備美編設計專用軟體(不限軟體)
3. 良好的溝通能力。清楚表達設計理念。並有效的與團隊成員、",1,0,0,scam,2024
480,1cvv7fdyhcbu6,2023-12-22 17:10:06.361000+00:00,TEXT,"幫寶貝報名這邊麻煩幫我填寫基本資料（將以下表格複製，填在表格裡面）
👉寶貝姓名:
👉性別：
👉年齡:
👉身高體重：
👉居住地區：
—————————————
👉報名人姓名(爸比或媽咪)：
👉年齡:
👉職業別(為配合試鏡安排時間)：
👉有無交通工具(試鏡時是否需要安排專車接送)：
👉聯絡電話：",1fiXq40BAjOeMOklIjh2,RUMOR,2024-02-15 07:07:05.205000+00:00,RUMOR,1309.949678888889,"幫寶貝報名這邊麻煩幫我填寫基本資料（將以下表格複製，填在表格裡面）
👉寶貝姓名:
👉性別：
👉年齡:
👉身高體重：
👉居住地區：
—————————————
👉報名人姓名(爸比或媽咪)：
👉年齡:
👉職業別(為配合試鏡安排時間)：
👉有無交通工具(試鏡時是否需要安排專車接送)：
👉聯絡電話：",0,0,0,other,2024
481,2ypltuqlqja6m,2020-01-22 02:04:52.462000+00:00,TEXT,https://www.ctwant.com/article/33750,7GR0-m8Bd3n3h-WY7-7N,OPINIONATED,2020-01-31 07:16:05.196000+00:00,OPINIONATED,221.1868705555556,https://www.ctwant.com/article/33750,0,0,0,other,2020
482,222agogojp42z,2019-12-27 12:14:35.740000+00:00,TEXT,"執政黨為了消滅韓國瑜   用全國之力從11月起全面控管媒體。

陳鐵雄 陳子瀅 「東森電視」台已被茂德建設全額收購，派林文淵當董事長。怪不得劉寶傑要~掛冠求去！原來～已換主了。

完全洗風向了，剛才看東森新聞，全都在報導~陳其邁。

49台「壹電視」、50台「年代」的老闆""練台生""是三立的代理商。

51台、57台「東森」現在被茂德買走，老闆是阿扁手下大將林文淵。

53台「民視」不用說了，原始股東都是民進黨大老。

54台「三立」林昆海是深綠，在民進黨內呼風喚雨。

55、56台「TVBS」雖然是親藍的王雪紅，不過他現在自身難保，恐怕不敢太得罪政府，所以副董找了前""民視總經理""陳剛信擔任。

這樣看來，只剩下52台「中天」沒被綠化。不過我想旺旺應該很快就會被查稅查食安…
這個國家到底怎麼了？

評：這個比當年的國民黨更是過份可惡百倍，開民主倒車，箝制掌控新聞霉體，天天洗腦無知的年輕人，謊話說1000遍，都會被誤認成真的。封她為菜女皇真的是當之無愧呀！

舖天蓋地用了蠻荒之力的去抹黑抹紅對手，居然還無法把對方打趴，這就能知道菜女皇，如何令人厭惡了。

現在只能透過霉體催眠無知的年輕人支持她了。
天佑台灣，如此橫行霸道無忌的統治者，2020無法下架，真的台灣人就會走入死胡同了。

兩岸關係不修好，台灣永遠被修理的份，形勢比人強，用雞蛋碰石頭有必要嗎？

老美與日本鬼子，保護的了台灣，能救台灣嗎？簡直就是痴人說夢了！！！",wFpiUG8Bd3n3h-WYp7s0,OPINIONATED,2019-12-29 06:40:40.243000+00:00,OPINIONATED,42.43458416666667,"執政黨為了消滅韓國瑜   用全國之力從11月起全面控管媒體。

陳鐵雄 陳子瀅 「東森電視」台已被茂德建設全額收購，派林文淵當董事長。怪不得劉寶傑要~掛冠求去！原來～已換主了。

完全洗風向了，剛才看東森新聞，全都在報導~陳其邁。

49台「壹電視」、50台「年代」的老闆""練台生""是三立的代理商。

51台、57台「東森」現在被茂德買走，老闆是阿扁手下大將林文淵。

53台「民視」不用說了，原始股",0,1,0,political,2020
483,1kdpob4m58beo,2024-01-27 02:09:50.257000+00:00,TEXT,簿子可隨時監督公司這個是公司給到你的保障  所以你是不用去擔心盜刷或者人頭賬戶的問題出現的,IHII3JABd3gcY0LpaWiM,RUMOR,2024-07-22 20:00:57.226000+00:00,RUMOR,4265.851935833333,簿子可隨時監督公司這個是公司給到你的保障  所以你是不用去擔心盜刷或者人頭賬戶的問題出現的,0,0,0,other,2024
484,2ku9sdviesdgm,2019-11-24 00:23:07.532000+00:00,TEXT,"https://udn.com/news/story/7266/4181767
https://www.google.com.tw/amp/s/udn.com/news/amp/story/7266/4181767",OFK2t24BV0DITCqGuyww,NOT_RUMOR,2019-11-29 15:10:36.335000+00:00,NOT_RUMOR,134.79133416666667,"https://udn.com/news/story/7266/4181767
https://www.google.com.tw/amp/s/udn.com/news/amp/story/7266/4181767",0,0,0,other,2020
485,1szir8ye1mv10,2024-02-08 06:37:06.157000+00:00,TEXT,"台糖梅花肉片驗出瘦肉精「西布特羅（Cimbuterol）」，行政院食安辦指出，西布特羅1公克就要台幣100萬元，質疑不會拿來餵豬。對此，胸腔科醫師蘇一峰表示，百萬是實驗用等級的藥價，一般藥品化合物不用這麼貴。

[廣告] 請繼續往下閱讀↓


「側翼開口就是在騙！」蘇一峰在臉書發文痛批，研究實驗用藥的價格本來就貴，因為講究的是純度，「化痰藥物Bromhexine實驗用途，1毫克要870英鎊啦！(約3萬5)，1公克要3500萬」，而台灣健保給付的Bromhexine，1公克只要4.6元（約5元）」。

蘇一峰感嘆，側翼拿實驗用藥的天價模糊焦點，根本是一貫的詐騙手法，「只要工廠實驗室願意合成，（西布特羅）1公克的成本根本不到10元」。

蘇一峰表示，「西布特羅（Cimbuterol）的化學式跟salmeterol差一點點，製作的成本根本很便宜」、「智商多少就會覺得這個藥品是黃金喔」。",ifi0jo0BAjOeMOklIwiL,RUMOR,2024-02-09 16:29:46.762000+00:00,RUMOR,33.877945833333335,"台糖梅花肉片驗出瘦肉精「西布特羅（Cimbuterol）」，行政院食安辦指出，西布特羅1公克就要台幣100萬元，質疑不會拿來餵豬。對此，胸腔科醫師蘇一峰表示，百萬是實驗用等級的藥價，一般藥品化合物不用這麼貴。

[廣告] 請繼續往下閱讀↓


「側翼開口就是在騙！」蘇一峰在臉書發文痛批，研究實驗用藥的價格本來就貴，因為講究的是純度，「化痰藥物Bromhexine實驗用途，1毫克要870英鎊啦！(約",0,0,2,health,2024
486,2460yn5s57b76,2020-02-06 11:06:18.490000+00:00,TEXT,"12:34 小樊 朋友深圳台商鄭克志轉，碩士畢業，在深圳醫院工作。 現被抽調研究武漢肺炎病毒。 他剛剛來電讓我轉告訴朋友們：感冒時，如出現流鼻涕和咳痰者，就不可能是新型冠狀病毒肺炎，因為冠狀病毒肺炎是乾咳無流鼻涕，這是最簡單的鑑別方法。 請轉告你的朋友們，多了解一點醫學知識，就多一份鑑別和防範的意識。(forwarded)
12:34 小樊 振興主任告知這次武漢病毒，並不耐熱在溫度26-27度下就會被殺死，所以要多飲用熱水，可以轉告親朋好友們多喝熱水預防最近天冷，喝熱水也很舒服，不是治療，是有益身體，喝溫熱水對所有病毒都有效，盡量不要喝冰的",7GcxGnABd3n3h-WYrSeG,RUMOR,2020-02-06 11:10:28.229000+00:00,RUMOR,0.0693719444444444,"12:34 小樊 朋友深圳台商鄭克志轉，碩士畢業，在深圳醫院工作。 現被抽調研究武漢肺炎病毒。 他剛剛來電讓我轉告訴朋友們：感冒時，如出現流鼻涕和咳痰者，就不可能是新型冠狀病毒肺炎，因為冠狀病毒肺炎是乾咳無流鼻涕，這是最簡單的鑑別方法。 請轉告你的朋友們，多了解一點醫學知識，就多一份鑑別和防範的意識。(forwarded)
12:34 小樊 振興主任告知這次武漢病毒，並不耐熱在溫度26-27度下就",0,0,3,health,2020
487,2kl3pobaw6hzw,2024-01-26 03:37:17.819000+00:00,TEXT,"請先到  www.souhu87.com  免費註冊一個賬號，(註冊不需要個人資料）
好了之後發你註冊的賬號給我（不需要發密碼），然後我去聯絡商家幫你申請購物代金券額度和任務就可以工作了。",XvdpR40BAjOeMOklTajM,RUMOR,2024-01-26 20:15:00.042000+00:00,RUMOR,16.628395277777777,"請先到  www.souhu87.com  免費註冊一個賬號，(註冊不需要個人資料）
好了之後發你註冊的賬號給我（不需要發密碼），然後我去聯絡商家幫你申請購物代金券額度和任務就可以工作了。",3,0,0,scam,2024
488,3ep7zsapu4h9d,2020-02-23 07:47:14.217000+00:00,TEXT,"大陸中國鍾南山院士再﻿⁠次﻿﻿強⁠﻿調﻿：別﻿出門，再看疫情﻿控制情況！﻿警告﻿：一旦染﻿﻿上，⁠就算治癒⁠了，後遺症也會拖⁠﻿﻿累﻿後半⁠生﻿﻿！這場﻿瘟⁠疫比17年⁠前的非典更嚴重，﻿用﻿的﻿藥⁠副﻿作用更大。如﻿果出了﻿特﻿﻿效藥⁠，﻿也⁠﻿只能保命，僅此⁠⁠而已﻿！出⁠⁠門前想﻿想你的家﻿人﻿，﻿別連累⁠家人，⁠⁠⁠能﻿⁠不﻿出門就不出⁠門，﻿大家一起﻿⁠轉發﻿⁠吧﻿！這是﻿一場⁠戰役⁠，不⁠是兒⁠戲，﻿⁠收⁠起⁠﻿⁠你盲⁠目的﻿自信⁠和佼倖⁠⁠心⁠⁠理⁠，⁠⁠也⁠收起你事不⁠關己、高﻿高在上的態度⁠，在這﻿場戰役中沒有⁠⁠局﻿外人！﻿
在⁠家！⁠在家！在家！⁠不﻿要﻿點贊！⁠求﻿轉發！⁠
   ⁠ ﻿⁠ ﻿    ⁠ —﻿—  ﻿鍾﻿南﻿山",NU0UcXABKcLa7RPxghou,RUMOR,2020-02-23 08:05:34.380000+00:00,RUMOR,0.3056008333333333,大陸中國鍾南山院士再﻿⁠次﻿﻿強⁠﻿調﻿：別﻿出門，再看疫情﻿控制情況！﻿警告﻿：一旦染﻿﻿上，⁠就算治癒⁠了，後遺症也會拖⁠﻿﻿累﻿後半⁠生﻿﻿！這場﻿瘟⁠疫比17年⁠前的非典更嚴重，﻿用﻿的﻿藥⁠副﻿作用更大。如﻿果出了﻿特﻿﻿效藥⁠，﻿也⁠﻿只能保命，僅此⁠⁠而已﻿！出⁠⁠門前想﻿想你的家﻿人﻿，﻿別連累⁠家人，⁠⁠⁠能﻿⁠不﻿出門就不出⁠門，﻿大家一起﻿⁠轉發﻿⁠吧﻿！這是﻿一場⁠戰役⁠，,0,1,0,political,2020
489,dcep5450c8dr,2024-03-26 07:09:20.457000+00:00,TEXT,你這邊還有什麼疑問嗎 如果沒有請將你的  手機門號 身分證正反面 健保卡以及銀行賬戶封面拍傳給我 我幫你整理登記 提交審核,5HLAp5ABd3gcY0LpDRy1,RUMOR,2024-07-12 16:21:39.892000+00:00,RUMOR,2601.2053986111114,你這邊還有什麼疑問嗎 如果沒有請將你的  手機門號 身分證正反面 健保卡以及銀行賬戶封面拍傳給我 我幫你整理登記 提交審核,2,0,0,scam,2024
490,3v58ul6xn8icw,2023-10-27 03:29:05.135000+00:00,TEXT,"法院認證！　鄭文燦曾受澳門「九號會所」招待 | TVBS | LINE TODAY

https://liff.line.me/1454987169-1WAXAP3K/v2/article/LXLXYWl?utm_source=lineshare",KvVhdYsBAjOeMOklAG8s,RUMOR,2023-10-28 08:22:53.226000+00:00,RUMOR,28.896691944444445,"法院認證！　鄭文燦曾受澳門「九號會所」招待 | TVBS | LINE TODAY

https://liff.line.me/1454987169-1WAXAP3K/v2/article/LXLXYWl?utm_source=lineshare",0,0,0,other,2024
491,35syrmkk9gydm,2024-01-15 02:48:37.046000+00:00,TEXT,"肆無忌彈連續在賴清德2號寫了十幾二十個正
簡直無法無天
這位小姐下個月調任為法務部長",D_dXC40BAjOeMOklDl4h,RUMOR,2024-01-15 04:17:51.136000+00:00,RUMOR,1.4872472222222222,"肆無忌彈連續在賴清德2號寫了十幾二十個正
簡直無法無天
這位小姐下個月調任為法務部長",0,1,0,political,2024
492,10h2qmejgstpb,2020-04-01 04:15:38.149000+00:00,TEXT,"自古當發生天災地變之時，天子都會率先「齋戒沐浴」並倡導眾生共同持齋禁屠！而感動上天憐憫息災🙇‍♂️
乃表示上天有好生之德，本欲世人憐愛萬物、莫要殺生食肉！
如今疫情持續撲襲，中華民國.臺北.
龍山寺邀請各大廟宇及大眾一同【持齋三日】。
臺北市民政局所有公務員已率先響應訂購素食便當，希望大家也共同參與並多加鼓勵身旁親友
《茹素祈福、眾神保祐🙏》
https://youtu.be/Z24lhJA5FrU",AgrvNXEBrhVJn3LNBGRd,NOT_RUMOR,2020-04-01 13:29:48.893000+00:00,NOT_RUMOR,9.236317777777778,"自古當發生天災地變之時，天子都會率先「齋戒沐浴」並倡導眾生共同持齋禁屠！而感動上天憐憫息災🙇‍♂️
乃表示上天有好生之德，本欲世人憐愛萬物、莫要殺生食肉！
如今疫情持續撲襲，中華民國.臺北.
龍山寺邀請各大廟宇及大眾一同【持齋三日】。
臺北市民政局所有公務員已率先響應訂購素食便當，希望大家也共同參與並多加鼓勵身旁親友
《茹素祈福、眾神保祐🙏》
https://youtu.be/Z24lhJA5Fr",0,0,0,other,2020
493,1fg50vxjdkp7a,2020-02-18 06:56:25.945000+00:00,TEXT,"    ⭐(2)月(1)(8)日⭐
 免費貼圖十點可下載 
       (敗圖群分享)      
「LINE TAXI × 栗鼠丼」
https://line.me/S/sticker/16755      ",jkdYV3ABHjv_5zI2P3J8,NOT_ARTICLE,2020-02-18 08:09:26.138000+00:00,NOT_ARTICLE,1.216720277777778,"    ⭐(2)月(1)(8)日⭐
 免費貼圖十點可下載 
       (敗圖群分享)      
「LINE TAXI × 栗鼠丼」
https://line.me/S/sticker/16755      ",1,0,0,scam,2020
494,27ivczd95jc1h,2020-02-06 00:25:47.946000+00:00,TEXT,"許川正 飲料廠送貨司機 憑良心提出告誡
千萬不要喝 臭臭鍋，小火鍋，牛排店，吃到飽，夜市⋯⋯的飲料。如楊桃汁、冬瓜茶、芒果汁、蘋果汁、還有吃冰的果醬如芒果醬、草莓醬、百香果醬⋯⋯，
他當司機送貨不能進到廠房，但工廠守衛3O年曝料，看一卡車、一卡車飲料的載出工廠，從沒看過有楊桃，蘋果，香蕉，芒果，草莓，木瓜等水果進到工廠，全都是化學原料香精合成製作，香精也摻入有味道的杏仁粉，都超恐怖的，難怪現在大腸癌，胃癌...一大堆⋯⋯。
多多轉發～告訴你周遭的人，這些飲品碰不得，千萬別因為免錢、喝到飽就貪小便宜，而傷害了自己的健康與生命。
前兩天送米是新個案，她大約40初頭，她說：她的脊髓不會造血已經長腫瘤了。我問：妳很喜歡喝飲料，她回是的。以前會頭暈膝蓋會痛，不知道是這個原因，現在背部脊椎也駝了！我勸她絕對不要再喝飲料了！妳的情況和一位醫師講的完全一樣，這些東西會破壞脊椎脊髓造血的功能。",-GfGGHABd3n3h-WYjAbi,RUMOR,2020-02-06 04:33:50.305000+00:00,RUMOR,4.133988611111112,"許川正 飲料廠送貨司機 憑良心提出告誡
千萬不要喝 臭臭鍋，小火鍋，牛排店，吃到飽，夜市⋯⋯的飲料。如楊桃汁、冬瓜茶、芒果汁、蘋果汁、還有吃冰的果醬如芒果醬、草莓醬、百香果醬⋯⋯，
他當司機送貨不能進到廠房，但工廠守衛3O年曝料，看一卡車、一卡車飲料的載出工廠，從沒看過有楊桃，蘋果，香蕉，芒果，草莓，木瓜等水果進到工廠，全都是化學原料香精合成製作，香精也摻入有味道的杏仁粉，都超恐怖的，難怪現在大腸",0,0,0,other,2020
495,yyraxlxjd2um,2024-03-13 13:16:03.245000+00:00,TEXT,歐美民主先進國家，都是把國家的預算花在民生利益上，在台灣執政的民進黨是把錢花在邦交上，連無邦交國立陶宛就給了12億美元，難怪丹麥人想要喝珍珠奶茶，笑場台灣人真有錢！,QpyMOI4BBMtPEaE0RniB,RUMOR,2024-03-13 16:01:40.992000+00:00,RUMOR,2.7604852777777777,歐美民主先進國家，都是把國家的預算花在民生利益上，在台灣執政的民進黨是把錢花在邦交上，連無邦交國立陶宛就給了12億美元，難怪丹麥人想要喝珍珠奶茶，笑場台灣人真有錢！,0,1,0,political,2024
496,1n0jxlwtuy20h,2020-03-31 13:13:55.674000+00:00,TEXT,在你家旁邊嗎？明起一口氣增788家藥局「加賣300片成人口罩」https://supertaste.tvbs.com.tw/topic/article/321804?utm_source=LINE&utm_medium=supertaste_push&utm_campaign=202003261J,qwr8O3EBrhVJn3LNDtuA,NOT_RUMOR,2020-04-02 17:41:46.751000+00:00,NOT_RUMOR,52.46418805555555,在你家旁邊嗎？明起一口氣增788家藥局「加賣300片成人口罩」https://supertaste.tvbs.com.tw/topic/article/321804?utm_source=LINE&utm_medium=supertaste_push&utm_campaign=202003261J,0,0,0,other,2020
497,5xyujr1q1yw6,2020-04-05 08:29:17.325000+00:00,TEXT,https://youtu.be/KUqSi-vUoac,kwz0TnEBrhVJn3LNO1vR,OPINIONATED,2020-04-06 10:06:01.168000+00:00,OPINIONATED,25.61217861111111,https://youtu.be/KUqSi-vUoac,0,0,0,other,2020
498,2tfecl6051479,2024-02-04 06:05:41.750000+00:00,TEXT,"*V.V.V.V.V.重要*

 我們的一個朋友在喝了一夜留在車裡的水後病得很重，她病了幾個月。

 無論您多少次收到此電子郵件，請繼續發送！！！！

 車裡的瓶裝水非常危險！

 在艾倫秀上，謝麗爾克勞說這就是導致她罹患乳癌的原因。 它已被確定為乳癌組織中二噁英含量高的最常見原因。

 謝麗爾克勞的腫瘤科醫生告訴她：女性不應該喝留在車上的瓶裝水。 熱量與瓶子塑膠中的化學物質發生反應，將戴奧辛釋放到水中。 二噁英是一種越來越多在乳癌組織中發現的毒素。

 因此，請小心，不要飲用留在車內的瓶裝水。

 把這個傳遞給你生命中的所有女性。 這些資訊是我們需要知道的，可能會拯救我們！

 使用不鏽鋼水壺或玻璃瓶代替塑膠瓶！

 請讓大家知道！

 此資訊也在沃爾特·里德陸軍醫療中心流傳…

 微波爐中禁止使用塑膠容器。

 冰箱裡沒有塑膠水瓶。

 微波爐裡沒有保鮮膜。

 戴奧辛化學物質會導致癌症，尤其是乳癌。

 二噁英對我們體內的細胞具有劇毒。

 不要冷凍裝有水的塑膠瓶，因為這會從塑膠中釋放出戴奧辛。

 最近，城堡醫院的健康專案經理在電視節目中解釋了這種健康危害。

 他談到了二噁英以及它們對我們的危害有多大。 他說我們不應該用塑膠容器在微波爐裡加熱食物…

 這尤其適用於含有脂肪的食物。

 他說，脂肪、高溫和塑膠的結合會將戴奧辛釋放到食物中。

 相反，他建議使用玻璃，如耐熱玻璃或陶瓷容器來加熱食物......你會得到相同的結果，但沒有二噁英......

 因此，諸如電視晚餐、即溶湯等之類的東西應該​​從容器中取出並用其他東西加熱。

 紙不錯，但你不知道紙裡面有什麼。 使用強化玻璃比較安全，如耐熱玻璃等。

 他提醒我們，不久前，有些速食店不再使用苯乙烯泡沫容器，而是使用紙容器。 二噁英問題是原因之一.....

 此外，他也指出，保鮮膜等保鮮膜放在微波爐烹調的食物上同樣危險。

 當食物被核化時，高溫會導致有毒毒素從保鮮膜中融化並滴入食物中。

 用紙巾蓋住食物。

 這篇文章應該發送給您生活中重要的任何人。

 *非常非常非常重要*",GPiuq40BAjOeMOkldDl_,RUMOR,2024-02-15 07:32:33.534000+00:00,RUMOR,265.44771777777777,"*V.V.V.V.V.重要*

 我們的一個朋友在喝了一夜留在車裡的水後病得很重，她病了幾個月。

 無論您多少次收到此電子郵件，請繼續發送！！！！

 車裡的瓶裝水非常危險！

 在艾倫秀上，謝麗爾克勞說這就是導致她罹患乳癌的原因。 它已被確定為乳癌組織中二噁英含量高的最常見原因。

 謝麗爾克勞的腫瘤科醫生告訴她：女性不應該喝留在車上的瓶裝水。 熱量與瓶子塑膠中的化學物質發生反應，將戴奧辛釋放",0,0,0,other,2024
499,268ido8iz1ch8,2023-11-18 00:22:09.176000+00:00,TEXT,天使出現在耶路撒冷上空。這是幾週前的影片,2PWQ4YsBAjOeMOkle_Gf,RUMOR,2023-11-18 08:33:44.350000+00:00,RUMOR,8.193103888888889,天使出現在耶路撒冷上空。這是幾週前的影片,0,0,0,other,2024
500,rx60v72q5z9v,2019-10-13 01:36:01.987000+00:00,TEXT,"

太精彩啦！忍不住轉傳
這孩子所說的話
驚呆現場每一個人


https://youtu.be/19FpS6a5O0E",MN8KyW0BqwaEkHKwAoqw,RUMOR,2019-10-14 06:52:19.503000+00:00,RUMOR,29.271532222222223,"

太精彩啦！忍不住轉傳
這孩子所說的話
驚呆現場每一個人


https://youtu.be/19FpS6a5O0E",0,0,0,other,2020
501,2z5dulez8yuu,2020-03-22 06:10:57.223000+00:00,TEXT,"好好在家隔離 明天一定會更好

面對這一波的冠狀病毒疫情, 如果你現在仍然心裡極為惶恐, 甚至一直想著出去購買生活用品囤積, 請你先看看這兩張簡單的圖, 你就會了解明天一定會更好. 

這可不是我個人的預測, 或是天生的樂觀派(我一點也不是), 而是實實在在的科學證據. 

當你現在隔離在家的時候, 最不該做的事情, 就是看一些叩應(Call in)節目, 和主流媒體危言聳聽的報導, 及一些各路專家(専吃, 鑽吃, 台語發音), 沒有根據的胡亂預測, 嚇唬大家說, 某國會有幾百(千)萬人感染, 幾十(百)萬人死亡云云....

相反的, 你應該隨時掌握政府的新聞發佈會和公告, 獲知正確的消息和政府的政策, 以便確實遵循. 

這兩張圖很清楚的告訴我們, 當疫情來的時候, 我們如果毫無作為, 那感染的人數跟受災的程度就會成指數函數曲線(exponential curve)的飆升. 但是當政府強力的介入, 而人民也確實遵循的時候(關閉學校, 餐廳, 隔離患者, 在家隔離,....), 那這個曲線就會減緩或被壓抑的很低. 

你可能會反問我, 那現在某某國家某某城市不是還很嚴重嗎? 是的沒錯. 當這一些地區一旦已經開始有所作為的時候, 情況一定會得到適度的控制. 

全世界最負盛名的免疫及傳染病專家, 美國國家免疫及傳染病研究院主任, Dr. Anthony Fauci, 在最近幾次的正式訪談與新聞發布會裡面, 一再重複同樣的話 -- “很顯然, 美國目前的疫情仍然在上升的階段(escalation stage). 疫情控制的程度將有賴於政府及時有效的強力介入, 與人民通力的合作.....”

最近一個禮拜, 我每天追蹤白宮的新聞發佈會, 知道政府已經強力的在動員舉國之力, 防止這一次疫情的擴張. 現在剩下的, 就是人民如何來配合政府了. 此時我們不該懷疑政府有沒有努力,  而在哪裡毫無由來的批評, 而是要想想我們有沒有好好配合.

最後我要再次提醒, 第一, 不要聽信那一些嗜血, 興風作浪的媒體新聞. 炒作新聞是他們生存的法則, 相信他們只會讓我們愈加的恐懼. 讓我們只相信""真正專家""的話. 當然專家的發言一定有科學的根據與證據才算.

第二, 不要再毫無由來的長期囤積物資, 這是非常自私與無知的行為. 買你短期所需的, 留一些給其他人買吧!

如果您是一個基督徒, 我更要提醒你, 不要忘了你所熟悉的主禱文怎麼說, “我們日用的飲食今日賜給我們"". 神可沒有說, ""我們今年所需要的飲食今日賜給我們""喔!

相信我, 如果不相信我也沒關係,  至少你該相信你的政府, 以及你所信的上帝, 明天一定會更好!! 所以趁這個難得在家隔離的機會, 好好休息, 好好重新得力吧! 祝福您.",2gbUBnEBrhVJn3LNAYhv,OPINIONATED,2020-03-23 09:58:09.518000+00:00,OPINIONATED,27.78674861111111,"好好在家隔離 明天一定會更好

面對這一波的冠狀病毒疫情, 如果你現在仍然心裡極為惶恐, 甚至一直想著出去購買生活用品囤積, 請你先看看這兩張簡單的圖, 你就會了解明天一定會更好. 

這可不是我個人的預測, 或是天生的樂觀派(我一點也不是), 而是實實在在的科學證據. 

當你現在隔離在家的時候, 最不該做的事情, 就是看一些叩應(Call in)節目, 和主流媒體危言聳聽的報導, 及一些各路專",0,0,1,health,2020
502,19ervo3dpi3o4,2024-01-12 03:11:17.171000+00:00,TEXT,"深藍得的前苗栗縣長終於說出了真正內心的心裡話，民進黨才是真正幫助地方的政黨，這樣的民進黨怎麼會是鴨霸的政府
≈===============
別再《為國民黨留一滴淚》 徐耀昌千字聲明接揭郭郭台銘不願意碰觸醜陋骯髒的2024大選


我們有一個國外的友人，與很多國外的投資法人非常熟悉，他告訴我們，此次台灣的大選，會很大幅度的影響台灣經濟未來的走向，以及國際關係，希望我暫時退出觀望，因為這些法人基本上也大幅的減少持股，採取觀望的態度。

他們給出如下建議：

如果和美國日本等民主陣營的國家站在一起的民進黨總統和副總統候選人高票當選，立委過半，股票才會大漲，20000點指日可待，2025、26年上25000點都有可能。

但如果和中國綁在一起的其他政黨候選人，當選總統和副總統，並選上立法院院長，則股票必將會大跌。股價將跌回馬英九執政八年的平均8000點以下，而且將會有大規模的移民潮，以及大批資金外移。

他們分析原因如下：

因為如果和中國站在一起的政黨當選台灣總統及副總統，美國可能會擔心，台灣會以台灣的高科技的基礎去幫助中國大陸，幫助他們的高科技發展，並將該高技於軍事用途。

所以會將台灣的高科技廠商列入實體清單，管制並限制被列入該實體清單的公司獲得最新的技術，並限制美國公司，不得採用被列入實體清單的廠商所生產的產品。

台灣股票市值最高，也是台灣的護國神山，台積電，客戶70%是來自美國公司（可上Google搜尋），只要美國強迫這些美國客戶，將訂單由台積電轉移到美國的Intel或是韓國的三星，台積電的業績就少掉70%，如此必大虧，或關閉某些工廠，甚至大裁員。

此外，台積電的高端技術來源以及關鍵性零組件及原料皆來自美日及荷蘭及德國，只要美國一聲令下，這些零組件供應商皆可能會停止供貨給台積電，因此台積電技術及關鍵零組件來源中斷，無法再繼續生產高端的晶片。台積電已經投入的新廠及設備，將無法生產，但必需提列高額折舊，與台積電關連的上中下游台灣產商，如上游的晶圓（環球晶，中美晶等）檢測（如閎康等）下游的封測（日月光）生產設備（帆宣，漢唐）也會升到牽連，
台灣的股市，也會因此受到非常大的挫折，甚至可能回跌到馬英九執政時期的8000以下。
此點由中國大陸上證及深圳股票指數直直落，香港恆生指數也由3萬多點一路下滑，甚至和台股指數死亡交叉，跌到比台灣指數低一仟多點，而且不管是中國大陸或港澳也爆出大量移民潮，以及資金大量外移，得到証明。

如和歐美，日本等民主陣營國家站在同一陣線的民進黨候選人當選總統副總統，立委過半，則美國會在美中對抗當中，將訂單由中國大陸移出，轉移訂單到受信賴的台灣，讓台灣的股票市場繼續繁榮上漲，指數上20000點指日可待，甚至2025、26年上25000點更不是神話。

所以此次總統大選，台灣站在一個時代的𨍭折點，是要繼續繁榮昌盛，還是要步入衰退，結束10年大運，就要靠聰明慧智的台灣人民自行決定。


「看淡政治，跨越政黨的界線，今天，我想誠實的面對自己。」

這些日子來拒絕記者的採訪，不回應眾多老朋友的疑問，選擇沉默，是因不願做一個只問顏色，卻不問人民福祉的政客。

多年前的一個颱風天，也是我剛就任苗栗縣長的時候，迫於財政的困窘，我帶著苗縣府各局處同仁，北上行政院，向當時執政的國民黨政府求助。苗栗縣財政處於腦死狀態的當下，我們統計了縣內的公有土地以及各項資源，嘗試找出任何可能改善或減緩苗栗財政惡化的方法。而苗栗從來是藍營的鐵票區，我天真的以為黨的援助，可以讓苗栗鄉親，看見通往美好未來的微小希望，

「我又不是做仲介的！」

同黨執政下的行政院，用一句冰冷的客語，為苗栗的最後出路畫下了句點。我兩手空空走出行政院大門，不敢回頭探望隨行的局處首長們，我怕一旦回頭，這無處宣洩的委屈與屈辱，會無所遁形的嶄露在下屬面前。

「作為一縣之長，我沒有軟弱的本錢，縣府同仁在南返的路上，一路無語。」

那天的風雨我依稀記得，也是我咬牙扛下縣庫赤字的開始，從中央到地方的冷漠，我點滴在心。沒有人願意投苗縣府的標案，怕領不到錢；府內訂便當都必須一手交錢，一手接過飯菜，連團膳業者都認為苗縣府開伙的錢都付不起，因此不能採用月結請款的方式，這些畫面就像紋身一樣烙印在我的心裡，直到現在。

「苗栗人這麼相信黨，為什麼最終的結果，藍天執政下的土地會如此貧瘠？」

我不是動搖，只是灰心、痛心、不忍心。百年政黨需要大破大立，需要為改革前行的新藍營時代找出一線生機，郭董義無反顧的投入這一局，但他受的委屈與質疑，比我更甚。他太過真誠，太過相信一群只為私我卻罔顧中華民國前途的政客，政治的虛假與黑暗，讓他再不願回頭看望這片生長於斯的土地，不願再碰觸這醜陋骯髒的２０２４大局。

而最後對苗栗這塊土地伸出援手的，竟是我一路來對抗的民進黨政府，誠實的說，苗栗財政的轉危為安，有極大一部分原因，是來自於綠營執政下的鼎力支持。例如時任行政院長的蘇貞昌，經常是在下鄉時發現問題，便大筆一揮，讓本縣原本籌措困難的建設經費，得以延續；而為本縣發展不致陷入停滯，免除多數重大建設的配合款，更讓苗栗有了新北橫、中港溪外環道、乃至於聯大路的拓建等，讓本縣的孩子有一條安全上學的路。

「台銘兄，不要再為這個黨流任何一滴淚，他們不值得，在你付出滿腔熱血之後，卻成為了他們消費利用的棄子。」

委屈了，含淚投票的鄉親父老們，苗栗的每一寸土地，每一個將為故鄉掌起大旗的人，我都瞭若指掌。也因此我投入立委初選，是因希望故鄉能有一個清直、真誠的藍營代議士。我了解這塊土地上每個人的故事與歷史，有些人的年少無知可以被原諒、被檢視，但有些人卻不行，因為他們的背景太過沉重，無論放在過去或未來，都很致命。

「為黨販售靈魂還是成為藍營口中的罪人，為故鄉計，我選擇誠實。」

掌聲還是噓聲，淡然化之，我是徐耀昌，一個居住在苗栗縣六十餘年的老縣民，我相信民主，相信每個苗栗縣民的選擇，我更相信誠實與對故鄉的愛，會讓我能把這些日子來的所有疑問，交代清楚。",N3MYtpEBd3gcY0LpMrXw,OPINIONATED,2024-09-03 04:15:24.912000+00:00,OPINIONATED,5641.068816944445,"深藍得的前苗栗縣長終於說出了真正內心的心裡話，民進黨才是真正幫助地方的政黨，這樣的民進黨怎麼會是鴨霸的政府
≈===============
別再《為國民黨留一滴淚》 徐耀昌千字聲明接揭郭郭台銘不願意碰觸醜陋骯髒的2024大選


我們有一個國外的友人，與很多國外的投資法人非常熟悉，他告訴我們，此次台灣的大選，會很大幅度的影響台灣經濟未來的走向，以及國際關係，希望我暫時退出觀望，因為這些法人基本上",1,4,0,political,2024
503,15ogncdyrj30z,2024-04-08 09:18:08.193000+00:00,TEXT,"日本水產品真的有問題，臺灣進口的秋刀魚被檢測出致癌物質超標40倍，已退回日本。
日本北海道出現死魚潮。再則，日本環境省研究143條河流與地下水，東京、神奈川、京都、大坂等地區地下水出了問題，有機氟化物超標400多倍，呼籲當地居民別飲用地下水。",DWPB3I4BUCqzrknpchHa,RUMOR,2024-04-14 13:17:29.177000+00:00,RUMOR,147.98916222222223,"日本水產品真的有問題，臺灣進口的秋刀魚被檢測出致癌物質超標40倍，已退回日本。
日本北海道出現死魚潮。再則，日本環境省研究143條河流與地下水，東京、神奈川、京都、大坂等地區地下水出了問題，有機氟化物超標400多倍，呼籲當地居民別飲用地下水。",0,0,1,health,2024
504,5ms1n0gmlx07,2020-02-09 12:56:23.681000+00:00,TEXT,"我找到李文亮「我走了」的全文：（被稱為「吹哨人」的34歲大陸醫師李文亮病逝後，網路謠傳李文亮妻子發出的「求助書」，李文亮醫生的妻子付雪潔除了公開聲明，網路流傳信息不實，她不接受任何個人捐款外。還把丈夫李文亮的《我走了》完成全稿！ 

李文亮的文筆優美，情真意切，讀來讓人動容。在網路上一片悲慟、憤怒與喊聲中，這篇「我走了」，值得大家讀頌沈思「他為蒼生說過話」，說了什麼話？一個不想成為英雄的英雄所帶來的生命啟示。 ）

《我走了 to be continued

在我成為一粒塵埃之前，
Before I'd turn into a grain of dust,
我又靜靜地懷想了一遍故鄉的黑土白雲。
I quietly reflected and reviewed once again the black soil and white clouds.

多想回到小時候啊，
How much I'd want to go back to my childhood time,
風是盡情飛舞的，雪是潔白無瑕的。 
When the wind was wildly flying and freely dancing, the snow's pure spotlessly white.

活著真好，可我死了。
It's truly blessed to be alive, but I'm dead.
我再也無法撫摸親人的臉龐，
No more could I afford the chance to stroke and touch the faces of my families,
再也無法帶孩子去看東湖春曉，
Also no more could I take my kids to visit the spring morning of East Lake,
再也無法陪父母去看武大櫻花，
Also no more could I accompany my parents to see the cherry blossoms in Wu Da,
再也無法把風箏放到白雲深處。 
Also no more could I fly the kite higher up into the innermost depth of white clouds.

我曾依稀夢見我尚未出世的孩子，
Once I still dreamt of my kid to be born,
他（她）一出生就眼含熱淚，
He or she would be all tears flooded in its rims eyes at its birth,
在人潮人海中把我尋找。
Looking for me amidst the crowds and seas of people.
對不起，孩子！
Terribly sorry, kids!
我知道你只想要一個平凡父親，
I know you're just wanna to have an average ordinary dad,
而我卻做了一個平民英雄。 
But I'd made me a people's hero.
天快亮了，我要走了，
As the day's broken, I've got to go,
帶著一張保證書，
Bringing along with me a sheet of the guarantee paper,
那是我此生唯一的行囊。 
which is the only luggage for this.life.

謝謝世間所有懂我憐我愛我的人，
Thanks to all those who understand me, pity me and love me in this mundane world,
我知道你們都在黎明等候，
I'm aware you're all waiting for me at dawn, 
等我越過山丘！可是，我太累了。 
waiting for me to go across the mountains! But, I'm way too exhausted.

此生，我不想重於泰山，也不怕輕於鴻毛。
This life, I'd rather not be someone heavyweight as heavy and enormous as the Tai Mountain, nor do I fear being a nobody so lightweight like a piece of feather.
我唯一的心願，就是希望冰雪消融之後，
My only wish, is to hope for the time when the snow's melted,
眾生依然熱愛大地，依然相信祖國。 
All the living beings still cherishing the passionate love for the great earth, still trusting our motherland.

等到春雷滾滾，如果有人還想紀念我，
Until the time comes when spring snow falling like rolling, if there'd be some still wanting to remember me,
請給我立一個小小的墓碑吧！
Please just erect me a small gravestone!

不必偉岸，只須證明我曾來過這個世界，有名有姓，無知無畏。 
It's not necessarily a magnificent one, just needing to prove or evidence that I'd only come to this world, having a given name and surname though innocent you fearless.

那麼，我的墓志銘只需一句：他為蒼生說過話。
Then, on my grave the one single sentence of the epitaph just reads:

He's spoken for the living beings of his compatriots.",YGg2K3ABd3n3h-WYEGDY,RUMOR,2020-02-09 18:28:48.471000+00:00,RUMOR,5.540219444444444,"我找到李文亮「我走了」的全文：（被稱為「吹哨人」的34歲大陸醫師李文亮病逝後，網路謠傳李文亮妻子發出的「求助書」，李文亮醫生的妻子付雪潔除了公開聲明，網路流傳信息不實，她不接受任何個人捐款外。還把丈夫李文亮的《我走了》完成全稿！ 

李文亮的文筆優美，情真意切，讀來讓人動容。在網路上一片悲慟、憤怒與喊聲中，這篇「我走了」，值得大家讀頌沈思「他為蒼生說過話」，說了什麼話？一個不想成為英雄的英雄所帶來",0,0,1,health,2020
505,2cojroff7opo4,2020-03-19 02:38:06.871000+00:00,TEXT,"2萬本金直衝20萬的獲利
以上實錄
想賺取急用錢或零用錢趕緊來找我J哥討論合作方式！",YgQF8XABrhVJn3LNWcLd,RUMOR,2020-03-19 04:20:24.668000+00:00,RUMOR,1.704943611111111,"2萬本金直衝20萬的獲利
以上實錄
想賺取急用錢或零用錢趕緊來找我J哥討論合作方式！",1,0,0,scam,2020
506,1mgheaprd78ck,2024-01-29 12:52:52.154000+00:00,TEXT,"您好
我是舊衣回收變現活動主理人
家中如有舊衣需要回收請留下以下登記資料，登記好後幫你安排至我們線上銷售群組☺️

你可以選擇到府回收，也能選擇線上估價回收。
收購回收衣物、舊鞋、舊皮件
都是以件計價，價錢公告都在我們線上銷售多元化群組的記事本舊衣回收公告上。


姓名:
電話:
LineID:
舊衣物回收地區:

因為登記人數比較多所以先幫我填好資料，我登記完成會邀請妳到我們回收衣物群組。
進群組後即可領取舊衣回收計畫補助金1200元也可換成等值7-11禮卷。",XpbryI4BQ_PNHtDO1ZKD,RUMOR,2024-04-10 16:51:22.626000+00:00,RUMOR,1731.975131111111,"您好
我是舊衣回收變現活動主理人
家中如有舊衣需要回收請留下以下登記資料，登記好後幫你安排至我們線上銷售群組☺️

你可以選擇到府回收，也能選擇線上估價回收。
收購回收衣物、舊鞋、舊皮件
都是以件計價，價錢公告都在我們線上銷售多元化群組的記事本舊衣回收公告上。


姓名:
電話:
LineID:
舊衣物回收地區:

因為登記人數比較多所以先幫我填好資料，我登記完成會邀請妳到我們回收衣物群組。
進群",0,0,0,other,2024
507,1ybd0qetomj0a,2020-02-08 08:16:51.885000+00:00,TEXT,https://www.facebook.com/groups/Chaozhou/permalink/2866729856703487/,qEamRHABHjv_5zI2oR-e,OPINIONATED,2020-02-14 17:02:15.951000+00:00,OPINIONATED,152.756685,https://www.facebook.com/groups/Chaozhou/permalink/2866729856703487/,0,0,0,other,2020
508,178hp8lq0b0dz,2020-02-01 08:15:45.984000+00:00,TEXT,"《武漢肺炎如何防疫》

武漢肺炎傳染途徑：
以呼吸道傳播為主。像咳嗽、打噴嚏這種最基本的，還有帶有病原體的飛沫接觸到黏膜，比如眼睛、鼻子、嘴巴。還有也能通過污染物間接傳播。
　
實際情況演示：
1.一個得了武漢肺炎的人，正在捷運車廂裡咳嗽並且沒戴口罩，坐在旁邊也沒戴口罩的你，吸入了他散佈在空氣中的病原體。
　
2.一個得了武漢肺炎的人，正在便利商店櫃台前結帳，結果打了噴嚏噴出來的口水，正中你的眼睛。（雖然你戴了口罩，但還是GG了）
　
3.你用手一把抓起得了武漢肺炎的人擤鼻涕擦口水的衛生紙團，然後丟進垃圾桶，接著又用手去揉眼睛。
　
4.一個得了武漢肺炎的餐廳服務生，在送餐的時候，不小心在你點的菜的上方咳嗽打噴嚏，然後被開心跟朋友在餐廳聚餐的你吃下去。
　
武漢肺炎如何防疫：
1.出門務必戴醫療用口罩。回家脫下口罩時注意不要碰觸口罩外緣，並妥善棄置使用過的口罩。
　
2.勤用流水及洗手液確實認真洗手，減少手部接觸眼口鼻的動作。定時消毒手機。然後乾洗手沒屁用，此病毒依然會在你手上滾動。
　
3. 減少與人群接觸的機會，少去人口密集的地方，少拜訪親友少聚餐少聚會，別去密閉空間。家裡保持好通風，在家中最安全；機場是最危險的地方。
　
4.準備好75度的酒精噴瓶，消毒家中及外出時必須碰觸的物品。75度的酒精能立即消滅武漢肺炎病毒。
　
5.家中盡量除濕保持乾燥。此病毒在潮濕的環境下，據說最久能存活一天，但在乾燥的情況下，經過紫外線照射等等，存活不到兩分鐘。
　
6.減少外食，自己煮飯。武漢肺炎病毒在56度以上煮30分鐘就會消滅，100度煮沸的情況下應該可以立刻GG，因此務必吃煮沸過的熟食。
　
武漢肺炎症狀與治癒情形：
1.潛伏期14天之內就具備傳染性，並且不一定會有任何症狀。白話就是，一個沒發燒沒咳嗽看起來很正常的人，也可能是患者。
　
2.一開始通常為輕症，容易讓人忽視。發病症狀為發燒、乾咳、呼吸道不適。吃退燒藥之後有可能停止發燒，但會發燒後無力，並且反覆發燒。（比較不會有鼻涕）
　
3.抵抗力較差者，如老人小孩，致死率極高。目前致死者幾乎都是這兩種。抵抗力較佳者如青年，若接觸病毒數較少，治癒率相對較高。因此吃好喝好睡好不熬夜，增加自身免疫力很重要。
　
做好以上防護，大家也不必過度恐慌。口罩適度買，糧食適度準備，不要搶購不要囤積，相信台灣也能安然度過。
　
#請用力轉發並告知老人
#祝大家平安健康喜樂",6GYADXABd3n3h-WYYCDg,OPINIONATED,2020-02-03 21:41:33.535000+00:00,OPINIONATED,61.42987527777778,"《武漢肺炎如何防疫》

武漢肺炎傳染途徑：
以呼吸道傳播為主。像咳嗽、打噴嚏這種最基本的，還有帶有病原體的飛沫接觸到黏膜，比如眼睛、鼻子、嘴巴。還有也能通過污染物間接傳播。
　
實際情況演示：
1.一個得了武漢肺炎的人，正在捷運車廂裡咳嗽並且沒戴口罩，坐在旁邊也沒戴口罩的你，吸入了他散佈在空氣中的病原體。
　
2.一個得了武漢肺炎的人，正在便利商店櫃台前結帳，結果打了噴嚏噴出來的口水，正中你的眼睛",0,0,1,health,2020
509,1a06llxkvmlj,2024-01-09 09:19:55.978000+00:00,TEXT,"這是死刑廢存簡訊投票：
您認同1.苗博雅主張廢除死刑？
還是2.羅智強主張依法執行死刑？
https://pse.is/5hm6ly",8mI9zY4BUCqzrknpFfhi,OPINIONATED,2024-04-11 12:58:36.257000+00:00,OPINIONATED,2235.6445219444445,"這是死刑廢存簡訊投票：
您認同1.苗博雅主張廢除死刑？
還是2.羅智強主張依法執行死刑？
https://pse.is/5hm6ly",0,1,0,political,2024
510,3gkgglv72gti0,2024-02-17 08:08:51.329000+00:00,TEXT,因為我們贏得比較我就要幫你申請結案了喔,kpoUu40BBMtPEaE0O8pt,NOT_ARTICLE,2024-02-18 07:18:01.836000+00:00,NOT_ARTICLE,23.15291861111111,因為我們贏得比較我就要幫你申請結案了喔,0,0,0,other,2024
511,1ks43yk6z3o4,2023-12-16 01:46:44.080000+00:00,TEXT,"咖啡＋B群反而越吃越累！原來吃B群少這步，吃再多也沒用
https://www.edh.tw/article/33133",Q_bvcIwBAjOeMOkl5Jz9,NOT_RUMOR,2023-12-16 04:43:39.132000+00:00,NOT_RUMOR,2.948625555555556,"咖啡＋B群反而越吃越累！原來吃B群少這步，吃再多也沒用
https://www.edh.tw/article/33133",0,0,0,other,2024
512,3f0jtlq37547y,2024-01-03 13:46:36.832000+00:00,TEXT,"《請  廣  傳》

     蔡英文下台
     李進勇下台
     唐     鳳下台

中選會堅持還是要用紙箱，意圖明顯，尤其紙箱中的那張活動紙板就是最大貓膩⋯⋯
李進勇一上任就把往年優質的實木投票箱全部掃除，也把長久以來皆以教師為選務人員的慣例廢了，自行選訓可以操控的工作人員⋯，如此一個綠油油的人可以擔任民主制度下應有良知的選務主管嗎？於今多數世人皆認為這個國家的民主已經是虛假的民主，下台吧李進勇⋯⋯

一個僅初中學歷，雖懂ㄧ點電腦就坐上部長大位，但對政壇國事認知膚淺的小咖，徒耗兩百多億民脂民膏，却不務正業，放任網路詐騙橫行如入無人之境，只知配合無良政黨設計電腦做票舞弊程式，傷害民主真諦，下台吧唐鳳⋯⋯

綜觀2020年的選舉過程，全國人民看在眼裡，真正的總統當選人是韓國瑜，蔡英文至少做票400萬票，如此無良知的政客，還高傲且忝不知恥的對外説「總統是不受教的⋯！」妳並不是真總統，下台吧可恥的腫桶！",OPfVz4wBAjOeMOkl5w_Q,RUMOR,2024-01-03 14:59:11.439000+00:00,RUMOR,1.2096130555555555,"《請  廣  傳》

     蔡英文下台
     李進勇下台
     唐     鳳下台

中選會堅持還是要用紙箱，意圖明顯，尤其紙箱中的那張活動紙板就是最大貓膩⋯⋯
李進勇一上任就把往年優質的實木投票箱全部掃除，也把長久以來皆以教師為選務人員的慣例廢了，自行選訓可以操控的工作人員⋯，如此一個綠油油的人可以擔任民主制度下應有良知的選務主管嗎？於今多數世人皆認為這個國家的民主已經是虛假的民主，",0,2,0,political,2024
513,2o7o4wdgyac2l,2020-02-01 00:30:49.661000+00:00,TEXT,"感冒藥千萬別吃 因為感冒藥根本不治感冒...
冬季是流感好發的季節,台灣人一旦感染流感病毒出現症狀,不是去診所看醫生拿藥不然就是看電視廣告買複方綜合感冒藥吃或者到藥局買感冒糖漿吃...
這是愚蠢無知的惡習陋習...連台灣大多數的診所醫師也都是列入我責罵的範圍,一直以來都沒有醫生願意告訴病人其實這是不正確的對應方式,只會無知的讓病患去吃那些症狀抑制劑
為什麼?
感冒是由病毒感染上呼吸道所導致,然而這些感冒藥成分通常只是症狀緩解作用,完全不能消滅感冒病毒,所以是毫無治療價值的東西,而且緩解感冒症狀很可能得讓病毒更難被人體的免疫系統清除,服用這些藥物後只是表面上看起來你好像感冒好了.但隨著藥效時間這些症狀還是會再次展現出來...
請大家一定要知道,感冒的症狀,其實是人體抵抗病毒排除病毒的自然反以,自然反應,自然反應,通常這些症狀越強烈越明顯就代表你的免疫功能越強,這是好事,不是壞事...
打噴嚏鼻塞流鼻水,喉嚨發炎腫痛,咳嗽咳痰,發燒...是不同階段的感染所展現的排除病毒的反應,愚蠢的用這類藥物去抑制這些反應無疑是讓病毒更加的肆虐,所以...
建議冬季流感季節如果有感冒症狀,請你
1多喝溫開水提升體溫,
2讓鼻腔口腔吸入高濕度高溫(45~50度)的熱空氣...可以買一台蒸臉機,對著蒸臉機呼吸.或者拿一杯七八十度的熱水對著呼吸
3穿衣服蓋棉被戴口罩手套穿襪子,然後好好睡覺...
4盡量不要吃高熱量高澱粉的食物,盡量餓肚子,可以的話可以多吃很多很多的柑橘類,柑橘類有很好的促進排痰作用的成分,別再信那些古代的傳言什麼咳嗽不能吃橘子了...傻瓜
尤其是退燒藥....能不吃就盡量別吃了....
祝大家能夠平安度過這次瘟疫危機...",b2WiA3ABd3n3h-WY9nzt,RUMOR,2020-02-02 02:02:56.620000+00:00,RUMOR,25.53526638888889,"感冒藥千萬別吃 因為感冒藥根本不治感冒...
冬季是流感好發的季節,台灣人一旦感染流感病毒出現症狀,不是去診所看醫生拿藥不然就是看電視廣告買複方綜合感冒藥吃或者到藥局買感冒糖漿吃...
這是愚蠢無知的惡習陋習...連台灣大多數的診所醫師也都是列入我責罵的範圍,一直以來都沒有醫生願意告訴病人其實這是不正確的對應方式,只會無知的讓病患去吃那些症狀抑制劑
為什麼?
感冒是由病毒感染上呼吸道所導致,然而這",0,0,3,health,2020
514,1i1h63vbcwt0f,2019-12-14 09:01:28.567000+00:00,TEXT,http://www.monduea.com/videos.aspx?id=47732,6FdKBW8BV0DITCqGHwOx,OPINIONATED,2019-12-14 16:42:21.488000+00:00,OPINIONATED,7.681366944444444,http://www.monduea.com/videos.aspx?id=47732,0,0,0,other,2020
515,1szdojhw2nsp0,2024-01-26 14:48:46.757000+00:00,TEXT,https://comebit.net/#/,KObY7pMBYrjt7MSMKyeY,RUMOR,2024-12-22 14:49:24.631000+00:00,RUMOR,7944.010520555556,https://comebit.net/#/,0,0,0,other,2024
516,a8oqmiz46h7e,2023-11-28 07:23:37.290000+00:00,TEXT,https://www.youtube.com/watch?v=jizKGEHayCE&t=960s,Qfdgao0BAjOeMOkljc6X,NOT_RUMOR,2024-02-02 15:12:09.111000+00:00,NOT_RUMOR,1591.8088391666668,https://www.youtube.com/watch?v=jizKGEHayCE&t=960s,0,0,0,other,2024
517,3ex7cpq0sab9g,2024-01-22 13:12:58.847000+00:00,TEXT,https://youtu.be/6i49n7b2mVs?si=FHLiihDo-kZ-DhXT,rPfSMY0BAjOeMOklD41w,RUMOR,2024-01-22 15:37:46.607000+00:00,RUMOR,2.413266666666667,https://youtu.be/6i49n7b2mVs?si=FHLiihDo-kZ-DhXT,0,0,0,other,2024
518,1zokb6v19nneb,2019-12-19 04:53:29.351000+00:00,TEXT,https://www.google.com/amp/s/www.ettoday.net/amp/amp_news.php%3fnews_id=1199371,n1nwOm8Bd3n3h-WYdGza,NOT_RUMOR,2019-12-25 02:43:54.713000+00:00,NOT_RUMOR,141.84037833333335,https://www.google.com/amp/s/www.ettoday.net/amp/amp_news.php%3fnews_id=1199371,0,0,0,other,2020
519,1ztt2rhtu8ga3,2024-01-21 12:52:05.477000+00:00,TEXT,用法老師現在先和你講一下，你從今天就可以開始使用了，每天中午飯後使用一包青汁酵素固體飲料，配200cc左右溫水喝下，晚上飯後使用一包血橙燕窩固體飲料，配100cc溫水喝就可以了,Uvc9LY0BAjOeMOklzIh-,RUMOR,2024-01-21 18:17:21.277000+00:00,RUMOR,5.421055555555555,用法老師現在先和你講一下，你從今天就可以開始使用了，每天中午飯後使用一包青汁酵素固體飲料，配200cc左右溫水喝下，晚上飯後使用一包血橙燕窩固體飲料，配100cc溫水喝就可以了,0,0,0,other,2024
520,clilhc8i8pn,2019-10-22 10:39:17.241000+00:00,TEXT,"👹韓國瑜的真面目👹是台灣史上最大的政治危機, 藍營終於出現一個政治人物比馬英九更令人深惡痛絕, 別忘了, 馬英九至少是在台灣美國受教育, 及人格養成, 即便想要與中國合併, 卻礙於個性懦弱, 怯於擔當, 因此試圖在卸任前簽訂的服貿協定, 遭學運破壞, 而功虧一簣, 徒剩國民黨復辟八年留下的千瘡百孔. 而韓國瑜卻是在北京念書九年, 同時與後來被整肅的中國特務頭子周永康副手孟宏偉相濡以沫, 深交的中共高層真不知有多少, 如此背景, 對台灣的安全威脅遠遠高於馬英九. 這也是為何中共要傾全部國台辦之力介入台灣總統大選的深層原因. 也是台灣有識之士紛紛感到憂慮的亡國感理由. 從高雄這半年荒腔走板的施政看來, 只能說, 被騙過一次是對方壞, 如果被騙了兩次是自己傻.

如果你想要你的子子孫孫還能享受民主的生活, 呼吸自由的空氣, 還能夠繼續投票選總統, 千萬要將拙作分享出去, 特別是改變一個盲藍傻子, 來回票數差距就是兩票. 為了台灣的未來, 管你是急獨緩獨天然獨, 深綠淺綠大小綠, 本土派還是改革派, 甚至知識藍還是菁英藍, 都應該團結抗中, 讓中共刻意栽培的韓國瑜徹底從台灣的政壇消失. 
天佑台灣！",C1nQOG8Bd3n3h-WYgFZY,OPINIONATED,2019-12-24 16:49:46.069000+00:00,OPINIONATED,1518.1746744444445,"👹韓國瑜的真面目👹是台灣史上最大的政治危機, 藍營終於出現一個政治人物比馬英九更令人深惡痛絕, 別忘了, 馬英九至少是在台灣美國受教育, 及人格養成, 即便想要與中國合併, 卻礙於個性懦弱, 怯於擔當, 因此試圖在卸任前簽訂的服貿協定, 遭學運破壞, 而功虧一簣, 徒剩國民黨復辟八年留下的千瘡百孔. 而韓國瑜卻是在北京念書九年, 同時與後來被整肅的中國特務頭子周永康副手孟宏偉相濡以沫, 深交的中共",0,5,0,political,2020
521,3vvlut8rpy2k2,2024-02-05 08:48:49.278000+00:00,TEXT,"我們主要是透過
金屬項目買賣價差
利用黃金從中賺取利潤
並且我們研發出一套
演算程式套入小資本
就可以從項目中
獲取穩定收益
達到每日固定收入
1000 ~ 3000元",W2PyOo8BUCqzrknpFZ-U,RUMOR,2024-05-02 20:14:54.866000+00:00,RUMOR,2099.434885555556,"我們主要是透過
金屬項目買賣價差
利用黃金從中賺取利潤
並且我們研發出一套
演算程式套入小資本
就可以從項目中
獲取穩定收益
達到每日固定收入
1000 ~ 3000元",1,0,0,scam,2024
522,1bcbruufq7tx0,2019-12-06 07:05:18.609000+00:00,TEXT,"【 重砲邱毅出手了！】
邱毅：宋楚瑜參選可能與蔡英文有默契，雙方聯合陣線來攻擊國民黨的選情。
邱毅告訴中評社，
(1)宋楚瑜的副手搭擋余湘以前是*民視副總( 1997年07月 ~ 1999年06月)。
(2)更重要的是宋競選發言人用了于美人，于美人政治立場不但是*深綠，還是*外獨會的活躍份子。
再做補充：
(3)宋楚瑜數度代表蔡政府出任博鰲論壇的台灣大使， 也算是在*綠朝為官，*忠於蔡政府， 幾乎從來*沒有在批評蔡政府的*貪污舞弊，跟據邏輯研判應有沾到蔡政府的好處， *綠橘雙方早就有良好的默契。
(4) 去年九合一大選， 柯p尋求連任時， 親民黨*拒絕被稱為泛藍， 親民黨全力挺柯文哲， 最後親民黨黃珊珊也出任柯文哲的副市長。
(5)結論：由此判定，橘子早已*染綠發霉了，邱毅稱：宋參選可能與蔡有默契， 聯合陣線攻擊韓選情，由此分析判定，親民黨早已不是藍軍了，已扮演民進黨的*側翼組織，應屬客觀！
各位藍軍的朋友要記住: 通知你身旁的親朋好友，一票都不要投給宋楚瑜。請用力的廣傳這個訊息。加油喔。",zVQn2m4BV0DITCqGv1U5,RUMOR,2019-12-06 07:41:08.242000+00:00,RUMOR,0.5971202777777778,"【 重砲邱毅出手了！】
邱毅：宋楚瑜參選可能與蔡英文有默契，雙方聯合陣線來攻擊國民黨的選情。
邱毅告訴中評社，
(1)宋楚瑜的副手搭擋余湘以前是*民視副總( 1997年07月 ~ 1999年06月)。
(2)更重要的是宋競選發言人用了于美人，于美人政治立場不但是*深綠，還是*外獨會的活躍份子。
再做補充：
(3)宋楚瑜數度代表蔡政府出任博鰲論壇的台灣大使， 也算是在*綠朝為官，*忠於蔡政府， 幾乎",0,2,0,political,2020
523,3g9ugrqkir8b1,2020-02-20 09:45:54.717000+00:00,TEXT,https://www.digitimes.com.tw/iot/article.asp?cat=158&id=0000579084_RII13AWO7UKS1S5VMF9S0,6Eg0Z3ABHjv_5zI2VpWi,NOT_RUMOR,2020-02-21 10:04:08.224000+00:00,NOT_RUMOR,24.303751944444443,https://www.digitimes.com.tw/iot/article.asp?cat=158&id=0000579084_RII13AWO7UKS1S5VMF9S0,0,0,0,other,2020
