id,articleId,article_createdAt,articleType,text,replyId,replyType,reply_createdAt,reply_type,latency_hours,text_preview,scam_hits,pol_hits,health_hits,rule_topic,year,stratum,cohort,sample_mode
1,3qxamn7tv2oc7,2025-07-09 04:26:17.415000+00:00,TEXT,"👹👹您好！
我是高嘉煒有限公司。
感謝您加入好友(moon wink)

請問你是來了解免費輔助金的嗎？",A8DnBZoBWwAUNc5bqZdd,RUMOR,2025-10-21 08:34:19.612000+00:00,RUMOR,2500.133943611111,"👹👹您好！
我是高嘉煒有限公司。
感謝您加入好友(moon wink)

請問你是來了解免費輔助金的嗎？",1,0,0,scam,2025,2025|scam,recent,recent
2,10kzoozkq55bi,2025-11-09 13:07:39.340000+00:00,TEXT,"新聞爆出超商毒雞蛋

1、四日鮮蛋/10粒裝（溯源碼I47045-251103C）

2、巨的卵（白殼雞蛋）/10粒裝（I47045-251103C）

3、大巨蛋（白殼雞蛋）/10粒裝（溯源碼I47045-251023C、I47045-251027C、I47045-251030C、I47045-251103C）

4、悠活鮮蛋（白殼雞蛋）/10粒裝（溯源碼I47045-251023C）

5、富翁洗選蛋（白殼雞蛋）/10粒裝（溯源碼I47045-251023C、I47045-251030C）

6、初卵頭窩蛋（白殼雞蛋）/10粒裝（溯源碼I47045-251023C）

7、四季巨蛋（白殼）/10粒裝（溯源碼I47045-251023C）

8、香草園洗選蛋/10顆（溯源碼I47045-251027C、I47045-251103C）

9、鮮健蛋品洗選蛋（白殼雞蛋）/10粒裝（溯源碼I47045-251027C、I47045-251030C、I47045-251103C）

食藥署請消費者停止使用上述雞蛋，請通路商全面提供退貨回收服務，並將持續與地方政府衛生局執行市售雞蛋農藥殘留之抽驗，確保食品安全，讓消費者可以安心選購",mrUxa5oBiuCfV4cp9mJw,NOT_RUMOR,2025-11-10 00:37:07.823000+00:00,NOT_RUMOR,11.49124527777778,"新聞爆出超商毒雞蛋

1、四日鮮蛋/10粒裝（溯源碼I47045-251103C）

2、巨的卵（白殼雞蛋）/10粒裝（I47045-251103C）

3、大巨蛋（白殼雞蛋）/10粒裝（溯源碼I47045-251023C、I47045-251027C、I47045-251030C、I47045-251103C）

4、悠活鮮蛋（白殼雞蛋）/10粒裝（溯源碼I47045-251023C）

5、富",0,0,0,other,2025,2025|other,recent,recent
3,3txdbxgpvm59r,2026-01-13 21:55:04.359000+00:00,TEXT,https://youtu.be/PuhogL5i8xQ?si=29qgwC8tR7UwxvHo,yrBgPJwBRkUkW3J-dyit,RUMOR,2026-02-08 08:31:21.001000+00:00,RUMOR,610.6046227777778,https://youtu.be/PuhogL5i8xQ?si=29qgwC8tR7UwxvHo,0,0,0,other,2026,2026|other,recent,recent
4,lt1lmg8zm12k,2025-05-29 05:14:03.392000+00:00,TEXT,https://youtu.be/LRlI_ui0BPg?si=zoXrpBdem4hocenV,v12vO5cBfs35m9MiqXCK,RUMOR,2025-06-04 16:04:17.417000+00:00,RUMOR,154.83722916666667,https://youtu.be/LRlI_ui0BPg?si=zoXrpBdem4hocenV,0,0,0,other,2025,2025|other,recent,recent
5,38r6dikharuo,2026-03-22 14:24:32.080000+00:00,TEXT,每天抽3個小時幫忙 時薪250 周領,Lkg2GJ0BB0eXeo82yDOK,RUMOR,2026-03-23 01:02:16.713000+00:00,RUMOR,10.629064722222225,每天抽3個小時幫忙 時薪250 周領,0,0,0,other,2026,2026|other,recent,recent
6,2y5ri5y70myhf,2025-12-07 04:36:12.966000+00:00,TEXT,"黑咖啡+它，腎臟毒素排光光！腎臟科醫師公開「救命黑咖啡」喝法，抗發炎、通血管、狂降壞膽固醇！#洗腎 #糖尿病 #高血壓 #黑咖啡
https://www.youtube.com/watch?v=wlvh5FtLxmo",7f7F95oBNXI5ecaqlrex,RUMOR,2025-12-07 07:45:12.874000+00:00,RUMOR,3.149974444444444,"黑咖啡+它，腎臟毒素排光光！腎臟科醫師公開「救命黑咖啡」喝法，抗發炎、通血管、狂降壞膽固醇！#洗腎 #糖尿病 #高血壓 #黑咖啡
https://www.youtube.com/watch?v=wlvh5FtLxmo",0,0,1,health,2025,2025|health,recent,recent
7,2u1vr68zr9rst,2025-11-11 09:48:27.843000+00:00,TEXT,好的 你運氣真的很好哦  竟然被你抽中了 別人抽了很多次都沒抽到,5rXacpoBiuCfV4cpynDz,RUMOR,2025-11-11 12:18:52.787000+00:00,RUMOR,2.5069288888888885,好的 你運氣真的很好哦  竟然被你抽中了 別人抽了很多次都沒抽到,0,0,0,other,2025,2025|other,recent,recent
8,s2few4bepvsg,2026-03-17 14:51:49.287000+00:00,TEXT,"LINE真的要開始收費了！官方證實：會員制很快就來、每月收165元
https://www.nownews.com/news/6796823",Z0iiDp0BB0eXeo82wCVl,OPINIONATED,2026-03-21 04:24:00.356000+00:00,OPINIONATED,85.53640805555555,"LINE真的要開始收費了！官方證實：會員制很快就來、每月收165元
https://www.nownews.com/news/6796823",0,0,0,other,2026,2026|other,recent,recent
9,2xgmq4t9sctbk,2026-04-03 10:39:08.713000+00:00,TEXT,⚠️2026年各國開始實施.超過70歲，長者必需索取「適航申請書」請醫師評估簽章。沒有證明. 機票將會作廢！,DMzuU50BZgZZYBoaiQQt,RUMOR,2026-04-03 15:20:34.860000+00:00,RUMOR,4.690596388888889,⚠️2026年各國開始實施.超過70歲，長者必需索取「適航申請書」請醫師評估簽章。沒有證明. 機票將會作廢！,0,0,1,health,2026,2026|health,recent,recent
10,2uz95l18l9x8i,2025-09-18 04:45:40.234000+00:00,TEXT,"明天手機會響三次哦
是在預演地震海嘯手機通知訊息哦
第一次響是9點半左右
第二次響是10點左右
第三次響是結除預演好像是10點半左右哦
請各位手機響時千萬不要嚇了一跳哦",MoCnXZkB29ocKseu2Qbp,OPINIONATED,2025-09-18 16:28:25.448000+00:00,OPINIONATED,11.712559444444445,"明天手機會響三次哦
是在預演地震海嘯手機通知訊息哦
第一次響是9點半左右
第二次響是10點左右
第三次響是結除預演好像是10點半左右哦
請各位手機響時千萬不要嚇了一跳哦",0,0,0,other,2025,2025|other,recent,recent
11,3slaa64dpf0jp,2025-07-19 23:30:50.778000+00:00,TEXT,https://tw.news.yahoo.com/%E8%94%A3%E6%89%B9%E8%AC%8A%E8%A8%80-%E7%9B%A7%E4%BF%83%E6%9F%A5%E9%8C%A2%E5%88%B0%E5%93%AA%E8%A3%A1%E5%8E%BB%E4%BA%86-201000687.html,JujHMpgBDktNo1Yhr-Em,OPINIONATED,2025-07-22 15:36:44.069000+00:00,OPINIONATED,64.09813638888889,https://tw.news.yahoo.com/%E8%94%A3%E6%89%B9%E8%AC%8A%E8%A8%80-%E7%9B%A7%E4%BF%83%E6%9F%A5%E9%8C%A2%E5%88%B0%E5%93%AA%E8%A3%A1%E5%8E%BB%E4%BA%86-201000687.html,0,0,0,other,2025,2025|other,recent,recent
12,3ngtbc1g24wgv,2025-11-14 23:07:07.560000+00:00,TEXT,"用左手刷牙，活化你的大腦：一個完全免費、科學證實有效的腦力訓練法

在忙碌的生活中，我們總覺得大腦愈用愈鈍：記憶下降、反應變慢、注意力不集中……甚至還會擔心自己是不是走向失智。其實，大腦老化並非無法阻止；有一種完全不用花錢、隨時都能練習的方法，可以有效活化大腦，那就是——用非慣用手刷牙。

聽起來不可思議，但這背後有確實的神經科學根據。本篇文章將帶你了解這個看似簡單的動作，如何讓你的大腦變得更靈活、更年輕。

●為什麼要用左手刷牙？因為你的大腦太「省電」了

每天早上，我們習慣用慣用手刷牙，甚至可以一邊刷牙一邊放空、想著早餐要吃什麼。這是因為大腦處於「自動駕駛模式」，不需要花什麼力氣。

但是——
當你換成另一隻手時，大腦就會瞬間被迫醒來！

第一次用左手刷牙，可能會手忙腳亂：牙刷拿不穩、角度怪怪的、常戳到嘴巴。但正是這種「笨拙感」讓大腦開始全力運作，因為它必須打開原本休眠的神經通路。

這就是神經可塑性（Neuroplasticity）。

●神經可塑性：越用越強，越懶越弱

過去大家認為大腦在青春期後就定型，但現代神經科學已證實：

> 大腦一輩子都能長出新的神經連結，只要你願意給它挑戰。


用非慣用手刷牙，就是一種小而有效的挑戰。當你感受到不順手、不自然、大腦要「重新學習」的狀態時，神經細胞開始被迫連線，讓你的大腦變得更敏捷。

更重要的是，這種學習過程會促使大腦分泌 BDNF（腦源性神經營養因子） ——可視為大腦的「生長激素」：

促進腦細胞生長

加強神經連結

保護大腦避免退化

這就像去健身房練肌肉，只是練的是你的大腦。

●科學研究證實：笨拙中的大腦正在變強

研究顯示：
一群右撇子受試者在六週內每天使用左手夾筷子，結果令人驚訝：

1. 左手夾東西速度大幅提升


2. 動作變得更平順、有效率


3. 腦部負責運動學習的區域活躍度增加


4. 新技能開始「自動化」

這與我們學開車的過程一樣，從緊張到自然，背後都是大腦在重新寫入程式碼。

●78歲老翁的實驗：只練10分鐘，反應竟提升110%

凡德堡大學的實驗中，一位 78 歲的長者在測試反應速度時需要 6 秒。
研究者讓他用非慣用手寫字 10 分鐘，結果：

➡️ 反應速度變成 2.8 秒
➡️ 提升 110%

而且——年紀越大，進步幅度越驚人！

這證明：

> 不管幾歲，大腦都能訓練，而且永遠不嫌晚。


●免費、有效、隨時可做——這比任何保健品都強

市面上的保健品可能要幾千甚至上萬，但使用另一隻手刷牙：

完全免費

隨時可做

科學證實有效

不用買設備、不用去健身房

這就是最划算的大腦抗衰老方法。

●更多讓大腦更年輕的方法：科學建議清單

除了用左手刷牙，你也可以加入更多「換手清單」：

換手開門、關門

換手拿杯子喝水

換手滑手機

換手翻書

換手使用筷子

重點不是動作多漂亮，而是那種「扭扭捏捏」的笨拙感，代表你的大腦正在努力建立新連結。

●吃進大腦喜歡的食物

科學研究指出，以下食物能促進腦部健康：

深海魚（含 Omega-3 / DHA）

藍莓、草莓等莓果類（抗氧化）

綠茶（兒茶素）

核桃等堅果

深色蔬菜

薑黃（抗發炎、保護神經）

●保持大腦活躍的生活方式

除了飲食，以下行為也能活化你的大腦：

1. 改變慣性路線

上班或上學換一條路走，逛超市走不同路線，
這些新體驗能刺激空間記憶與腦部活動。

2. 保證高品質睡眠

睡眠是大腦重置、修復、清除廢物的時間。
睡不好，老化速度加倍。

3. 主動挑戰讓你笨拙的任務

當你覺得不舒服、不順、不熟悉時，你的大腦正在變聰明。

●結語：每一次笨拙，都是大腦變強的證據

大腦不是用越少越保養，而是——
越用越年輕、越挑戰越聰明。

所以，從明天開始試試看吧：

👉 換一隻手刷牙
👉 讓你的大腦重新啟動

你會發現：
不需要昂貴補品，不需要複雜訓練，只要一個小小的習慣，就能讓大腦變得更靈活、更年輕。",q-xqjpwBFWYyqTEoojPQ,OPINIONATED,2026-02-24 06:51:19.120000+00:00,OPINIONATED,2431.7365444444445,"用左手刷牙，活化你的大腦：一個完全免費、科學證實有效的腦力訓練法

在忙碌的生活中，我們總覺得大腦愈用愈鈍：記憶下降、反應變慢、注意力不集中……甚至還會擔心自己是不是走向失智。其實，大腦老化並非無法阻止；有一種完全不用花錢、隨時都能練習的方法，可以有效活化大腦，那就是——用非慣用手刷牙。

聽起來不可思議，但這背後有確實的神經科學根據。本篇文章將帶你了解這個看似簡單的動作，如何讓你的大腦變得更靈活",1,0,0,scam,2025,2025|scam,recent,recent
13,1suzntunbqrwi,2026-01-23 10:00:47.216000+00:00,TEXT,"1997年，蔣緯國病逝。100歲的宋美齡接到訊息立刻登機趕回台灣，到醫院馬上查賬單：養他81年，卻欠了一身債！

1997年9月，紐約長島的天氣已經轉涼。宋美齡接到電話時，窗外正下著小雨。蔣緯國走了，81歲。

宋美齡她那年正好100歲，腿腳不太靈便，但當天下午就吩咐訂機票。「回台灣。」

飛行途中，她幾乎沒怎麼吃餐食。空乘人員遞來的毯子，她擺擺手。有人想扶她去休息，她也拒絕了。

十幾個小時的航程，她就那麼坐著，望著艙外雲層發呆。隨行的醫護人員後來私下說，老太太血壓不太穩，但一路上沒聽見她喊過一句不舒服。

到臺北時已是深夜。她沒有回士林官邸，直接讓司機開去榮總醫院。

醫院裡還留著蔣緯國最後那間病房。護士長拿來一摞單據，輕聲說：「夫人，這些是二先生住院期間的賬冊。」

宋美齡戴上老花鏡，一張一張翻過去。她看得很慢，偶爾在某一行數字上停留許久。

沒人知道她當時具體說了什麼。在場的一位工作人員只聽到她低聲嘟囔了一句：「怎麼欠了這麼多。」

蔣緯國最後幾年，身體一直不好，糖尿病、腎臟問題輪番折騰。榮總的醫療裝置好，但費用也實在。

蔣家到了那一代，早已不是當年光景。蔣經國1988年去世後，蔣家子弟的日子就過得緊巴。

蔣緯國那點退休俸，應付日常開銷已是不易，一場大病下來，窟窿就更大了。

宋美齡把單據理整齊，放進隨身的手袋。她沒在醫院多待，臨走前囑咐：「把這些賬目都整理清楚，該付的付掉。」

第二天是遺體告別儀式。宋美齡在靈堂待了整整一上午。有人上前問候，她就點頭致意。沒人上前時，她就靜靜地望著靈柩。

攝影師後來拍下的照片裡，老太太穿著深色旗袍，頭髮梳得一絲不苟，臉上看不出太多情緒。

中午時分，她讓人推她到靈堂後面的小房間。蔣緯國的遺孀邱愛倫正在那裡休息。兩人說了會兒話，聲音很輕。

邱愛倫後來跟朋友提起，老太太那天問得很細：官司打完了嗎？房子的事情處理得怎麼樣？

邱愛倫一一回答。宋美齡聽完後，拍了拍她的手背：「有困難就說。」

葬禮定在9月29日。她讓人把她推到最前排，全程沒有落過淚。工作人員想推她離開，她搖搖頭：「再等會兒。」

那二十分鍾裡，誰也不知道她在想什麼。也許是想起了1937年在蘇州第一次見到蔣緯國的情景，那個二十出頭的小夥子，穿著軍裝，立正敬禮的樣子。

也許是想起了重慶時期，兩家人一起吃飯，緯國愛吃她做的糖醋魚。又也許什麼都沒想，只是在消化一個事實：蔣家這一代，又走了一個。

回美國前，她把蔣家幾個晚輩叫到一起。沒有長篇大論，就幾句家常：「你們二叔的事，處理得差不多了。以後各家顧各家，但要互相照應。」

她頓了頓，又說：「賬我都看過了，能清的會清掉。」

有人說老太太霸氣，有人說她偏心，還有人說這是蔣家最後的體面。其實當時在場的人都記得，她說這話時，語氣很平，就像在交代晚飯吃什麼。

飛機起飛後，臺北的朋友收到她託人帶來的口信：「那筆醫藥費，從我個人戶頭劃。」

訊息傳到榮總，財務處的人愣了一下。他們算了算，那筆錢夠付清蔣緯國所有的醫療欠賬，還能餘下一些。至于具體數目，沒人對外透露過。

蔣緯國的房子後來賣了，剛好夠還他其他的債務。蔣家在台灣的產業，到那一年已經所剩無幾。

她每天的生活照舊：看報、畫畫、偶爾接待訪客。有人從台灣來，她會問問老朋友的近況，但不再過問蔣家的家事。

2003年她去世時，遺囑執行人在清點賬目時發現，1997年那筆醫藥費，她早就安排好了。單據都還留著，上面用鉛筆寫著小小的字：「緯國醫藥。」

那年她100歲，飛了十幾個小時回台灣，在病房裡翻了一疊賬單。工作人員記得她當時的手有些抖，但翻得很仔細。每一頁都看了，沒落下任何一行小字。

後來台灣的報紙報道說，宋美齡在醫院「大怒」，「斥責」醫院收費太高。但那天在病房裡的人知道，她就那麼靜靜地翻完單據，然後問了一句：「能分期付嗎？」

財務處的人趕緊說可以。她點點頭，合上賬冊：「那就好。」

蔣家在台灣的故事，到1997年秋天，基本就翻到了最後一頁。宋美齡那一趟回來，像是給這一頁蓋了個章。",Wpa--JsB9EfTQQdNeAcX,NOT_ARTICLE,2026-01-26 05:19:50.804000+00:00,NOT_ARTICLE,67.31766333333333,"1997年，蔣緯國病逝。100歲的宋美齡接到訊息立刻登機趕回台灣，到醫院馬上查賬單：養他81年，卻欠了一身債！

1997年9月，紐約長島的天氣已經轉涼。宋美齡接到電話時，窗外正下著小雨。蔣緯國走了，81歲。

宋美齡她那年正好100歲，腿腳不太靈便，但當天下午就吩咐訂機票。「回台灣。」

飛行途中，她幾乎沒怎麼吃餐食。空乘人員遞來的毯子，她擺擺手。有人想扶她去休息，她也拒絕了。

十幾個小時的航",0,0,1,health,2026,2026|health,recent,recent
14,a217hypvkx25,2025-11-11 13:51:34.670000+00:00,TEXT,"蕭美琴副總統結束了歐洲的訪問，是第一次有台灣現任的副總統登上歐洲議會發表演說。

我現在人也在德國，出席「柏林自由會議」、參訪德國國會，希望透過一系列的交流，繼續深化台灣與德國的合作。

我想請你觀看這支影片，然後幫我把影片分享出去，一起為台灣的外交努力，讓更多人看見台灣，好嗎？",RbVJfZoBiuCfV4cpPIOU,NOT_RUMOR,2025-11-13 12:55:42.995000+00:00,NOT_RUMOR,47.06897916666667,"蕭美琴副總統結束了歐洲的訪問，是第一次有台灣現任的副總統登上歐洲議會發表演說。

我現在人也在德國，出席「柏林自由會議」、參訪德國國會，希望透過一系列的交流，繼續深化台灣與德國的合作。

我想請你觀看這支影片，然後幫我把影片分享出去，一起為台灣的外交努力，讓更多人看見台灣，好嗎？",0,1,0,political,2025,2025|political,recent,recent
15,1bi8f9lpas39v,2025-12-04 01:16:04.485000+00:00,TEXT,https://youtu.be/iMLKITT-2Ts?si=-kwiR4O8sEqJsiSd,nQreiZsBQdElExrCtP7S,RUMOR,2026-01-04 16:37:12.529000+00:00,RUMOR,759.3522344444445,https://youtu.be/iMLKITT-2Ts?si=-kwiR4O8sEqJsiSd,0,0,0,other,2025,2025|other,recent,recent
16,3nsyqksqjv143,2025-11-06 01:22:03.137000+00:00,TEXT,https://tw.stock.yahoo.com/news/%E6%90%B6%E7%95%B6%E9%A0%AD%E9%A6%99%EF%BC%81%E6%99%AE%E7%99%BC%E4%B8%80%E8%90%AC%E9%A6%96%E6%97%A5%E6%B9%A7123%E8%90%AC%E4%BA%BA%E7%99%BB%E8%A8%98-6%E6%97%A5%E9%96%8B%E6%94%BE%E8%BA%AB%E5%88%86%E8%AD%89%E5%B0%BE%E6%95%B82%E3%80%813-160143549.html,17WlZpoBiuCfV4cpjltT,NOT_RUMOR,2025-11-09 03:25:17.256000+00:00,NOT_RUMOR,74.05392194444444,https://tw.stock.yahoo.com/news/%E6%90%B6%E7%95%B6%E9%A0%AD%E9%A6%99%EF%BC%81%E6%99%AE%E7%99%BC%E4%B8%80%E8%90%AC%E9%A6%96%E6%97%A5%E6%B9%A7123%E8%90%AC%E4%BA%BA%E7%99%BB%E8%A8%98-6%E6%97%A5%E9%96%8B%,0,0,0,other,2025,2025|other,recent,recent
17,uvlvl420nufu,2025-04-20 04:27:06.891000+00:00,TEXT,"看了妳的主頁～感覺妳是一個熱愛分享的人～想推薦一個適合妳的活動✨只要上傳全台美食、旅遊景點、生活用品、飯店住宿評論就能賺獎金💰加入還能獲得$500 數位禮券
有興趣我們可以聊聊唷～
🌟 不用在社群媒體上分享、月收入一萬
🌟 每天花費3 分鐘、完全不影響妳的本業！",xBTsUZYBW80L-hejMJ8o,RUMOR,2025-04-20 06:39:15.495000+00:00,RUMOR,2.2023900000000003,"看了妳的主頁～感覺妳是一個熱愛分享的人～想推薦一個適合妳的活動✨只要上傳全台美食、旅遊景點、生活用品、飯店住宿評論就能賺獎金💰加入還能獲得$500 數位禮券
有興趣我們可以聊聊唷～
🌟 不用在社群媒體上分享、月收入一萬
🌟 每天花費3 分鐘、完全不影響妳的本業！",0,0,0,other,2025,2025|other,recent,recent
18,1q7r7bj44xb86,2025-06-29 05:04:37.601000+00:00,TEXT,"黃仁勳、林偉誠 對“如何複製台積電”的回答 （2025-06-23 ）

2025年6月在柏林舉辦全球半導體業一年一度的「歐洲未來晶片論壇」。全球科技大廠都齊聚於此。包括美國的英特爾高通，韓國的三星。SK海力士，歐洲的艾斯摩爾英飛凌，台灣的台積電及來自中國的華為等。

故事就要從論壇第二天下午的一場座談會說起。座談會的主題是下一代製成的挑戰與機遇。主持人是來自比利時微電子研究中心的資深專家，與談人則包括台積電三星英特爾的幾位技術處長。台下座無虛席。
代表台積電發言的是一位名叫林偉成的資深研發處長。他的發言從兩奈米技術的突破，談到到未來艾米時代的材料革新，展現了台積電無可撼動的技術領導地位。在提問環節，前幾個問題都相當專業。圍繞著極紫外光曝光技術的瓶頸能源消耗等議題。麥克風傳到了一位男士他說道我是華為半導體戰略部的王海東。我有一個問題想請教台積電的林處長。他問道貴公司的成功舉世矚目。我想知道如果我們想在中國複製一個台積電，我們最需要具備的核心要素是什麼？請給我們一個直接的建議。
「複製」這個詞像一顆投入平靜湖面的炸彈瞬間激起千層浪。這是一個極其露骨的問題。他剝去了所有商業禮儀，將中國在半導體領域最深層的焦慮與野心。赤裸裸地攤在陽光下。這不是請教，這是挑戰。這不是學習，這是想偷學的宣言。人們看著台上的林偉成。如何應對這個燙手山芋。說技術等於是洩露機密，說人才等於是空話，說資金更是對方最不缺的東西。任何一個回答都可能被斷章取義，引發後續效應。
林偉誠知道他不能回答任何關於技術細節的內容。他需要一個既能捍衛公司尊嚴，又能直指問題核心，同時還能體現台灣價值觀的答案。
他說謝謝王總監的問題，要回答這個問題。我可能需要先跟您分享一個我們台積電內部的小故事在台積電我們最先進的晶圓廠裡有數千台全世界最頂尖的設備，它們來自美國歐洲日本。這些設備是我們的硬體。但要讓這些硬體完美的協同運作，我們需要一套更複雜的東西，我們稱之為軟體。王總監，如果貴公司想複製台積電的硬體，我相信以中國的決心和資源，假以時日，或許有可能做到。但是要複製台積電真正的核心那套軟體，恐怕就非常困難了。因為我們的這套軟體，它的核心源碼叫做信任。「信任」這個詞一出，台下響起了一陣輕微的騷動。我們的客戶從蘋果到輝達，從超微到高通，他們把最核心最機密的產品設計圖交給我們。為什麼？因為他們信任台積電，相信我們絕對不會竊取，不會洩露，不會複製他們的智慧財產。這種信任是我們花了三十多年用無數個誠信正直的案例累積起來的。我們的供應商從艾斯摩爾到應用材料，他們把最尖端的機台賣給我們。為什麼？因為他們信任台積電，相信我們會遵守所有的國際規範與智慧財產權協議。這種信任讓我們能站在全球最頂尖的技術領域上。我們的數萬名優秀的工程師，他們願意在台積電奉獻他們的青春與才智。為什麼？因為他們信任公司，相信只要努力就會有回報。相信公司的成功也會是他們個人的成功。林偉成的每一個字都擊中了問題的核心。他巧妙地避開了技術的陷阱，將問題提升到了企業文化商業倫理。乃至價值觀的層面。所以王總監給您的直接建議是想要複製台積電的硬體。請先試著複製我們的軟體。而這套軟體最關鍵的源碼是信任，很抱歉它並不是「開源」的（open source software)。
話音剛落，全場先是一片寂靜，隨即爆發出如雷掌聲。「不是開源的」這句結合了科技業行話的雙關語像一個引爆器。這句回復既風趣又尖銳，既有禮貌又充滿力量。他不僅完美的回擊了對方想偷學的意圖，更在一個國際舞台上宣告了台灣企業所代表的核心價值。全場爆笑這個詞，大家一邊鼓掌，一邊向台上的林偉陳竪起了大拇指。這是對林偉成機智的贊賞，華為總監王海東頗為尷尬，他大概從未想過自己精心設計的問題。會換來這樣一個讓他下不了台的回復。而林偉誠用最機智溫和的語氣打了一場漂亮的仗。

事件發生的第二天，正是黃仁勳發表閉幕演講的日子。前一天座談會上的那段交鋒，早已透過社群媒體和與會者的口耳相傳傳遍了整個論壇。大家都好奇，黃仁勳會不會對此發表評論？當黃仁勳走上主舞台。他的演講主題是人工智慧，下一個工業革命的引擎。內容圍繞著回答最新的晶片架構軟體平台的生態系以及人工智慧如何賦能千行百業。演講的內容無疑是震撼的。他所描繪的那個由智慧科技驅動的未來，讓每個人都心潮澎湃。
但在演講的最後，他卻脫稿了。他走到了舞台邊緣，在結束之前，我想分享一些關於合作夥伴的想法。他說道，我們設計了世界上最複雜的晶片，但我們不製造晶片。我們需要一個能夠將我們的夢想變為現實的夥伴。昨天我在這個論壇上聽到一個很有趣的問題和一個更精彩的回答。有人問，如何複製台積電？他此話一出台下立刻響起了一陣笑聲和掌聲。所有人都知道他指的是什麼。這是一個好問題，因為他點出了一個許多人正在思考。卻又常常想錯方向的議題。人們看到台積電的先進製程，巨大的產能和驚人的營收，以為成功是可以靠資金，靠政策。靠買設備堆砌起來的，但他們錯了。我認識張忠謀先生很多年了。我瞭解台積電這家公司。我想告訴大家，台積電之所以是台積電，有三個東西是你很難複製的。第一是他們的產業生態圈。台積電不是一個孤立的公司，它的周圍環繞著數千家最頂尖的材料供應商。設備製造商，電子設計自動化工具開發商，以及像輝達這樣的晶片設計公司。這個生態圈花了超過三十年的時間在一個充滿信任、尊重智慧財產權的環境下，才有機會生長出來。它像一片熱帶雨林物種豐富，共生共榮。你不可能在一個沙漠里用錢澆灌就指望能憑空複製出一片雨林。第二是他們的企業文化。我指的是一種極致的工程師文化。那是一種對技術永不滿足的追求，是一種對客戶承諾使命必達的紀律，是一種數萬名員工凝聚在一起。為了共同目標奮鬥的凝聚力。這種文化深入到每一個人的基因里。你或許可以蓋一座一模一樣的晶圓廠但你無法複製出那裡面的人心。最後也是最重要的第三點，是他們的地理與價值。台灣處在一個非常特殊的地理位置，這讓他產生了一種獨特的韌性。更重要的是台灣所信奉的價值民主自由法治對合約精神的尊重。這些價值不是寫在牆上的標語，而是融入到企業經營中的每一個環節。這就是為什麼全世界的客戶都信任他們。因為你知道你的心血結晶在這裡是安全的。
最後我的結論是有些東西是學不來的。與其想著如何去複製別人，不如先想一想如何建立一個能讓信任和創新得以生長的環境。因為真正的領導者從不複製。他們創造。

在中國官方媒體對此事噤聲。但在微博等社一些民族主義激烈的網民痛罵華為高層丟人現眼，另炮火對準台積電與黃仁勳，怒罵他們勾結西方，數典忘祖。但也有理性的聲音點出了中國就是急功近利，總想彎道超車，忽視了最基礎的誠信建設。

這一頁告訴世界，台灣的價值不僅僅在於那小小的晶片，更在於制度文化與人民。這是一道無形的護城河，真正的核心競爭力從來都無法被複製，正如黃仁勳所說，真正的領導者，從不複製，他們創造。",0V4awpcBfs35m9Mit1jZ,RUMOR,2025-06-30 18:30:20.374000+00:00,RUMOR,37.42854805555555,"黃仁勳、林偉誠 對“如何複製台積電”的回答 （2025-06-23 ）

2025年6月在柏林舉辦全球半導體業一年一度的「歐洲未來晶片論壇」。全球科技大廠都齊聚於此。包括美國的英特爾高通，韓國的三星。SK海力士，歐洲的艾斯摩爾英飛凌，台灣的台積電及來自中國的華為等。

故事就要從論壇第二天下午的一場座談會說起。座談會的主題是下一代製成的挑戰與機遇。主持人是來自比利時微電子研究中心的資深專家，與談人",0,1,0,political,2025,2025|political,recent,recent
19,35in25hjuq04h,2025-11-08 05:00:59.951000+00:00,TEXT,您的礼品今天或明天到商超，请您及时签收哦，签收记得给我们拍个影像，我们要落实到每个支持主播的粉丝领到福利。苹果手机是贵重物品，请及时到商超签收，不然时间一到我们就自动退回。已有部分人領取,Duw6jpwBFWYyqTEoDjOv,RUMOR,2026-02-24 05:58:15.471000+00:00,RUMOR,2592.954311111111,您的礼品今天或明天到商超，请您及时签收哦，签收记得给我们拍个影像，我们要落实到每个支持主播的粉丝领到福利。苹果手机是贵重物品，请及时到商超签收，不然时间一到我们就自动退回。已有部分人領取,1,0,0,scam,2025,2025|scam,recent,recent
20,2jfxv5nx2e2pf,2025-09-17 12:06:46.893000+00:00,TEXT,"紅蘿蔔輸了！專家激推維生素A蔬菜王 護眼又強免疫
https://www.chinatimes.com/realtimenews/20250917002087-260418",EoC7WpkB29ocKseurgAN,NOT_RUMOR,2025-09-18 02:51:13.292000+00:00,NOT_RUMOR,14.740666388888888,"紅蘿蔔輸了！專家激推維生素A蔬菜王 護眼又強免疫
https://www.chinatimes.com/realtimenews/20250917002087-260418",0,0,0,other,2025,2025|other,recent,recent
21,169z6yale47rr,2025-12-28 15:00:27.944000+00:00,TEXT,"🌙 睡覺時發生地震，這樣做最安全

今(27)日23:05宜蘭縣政府東方32.3公里(臺灣東部海域)發生芮氏規模7.0地震

🛏 第一時間先保護自己
地震搖晃時，不要急著下床或衝出房間，先留在床上，用棉被、枕頭保護頭部與頸部，避免被掉落物砸傷。

📍 遠離危險物品
如果床邊有窗戶、鏡子、櫃子或重物，盡量翻身避開，降低玻璃破裂或物品倒塌的風險。

👟 鞋子、手電筒放床邊
平時就準備好鞋子、手電筒，停電或需要移動時才能安全行動。

⏳ 等搖晃停止再行動
確認主要搖晃結束後，再下床檢查環境，注意是否有瓦斯外洩、電線掉落等狀況。

🚪 保持冷靜，避免餘震受傷
開門確認逃生路線是否暢通，必要時依指示疏散，並隨時留意後續餘震。

📌 提醒大家
防災不是臨時抱佛腳，而是平時就要準備好。今晚，不妨趁現在檢查一下：
✔ 家裡有沒有緊急避難包
✔ 家中家具是否固定
✔ 家人是否知道地震時該怎麼做

一起做好準備，才能在關鍵時刻保護自己與家人。",hfirZZsBVJ6ThV4C8KTc,NOT_RUMOR,2025-12-28 15:55:25.782000+00:00,NOT_RUMOR,0.9160661111111112,"🌙 睡覺時發生地震，這樣做最安全

今(27)日23:05宜蘭縣政府東方32.3公里(臺灣東部海域)發生芮氏規模7.0地震

🛏 第一時間先保護自己
地震搖晃時，不要急著下床或衝出房間，先留在床上，用棉被、枕頭保護頭部與頸部，避免被掉落物砸傷。

📍 遠離危險物品
如果床邊有窗戶、鏡子、櫃子或重物，盡量翻身避開，降低玻璃破裂或物品倒塌的風險。

👟 鞋子、手電筒放床邊
平時就準備好鞋子、手電筒，停",0,0,0,other,2025,2025|other,recent,recent
22,x4r6v0gb5koo,2025-09-06 05:47:51.416000+00:00,TEXT,"曾經在賴政府公廣集團把持的TaiwanPlus工作過的英國籍記者Ed Moon，他近期在網路撰寫一篇文章叫「(My) Great Taiwan Recall」，內容抨擊賴政府跟民進黨發起大罷免的荒謬、政治干預媒體等等內容。

內容重點：
Ed Moon表示自己在TaiwanPlus工作四年，離開前在台灣有穩定生活（家庭、房子、工作、車子、存款），但飛機起飛時，他感受到的不是遺憾，而是鬆一口氣。

【工作經歷與轉折】
1.在台灣公營英語媒體 TaiwanPlus 工作 4 年。
2.離開起因：新聞部移除稱川普為「已定罪重犯」的報導 → 政治干預難以忽視。
3.從此開始計劃離開，因為台灣理性討論的氛圍正逐漸變質。

【大罷免事件】
1.2025 年 7–8 月，對幾乎所有在野黨立委發起罷免投票，理由是「中共代理人」→ 全數失敗。
2.民進黨缺乏國會多數，卻沒有嘗試組聯合內閣，而是推「大罷免」運動。
3.罷免運動被包裝成「公民團體」行動，但實質與 民進黨 關聯緊密。
4.認為在美國可能沒這麼輕易接受「所謂跟民進黨無關的公民團體」

【針對中國配偶的新敵人】
1.政府透過既有法條新解釋，開始打擊中國籍配偶。
2.缺乏正當程序，開創危險先例。
3.更嚴重的是，推動者中有人研究納脆，甚至言明「要找一群人成為猶太人」。
4.民進黨雖能切割，但公開譴責不足，模糊了是非界線。

【壓倒最後的稻草】
1.Ed 與家人成為極端分子的攻擊對象，原因是新聞內容未完全符合政府敘事。
2.身為公媒編輯，他努力平衡報導，偶爾納入不同觀點（包括中國聲音）。但這些少數不同的報導，引來無窮麻煩。
3.作為外國人，他無法承受新聞專業與家人安全間的矛盾負擔。

【對台灣的觀察】
1.台灣正走向更極端的政治動員，精英不再克制支持者的衝動。
2.他不再相信台灣走在正確方向。

而這位Ed Moon更預告下一篇要談TaiwanPlus，有可能會爆更多料。

連在台灣待過的外籍媒體從業人員，都能發現整個國家走向極端、政治干預媒體，真的是....",59GoJJkBFEkK1Zq1gQOv,RUMOR,2025-09-07 14:50:47.082000+00:00,RUMOR,33.04879611111111,"曾經在賴政府公廣集團把持的TaiwanPlus工作過的英國籍記者Ed Moon，他近期在網路撰寫一篇文章叫「(My) Great Taiwan Recall」，內容抨擊賴政府跟民進黨發起大罷免的荒謬、政治干預媒體等等內容。

內容重點：
Ed Moon表示自己在TaiwanPlus工作四年，離開前在台灣有穩定生活（家庭、房子、工作、車子、存款），但飛機起飛時，他感受到的不是遺憾，而是鬆一口氣。

",0,2,0,political,2025,2025|political,recent,recent
23,gzmefm1ev07b,2026-04-01 08:19:56.147000+00:00,TEXT,LINE遭盜用被強制登出！快檢查語音信箱和防止帳號被刪除技巧,CaBdep0BoX_cNU7jD96N,NOT_RUMOR,2026-04-11 02:26:52.428000+00:00,NOT_RUMOR,234.1156336111111,LINE遭盜用被強制登出！快檢查語音信箱和防止帳號被刪除技巧,1,0,0,scam,2026,2026|scam,recent,recent
24,zsii7vv4wmsq,2025-12-24 23:40:54.952000+00:00,TEXT,"65歲以上的長輩手機月租費$149
可以看這裡~介紹的很清楚唷！
https://www.facebook.com/share/p/1BZ27fCGbf/",DX3FVZsBoG1LWB_I7yZN,RUMOR,2025-12-25 13:49:53.868000+00:00,RUMOR,14.149698888888889,"65歲以上的長輩手機月租費$149
可以看這裡~介紹的很清楚唷！
https://www.facebook.com/share/p/1BZ27fCGbf/",0,0,0,other,2025,2025|other,recent,recent
25,3t5obzwxhendz,2025-08-28 17:16:30.155000+00:00,TEXT,"轉貼～
為生活奔波的外送員，為了保全自己的微薄工資，不惜向開單的警員下跪，看了讓人鼻酸。
台灣交通罰單太多太多，罰到的幾乎都是底層百姓，如果政府制定處罰條例的高層，能真正體恤，為何不能視百姓如子民，將過於嚴苛及民怨的罰則修改或廢除或開導，好讓我們給政府多點掌聲？",xb96-5gB6nor6FKt_S6c,RUMOR,2025-08-30 14:56:38.300000+00:00,RUMOR,45.668929166666665,"轉貼～
為生活奔波的外送員，為了保全自己的微薄工資，不惜向開單的警員下跪，看了讓人鼻酸。
台灣交通罰單太多太多，罰到的幾乎都是底層百姓，如果政府制定處罰條例的高層，能真正體恤，為何不能視百姓如子民，將過於嚴苛及民怨的罰則修改或廢除或開導，好讓我們給政府多點掌聲？",0,0,0,other,2025,2025|other,recent,recent
26,3bnbtgrc6e1nq,2025-06-18 19:40:57.956000+00:00,TEXT,https://www.letianshop.com/a1d7311f,_IB7iZkB29ocKseuiU7Y,NOT_ARTICLE,2025-09-27 04:43:18.870000+00:00,NOT_ARTICLE,2409.039142777778,https://www.letianshop.com/a1d7311f,0,0,0,other,2025,2025|other,recent,recent
27,weofkils4a2y,2026-03-17 07:11:19.925000+00:00,TEXT,"跨國盜刷團😈半小時刷爆卡😱
平時搭捷運習慣低頭滑手機、或是把皮夾放在後背包嗎？⚠️小心成為專業竊盜集團的目標！
最近出現受害者在捷運被偷走皮夾後，短短20分鐘內，8張信用卡竟然在「沙烏地阿拉伯」被瘋狂盜刷，損失高達10萬多元！
💡 防詐提醒，守住錢財：
1️⃣ 開啟「刷卡簡訊通知」
2️⃣ 開啟「簡訊 OTP 或 3D 驗證」
3️⃣ 關閉「國外實體交易」
💳 如何啟用「信用卡 3D驗證」:
通常預設開啟，若無請撥打各銀行客服申請「3D驗證」功能。",i0hZL50BB0eXeo82KFnJ,OPINIONATED,2026-03-27 12:51:05.544000+00:00,OPINIONATED,245.66267194444444,"跨國盜刷團😈半小時刷爆卡😱
平時搭捷運習慣低頭滑手機、或是把皮夾放在後背包嗎？⚠️小心成為專業竊盜集團的目標！
最近出現受害者在捷運被偷走皮夾後，短短20分鐘內，8張信用卡竟然在「沙烏地阿拉伯」被瘋狂盜刷，損失高達10萬多元！
💡 防詐提醒，守住錢財：
1️⃣ 開啟「刷卡簡訊通知」
2️⃣ 開啟「簡訊 OTP 或 3D 驗證」
3️⃣ 關閉「國外實體交易」
💳 如何啟用「信用卡 3D驗證」:
通常",3,0,0,scam,2026,2026|scam,recent,recent
28,168ruvgtwioqy,2025-04-14 04:22:58.908000+00:00,TEXT,"家有長輩記得申請！ 因應台灣人口結構改變，勞動市場對中高齡人才的需求日益增加，勞動部將於4月24日與全家便利商店合作，辦理職場體驗式徵才活動。勞動部也推出55+就業獎勵措施，只要退休中高齡及55歲以上民眾，離開職場3個月以上透過就業中心找到工作，滿3個月可領3萬元，最多可領6萬元

透過「Google 應用程式」分享
https://search.app/KHyFJYDTH9iMzaPD9",iRqC7ZoBElZarx-VSgCy,NOT_RUMOR,2025-12-05 07:55:30.353000+00:00,NOT_RUMOR,5643.542068055555,"家有長輩記得申請！ 因應台灣人口結構改變，勞動市場對中高齡人才的需求日益增加，勞動部將於4月24日與全家便利商店合作，辦理職場體驗式徵才活動。勞動部也推出55+就業獎勵措施，只要退休中高齡及55歲以上民眾，離開職場3個月以上透過就業中心找到工作，滿3個月可領3萬元，最多可領6萬元

透過「Google 應用程式」分享
https://search.app/KHyFJYDTH9iMzaPD9",0,0,0,other,2025,2025|other,recent,recent
29,2trylztumo2ae,2025-08-17 05:47:55.045000+00:00,TEXT,"國際大牌：
復/刻/手/錶/包/包/衣/服/鞋/子/
首飾/腰帶/圍巾/絲巾
等等應有盡有、只有你想不
到的沒有找不到的產品，全
網一百多萬產品、可超商取
貨、宅配送貨上門
games9898.xyz",3Kw8t5gBicoXA8iSwDIk,NOT_ARTICLE,2025-08-17 08:54:28.643000+00:00,NOT_ARTICLE,3.109332777777778,"國際大牌：
復/刻/手/錶/包/包/衣/服/鞋/子/
首飾/腰帶/圍巾/絲巾
等等應有盡有、只有你想不
到的沒有找不到的產品，全
網一百多萬產品、可超商取
貨、宅配送貨上門
games9898.xyz",0,0,0,other,2025,2025|other,recent,recent
30,3d3cakcgqqjyz,2026-02-27 01:07:11.888000+00:00,TEXT,https://youtu.be/TodrFxiV9oE?si=dO981U3qwdW5980c,T0fJ8ZwBB0eXeo823_lg,RUMOR,2026-03-15 13:57:44.924000+00:00,RUMOR,396.84251,https://youtu.be/TodrFxiV9oE?si=dO981U3qwdW5980c,0,0,0,other,2026,2026|other,recent,recent
31,1tz75vfo1m9q4,2025-09-24 13:09:02.911000+00:00,TEXT,"花蓮縣光復鄉現在需要外界的救援，＃所需物資：
1.飲用水
2.照明設備
3.保暖衣物
4.不用煮的食物
5.行軍床、床墊、睡袋
6.慢簽藥
#懇求
#以上是幫光復鄉居民發文

前往救援的朋友們注意自身安全喔
聯繫窗口：

1.馬太鞍長老教會 
  蔡智輝代表 0919-965-120
  曾培靈村長 0928-295-892
  王梓安村長 0936-573-056 

 2.糖廠管理員室後面的親子館
  曾秀琴  0955-514994

 3.光復國小
  鄭萬正代表  0935-430-674 

蔡依靜議員0929341189
部落主席  徐清德0985-202-152

青年階層  詹世豪0989-331-709
天主教會長 黃俊龍  0922-125-647",T4CWgZkB29ocKseuykIA,NOT_RUMOR,2025-09-25 15:56:07.038000+00:00,NOT_RUMOR,26.78447972222222,"花蓮縣光復鄉現在需要外界的救援，＃所需物資：
1.飲用水
2.照明設備
3.保暖衣物
4.不用煮的食物
5.行軍床、床墊、睡袋
6.慢簽藥
#懇求
#以上是幫光復鄉居民發文

前往救援的朋友們注意自身安全喔
聯繫窗口：

1.馬太鞍長老教會 
  蔡智輝代表 0919-965-120
  曾培靈村長 0928-295-892
  王梓安村長 0936-573-056 

 2.糖廠管理員室後面的親",0,0,0,other,2025,2025|other,recent,recent
32,33ij5gha5nfmy,2025-12-01 12:59:31.692000+00:00,TEXT,"「中國內地人」嫁到「中國澳門」
「入籍」要「滿11年」

「中國內地人」嫁到「中國香港」
「入籍」要「滿7年」
「入籍之前」
沒有「身份證」
不能工作
不能享受醫療
—————

「中國內地人」嫁到「中國上海市」、
嫁到「中國北京市」
要「滿10年」才能「入戶」
「入戶之前」
不能享受醫療
—————-

「中國國民黨」提案：
「中國人」嫁到「台灣」入境日，
就有「工作權」
入境「滿6個月」，就可享受「健保」
不必取消「中國國籍」、
「4年」就能「入籍」
取得「中華民國國籍」，
父母可來台依親，並享用勞健保。

——敬請廣傳⋯
我繳稅又不是要養共匪！請問台灣人民你能接受嗎，呼籲台灣人民團結站岀來反抗阻擋，",yBmU3ZoBElZarx-VOOP3,NOT_RUMOR,2025-12-02 05:41:10.004000+00:00,NOT_RUMOR,16.693975555555554,"「中國內地人」嫁到「中國澳門」
「入籍」要「滿11年」

「中國內地人」嫁到「中國香港」
「入籍」要「滿7年」
「入籍之前」
沒有「身份證」
不能工作
不能享受醫療
—————

「中國內地人」嫁到「中國上海市」、
嫁到「中國北京市」
要「滿10年」才能「入戶」
「入戶之前」
不能享受醫療
—————-

「中國國民黨」提案：
「中國人」嫁到「台灣」入境日，
就有「工作權」
入境「滿6個月」，就可",0,2,0,political,2025,2025|political,recent,recent
33,1r08e5mo59iv6,2025-12-05 01:39:34.792000+00:00,TEXT,https://liff.line.me/1454987169-1WAXAP3K/v3/article/2DV0gJN?utm_source=lineshare,nhkV7ZoBElZarx-VjP9R,OPINIONATED,2025-12-05 05:56:43.719000+00:00,OPINIONATED,4.285813055555556,https://liff.line.me/1454987169-1WAXAP3K/v3/article/2DV0gJN?utm_source=lineshare,0,0,0,other,2025,2025|other,recent,recent
34,1grut9wcxtu98,2025-07-31 02:49:51.749000+00:00,TEXT,"📢轉發中華電信訊息

因中華電信機房設備更新，造成部分行動電話用戶無法撥通電話，如有類似情況，建議將手機切至飛航模式再切回行動模式，或將手機重新開機。

若仍有問題，請用市話洽詢中華電信客服專線0800-080-123。",Lg4JY5gBngzKCCgMGIxF,NOT_RUMOR,2025-08-01 00:29:57.188000+00:00,NOT_RUMOR,21.6681775,"📢轉發中華電信訊息

因中華電信機房設備更新，造成部分行動電話用戶無法撥通電話，如有類似情況，建議將手機切至飛航模式再切回行動模式，或將手機重新開機。

若仍有問題，請用市話洽詢中華電信客服專線0800-080-123。",0,0,0,other,2025,2025|other,recent,recent
35,2w2549ix540u7,2026-04-09 14:10:49.990000+00:00,TEXT,"真是不好意思，可能是我助理傳錯號碼了
這個號碼是我的助理傳給我的",L6DHgJ0BoX_cNU7jB-nn,NOT_ARTICLE,2026-04-12 08:20:20.583000+00:00,NOT_ARTICLE,66.15849805555555,"真是不好意思，可能是我助理傳錯號碼了
這個號碼是我的助理傳給我的",0,0,0,other,2026,2026|other,recent,recent
36,2rtatq6fq8lbg,2025-10-22 04:21:37.345000+00:00,TEXT,"農業部今天宣布，台中出現非洲豬瘟疑似病例，代表2018年以來實施的嚴密邊境管制措施恐已遭攻破。
非洲豬瘟與豬瘟都是由病毒引起的一種高度傳染性之惡性豬隻疫病，不同的是豬瘟是由RNA病毒的黃病毒科引起的疫病，而非洲豬瘟則是由DNA病毒的非洲豬瘟類病毒科所引起的一種疫病，目前無藥物可供治療及疫苗施打。",jsCKCpoBWwAUNc5bdZ69,OPINIONATED,2025-10-22 06:10:37.624000+00:00,OPINIONATED,1.8167441666666668,"農業部今天宣布，台中出現非洲豬瘟疑似病例，代表2018年以來實施的嚴密邊境管制措施恐已遭攻破。
非洲豬瘟與豬瘟都是由病毒引起的一種高度傳染性之惡性豬隻疫病，不同的是豬瘟是由RNA病毒的黃病毒科引起的疫病，而非洲豬瘟則是由DNA病毒的非洲豬瘟類病毒科所引起的一種疫病，目前無藥物可供治療及疫苗施打。",0,0,4,health,2025,2025|health,recent,recent
37,h5xc2c3utmc2,2025-06-06 08:46:58.497000+00:00,TEXT,小編稍早替您依照上述性質條件進行媒介，媒合到的英語相關工作皆需到現場工作，且公司地點大多位於北部地區,FF05R5cBfs35m9Mi_IVR,RUMOR,2025-06-06 21:51:11.952000+00:00,RUMOR,13.070404166666668,小編稍早替您依照上述性質條件進行媒介，媒合到的英語相關工作皆需到現場工作，且公司地點大多位於北部地區,0,0,0,other,2025,2025|other,recent,recent
38,1hqfbajhcmcdi,2026-01-14 07:47:26.996000+00:00,TEXT,"🏀 重要消息！500 元運動幣1/26起開放登記抽籤

不管你是想換雙新球鞋、看場熱血職棒，還是去健身房流汗，這 500 元千萬別錯過！

📅 重要時程快筆記
⭕️115/1/26 - 1/30：依身分證末碼分流登記✅1/26 (一)：末碼 0, 1
✅1/27 (二)：末碼 2, 3
✅1/28 (三)：末碼 4, 5
✅1/29 (四)：末碼 6, 7
✅1/30 (五)：末碼 8, 9
✅1/31 - 2/8：不限末碼，全民開放

⭕️115/1/31 - 2/8：全面開放登記，不限末碼
⭕️115/3/1：正式領用，可以用到115/12/31

🙋 誰有資格參加？
年齡限制： 民國 99 年 1 月 1 日（含）前出生，年滿 16 歲的民眾。
身分限制： 需為在中華民國設有戶籍之民眾。

💡 怎麼登記？
請至動滋網 (500.gov.tw)登記，目前尚未開放。1/26才開放喔！

💡怎麼用？
領取方式： 抽中後，請至「動滋網」領取電子錢包 QR Code，可分次使用，用到完為止。

抵用範圍：
做運動、看比賽： 皆可抵用。購買運動用品也可使用，抵用上限200 元。",5JU36JsB9EfTQQdNi-V4,NOT_RUMOR,2026-01-23 00:18:32.950000+00:00,NOT_RUMOR,208.5183205555556,"🏀 重要消息！500 元運動幣1/26起開放登記抽籤

不管你是想換雙新球鞋、看場熱血職棒，還是去健身房流汗，這 500 元千萬別錯過！

📅 重要時程快筆記
⭕️115/1/26 - 1/30：依身分證末碼分流登記✅1/26 (一)：末碼 0, 1
✅1/27 (二)：末碼 2, 3
✅1/28 (三)：末碼 4, 5
✅1/29 (四)：末碼 6, 7
✅1/30 (五)：末碼 8, 9
✅1",1,0,0,scam,2026,2026|scam,recent,recent
39,3ezdgn8zz54pl,2026-03-22 14:22:43.910000+00:00,TEXT,固定每週五申請薪資 隔週一二會收到薪水,jEhFFp0BB0eXeo824zFo,RUMOR,2026-03-22 15:59:32.199000+00:00,RUMOR,1.613413611111111,固定每週五申請薪資 隔週一二會收到薪水,2,0,0,scam,2026,2026|scam,recent,recent
40,3hwj552zlhdo9,2025-09-20 13:44:59.380000+00:00,TEXT,需要你用手機自帶遊覽器打開用邀請碼89JESZ註冊一個賬號,mbE66JkBFga8s_RatPrk,RUMOR,2025-10-15 14:16:25.571000+00:00,RUMOR,600.5239419444445,需要你用手機自帶遊覽器打開用邀請碼89JESZ註冊一個賬號,1,0,0,scam,2025,2025|scam,recent,recent
41,1xtgb38zufu2s,2026-04-01 08:05:57.303000+00:00,TEXT,https://share.google/9bTsFDkDwUoIEjbFn,FczwU50BZgZZYBoa-wQK,NOT_RUMOR,2026-04-03 15:23:15.079000+00:00,NOT_RUMOR,55.28827111111112,https://share.google/9bTsFDkDwUoIEjbFn,0,0,0,other,2026,2026|other,recent,recent
42,ceqbcez78yg9,2025-07-18 02:14:08.594000+00:00,TEXT,老人為甚麼吃東西容易嗆到，而變成肺炎？我從日本醫學文獻讀到日本老人也常因吃東西，而變成肺炎。食物怎麼跟肺部扯上關係？原來我們的喉頭有一道活動像彈片的構造，正常的情況，當吞下食物經過那彈片而進入食道，再進入你的胃。當那彈片結構老化沒彈性，就下垂朝向肺部方向，所以吃進東西就容易滑入肺部，而造成肺炎。原來控制那彈片的信息是一種P物質，當大腦有傳達P物質給那彈片，它就有彈性做正確動作，日本醫界找到這P物質 ，原來它就是「鎂」離子，日本醫界提出有這種吞嚥問題的老人多吃「豆腐」來獲得「鎂」，原來製造豆腐過程程中要丨加入鹽鹵才能把豆漿凝固成豆腐，而鹽鹵是從海水製取的，「鎂」離子就在海水中（鹽），所以大家要多吃豆腐（天天吃最好！）。,Jw4tipgBngzKCCgMA9gx,NOT_ARTICLE,2025-08-08 14:54:22.512000+00:00,NOT_ARTICLE,516.6705327777778,老人為甚麼吃東西容易嗆到，而變成肺炎？我從日本醫學文獻讀到日本老人也常因吃東西，而變成肺炎。食物怎麼跟肺部扯上關係？原來我們的喉頭有一道活動像彈片的構造，正常的情況，當吞下食物經過那彈片而進入食道，再進入你的胃。當那彈片結構老化沒彈性，就下垂朝向肺部方向，所以吃進東西就容易滑入肺部，而造成肺炎。原來控制那彈片的信息是一種P物質，當大腦有傳達P物質給那彈片，它就有彈性做正確動作，日本醫界找到這P物質,0,0,1,health,2025,2025|health,recent,recent
43,itqldeqqc8vm,2026-02-12 00:50:15.185000+00:00,TEXT,上面的影片（視頻），是真的鳥嗎？,BLB_VZwBRkUkW3J-tE9d,RUMOR,2026-02-13 05:35:58.553000+00:00,RUMOR,28.762046666666667,上面的影片（視頻），是真的鳥嗎？,0,0,0,other,2026,2026|other,recent,recent
44,kioo65jeav95,2025-08-17 10:32:39.125000+00:00,TEXT,提及各位車友大大：目前沒事別上去⋯新生高架士林段，請避開（聽說已通報）⋯,kvw5u5gBXlG-ix7r5B7-,RUMOR,2025-08-18 03:29:50.332000+00:00,RUMOR,16.953113055555555,提及各位車友大大：目前沒事別上去⋯新生高架士林段，請避開（聽說已通報）⋯,0,0,0,other,2025,2025|other,recent,recent
45,46ptbql1ytzq,2025-07-27 09:11:01.334000+00:00,TEXT,"青鳥極力反對普發1萬元，案外案是「全聯」涉嫌逃漏稅確鑿！

青鳥出勤每日可以領取2千元現金或「全聯」3千元禮券，全聯則利用此情經由「青鳥」大量重複使用禮券，而涉嫌逃漏稅，兩者互為利用！

大家都以為徐重仁表態支持民進黨「大罷免」是出於盲從無知，其實其中並不單純！

日前立法院通過普發1萬元現金，引發「青鳥」質疑某部分人未曾繳稅，憑啥也能領取1萬元？

此情被網友用購買全聯礦泉水也要繳稅的發票吐槽，之後，網友進而發現「青鳥」自爆每日積極從事罷免活動，可以日領2千元現金或全聯禮券3千元。

網友進而發現青鳥使用「全聯禮券」購物「不得取得發票」。

因此，青鳥使用禮券購物時不再有開立發票繳稅紀錄，案經舉發「全聯」重複使用禮券涉嫌逃漏稅，但全案經「全聯」與民進黨「高層」協調後同意全案不予舉發，相對條件為「全聯」必須全面支持民進黨的「大罷免」，徐重仁繼而大力支持「大罷免」。

「全聯」的禮券自109年迄今究竟重複使用多少人次已無可查核，但「使用禮券確實不必開立發票證明聯」這點就能知道青鳥確實是沒有資格領取普發現金1萬元，因為牠們使用罷團發給的全聯「商品禮券」確實沒有繳稅，但確是全聯以重複使用商品禮券而逃漏稅的確切證據及最大群逃稅幫助犯！",AukoTZgBDktNo1YhkxEz,RUMOR,2025-07-27 18:32:41.522000+00:00,RUMOR,9.361163333333334,"青鳥極力反對普發1萬元，案外案是「全聯」涉嫌逃漏稅確鑿！

青鳥出勤每日可以領取2千元現金或「全聯」3千元禮券，全聯則利用此情經由「青鳥」大量重複使用禮券，而涉嫌逃漏稅，兩者互為利用！

大家都以為徐重仁表態支持民進黨「大罷免」是出於盲從無知，其實其中並不單純！

日前立法院通過普發1萬元現金，引發「青鳥」質疑某部分人未曾繳稅，憑啥也能領取1萬元？

此情被網友用購買全聯礦泉水也要繳稅的發票吐槽，",1,2,0,political,2025,2025|political,recent,recent
46,3cbgmyxcjqxzp,2025-09-23 11:27:23.996000+00:00,TEXT,"《天雨路滑 一定不要奔跑！》

日本新聞報導，有個年輕人出站之後因為下大雨，要跑到出站口對面轉車，結果在搭上車之後、卻在車上死亡。

監視器追溯生前影像，發現在出站口前他曾經在雨中奔跑，摔倒的時候，重重摔到後腦勺。
《下雨天真的不要跑！》",9IAmd5kB29ocKseu0C_h,RUMOR,2025-09-23 15:17:36.608000+00:00,RUMOR,3.836836666666666,"《天雨路滑 一定不要奔跑！》

日本新聞報導，有個年輕人出站之後因為下大雨，要跑到出站口對面轉車，結果在搭上車之後、卻在車上死亡。

監視器追溯生前影像，發現在出站口前他曾經在雨中奔跑，摔倒的時候，重重摔到後腦勺。
《下雨天真的不要跑！》",0,0,0,other,2025,2025|other,recent,recent
47,3d0oniq77db8f,2025-11-08 05:00:59.951000+00:00,TEXT,恭喜您搶到福利名額，蘋果16promax加蘋果手錶稅費和運費一共是2888台幣貨到復現，請問您是要寄全家還是711？,E-w6jpwBFWYyqTEoSTOP,RUMOR,2026-02-24 05:58:30.542000+00:00,RUMOR,2592.9584975,恭喜您搶到福利名額，蘋果16promax加蘋果手錶稅費和運費一共是2888台幣貨到復現，請問您是要寄全家還是711？,0,0,0,other,2025,2025|other,recent,recent
48,67eexxcuwff7,2026-03-22 14:24:32.081000+00:00,TEXT,前期都會有人員協助教學  都會有完整的SOP流程,iEhFFp0BB0eXeo82izEY,RUMOR,2026-03-22 15:59:09.588000+00:00,RUMOR,1.5770852777777775,前期都會有人員協助教學  都會有完整的SOP流程,0,0,0,other,2026,2026|other,recent,recent
49,1b06zul5nyo1e,2025-12-31 23:49:19.013000+00:00,TEXT,"前兩天：正常9條、斷線6條。

現在又多斷一條…溫水煮青蛙，然後民眾只罵為何網路速度變慢🙄🙄🙄

很多人不知道，中國發明專門切割海纜的工具，甚至還為此申請專利。然後，立法院裡面藍白繼續反對國防預算增加。

這不就等於像是在跟惡鄰說：來吧，我把台灣人買防具的錢凍結了，趕快來吧。台灣人，再不清醒，韭菜就會是我們跟下一代。
https://www.facebook.com/share/p/17J8AfaeNN/?mibextid=wwXIfr",MpXj7JsB9EfTQQdNou5w,NOT_RUMOR,2026-01-23 22:04:59.885000+00:00,NOT_RUMOR,550.2613533333333,"前兩天：正常9條、斷線6條。

現在又多斷一條…溫水煮青蛙，然後民眾只罵為何網路速度變慢🙄🙄🙄

很多人不知道，中國發明專門切割海纜的工具，甚至還為此申請專利。然後，立法院裡面藍白繼續反對國防預算增加。

這不就等於像是在跟惡鄰說：來吧，我把台灣人買防具的錢凍結了，趕快來吧。台灣人，再不清醒，韭菜就會是我們跟下一代。
https://www.facebook.com/share/p/17J8Afa",0,2,0,political,2025,2025|political,recent,recent
50,mhyc03do5q9h,2025-05-07 07:11:09.365000+00:00,TEXT,"💰薪水待遇：

🏧完成一個時段薪水是100塊，薪水發放會由公司統一匯款。
認真做下來的薪水也是不無小補！

🎁公司都有三節禮品，不定時的公司福利
（抽獎活動、帶薪假等等）",mkhLFp0BB0eXeo82kTE5,RUMOR,2026-03-22 16:05:44.376000+00:00,RUMOR,7664.909725277777,"💰薪水待遇：

🏧完成一個時段薪水是100塊，薪水發放會由公司統一匯款。
認真做下來的薪水也是不無小補！

🎁公司都有三節禮品，不定時的公司福利
（抽獎活動、帶薪假等等）",2,1,0,scam,2025,2025|scam,recent,recent
51,2rw2gmu1i3264,2026-03-29 11:48:44.753000+00:00,TEXT,https://youtube.com/shorts/0MrfvrtbS38?si=TGjryYPbWfTmp8NM,r6CGcJ0BoX_cNU7jVs2e,NOT_ARTICLE,2026-04-09 04:35:45.435000+00:00,NOT_ARTICLE,256.78352277777776,https://youtube.com/shorts/0MrfvrtbS38?si=TGjryYPbWfTmp8NM,0,0,0,other,2026,2026|other,recent,recent
52,36u95hk7n1p2n,2025-10-24 07:25:39.538000+00:00,TEXT,"http://10000.gov.tw/?fbclid=IwdGRjcANn83ljbGNrA2fyf2V4dG4DYWVtAjExAAEehJtOO9fig9q1UfcYVHEe0GMK470-4b7trFaAKf3eIBp0WIEUaTe0tGe0G7k_aem_2akH1ARnUqvFbD_h1YIpOw

普發現金一萬 領取方案",7cGEUZoBWwAUNc5bpwuE,RUMOR,2025-11-05 00:57:19.491000+00:00,RUMOR,281.52776472222223,"http://10000.gov.tw/?fbclid=IwdGRjcANn83ljbGNrA2fyf2V4dG4DYWVtAjExAAEehJtOO9fig9q1UfcYVHEe0GMK470-4b7trFaAKf3eIBp0WIEUaTe0tGe0G7k_aem_2akH1ARnUqvFbD_h1YIpOw

普發現金一萬 領取方案",1,0,0,scam,2025,2025|scam,recent,recent
53,2tuxx2ecsjbna,2026-03-12 11:41:44.728000+00:00,TEXT,https://www.facebook.com/share/r/17CyP9HcAi/,f0d75ZwBB0eXeo820ubi,OPINIONATED,2026-03-13 04:37:03.325000+00:00,OPINIONATED,16.9218325,https://www.facebook.com/share/r/17CyP9HcAi/,0,0,0,other,2026,2026|other,recent,recent
54,29pavxk55dnx9,2025-12-11 09:43:00.296000+00:00,TEXT,"500假鈔已流出市面大家要留意。
上真，下假。
真鈔：右中左下均有500圖樣。
坊間很多500假鈔，尤其是市場，要很小心辨識。",LV2WG5sBm-etfpErQMyb,RUMOR,2025-12-14 06:39:50.422000+00:00,RUMOR,68.94725722222222,"500假鈔已流出市面大家要留意。
上真，下假。
真鈔：右中左下均有500圖樣。
坊間很多500假鈔，尤其是市場，要很小心辨識。",0,0,0,other,2025,2025|other,recent,recent
55,3jriz69t04cnl,2026-04-02 02:55:56.618000+00:00,TEXT,"📢極重要‼️ @All 
請通知所有師兄姊留意資安問題‼️

LINE 盜用，本來是簡訊認證，改成語音認證，就會回撥你的手機 (口說認證碼)，電話沒接就錄到語音信箱內。盜用者再用預設密碼去聽你的語音信箱，拿到認證碼。

⚠️這不是愚人節玩笑，這正是目前（2026年4月）台灣爆發的大規模 LINE 帳號盜用潮。這波攻擊的核心在於利用了電信商「語音信箱預設密碼」 的資安漏洞。這次盜用手法的關鍵在於 「遠端聽取語音信箱」 功能。以下是攻擊者的完整腳本：
1.   觸發驗證：攻擊者在其他裝置輸入你的手機號碼嘗試登入 LINE，並選擇「語音驗證」。
2.   錄音存證：LINE 的系統會撥打電話給你並口述驗證碼。如果你沒接或忙線，這通電話會自動轉入電信語音信箱，驗證碼就這樣被「錄」了下來。
3.   遠端竊聽：這是最關鍵的一步。攻擊者撥打電信業者的遠端聽取專線（例如台灣大哥大的 0935-888-123），輸入你的手機號碼，接著嘗試預設密碼（通常是 0000、1234 或手機末 4 碼）。
4. 奪取帳號：一旦密碼被猜中，攻擊者就能直接聽取錄音拿到驗證碼，隨後將你的 LINE 登出並接管。

相關新聞：
https://tw.news.yahoo.com/share/6c8af630-50ae-4b60-a38d-8401f3a8fa55",W8y6Z50BZgZZYBoaQySD,NOT_RUMOR,2026-04-07 11:35:53.474000+00:00,NOT_RUMOR,128.66579333333334,"📢極重要‼️ @All 
請通知所有師兄姊留意資安問題‼️

LINE 盜用，本來是簡訊認證，改成語音認證，就會回撥你的手機 (口說認證碼)，電話沒接就錄到語音信箱內。盜用者再用預設密碼去聽你的語音信箱，拿到認證碼。

⚠️這不是愚人節玩笑，這正是目前（2026年4月）台灣爆發的大規模 LINE 帳號盜用潮。這波攻擊的核心在於利用了電信商「語音信箱預設密碼」 的資安漏洞。這次盜用手法的關鍵在於 「",2,0,0,scam,2026,2026|scam,recent,recent
56,245bm9qq8lxzi,2026-03-10 11:12:30.773000+00:00,TEXT,https://maiid.icu/A0LBI7KMD-?gad_source=2&gad_campaignid=23589822468&gclid=Cj0KCQjwgr_NBhDFARIsAHiUWr6x1W3Q_hS5Q57rkF5K_zDHum_KRbd-ySbk1oWMYKn_S_5D21ou6rQaAnxoEALw_wcB,skfd4JwBB0eXeo82Hd8n,RUMOR,2026-03-12 07:05:13.254000+00:00,RUMOR,43.87846694444445,https://maiid.icu/A0LBI7KMD-?gad_source=2&gad_campaignid=23589822468&gclid=Cj0KCQjwgr_NBhDFARIsAHiUWr6x1W3Q_hS5Q57rkF5K_zDHum_KRbd-ySbk1oWMYKn_S_5D21ou6rQaAnxoEALw_wcB,0,0,0,other,2026,2026|other,recent,recent
57,2jvxrytf2teky,2026-02-10 06:40:59.890000+00:00,TEXT,https://youtu.be/_9GpxAfeTew?si=dAyY7DC6V5AnjLEk,WOtmWpwBFWYyqTEo6O7d,RUMOR,2026-02-14 04:26:59.670000+00:00,RUMOR,93.76660555555556,https://youtu.be/_9GpxAfeTew?si=dAyY7DC6V5AnjLEk,0,0,0,other,2026,2026|other,recent,recent
58,swbjjgxdx2kh,2025-04-29 10:34:38.769000+00:00,TEXT,"新冠疫情又來了！連3週上升已開始流行　下個月恐迎高峰 | 中天電視台 | LINE TODAY

https://liff.line.me/1454987169-1WAXAP3K/v2/article/zNoZrB7?utm_source=lineshare",GJt2hJYBeCQ-azEqegXt,NOT_RUMOR,2025-04-30 02:11:19.404000+00:00,NOT_RUMOR,15.6112875,"新冠疫情又來了！連3週上升已開始流行　下個月恐迎高峰 | 中天電視台 | LINE TODAY

https://liff.line.me/1454987169-1WAXAP3K/v2/article/zNoZrB7?utm_source=lineshare",0,0,1,health,2025,2025|health,recent,recent
59,3dod35fgj8zih,2025-06-22 10:06:26.266000+00:00,TEXT,30257044452這張可以嗎？,WeyqjpwBFWYyqTEoMjSx,RUMOR,2026-02-24 08:00:44.720000+00:00,RUMOR,5925.905126111111,30257044452這張可以嗎？,0,0,0,other,2025,2025|other,recent,recent
60,2qbinp0se5vmb,2025-04-28 09:25:54.128000+00:00,TEXT,"教宗方濟各在醫院中寫下了這段話：

「醫院的牆壁，比教堂聽見了更多真誠的祈禱……
醫院目睹了比機場更真摯的親吻……
在醫院裡，你會看到一位恐同者被一位同性戀醫生救治；
看到一位富有的醫生拯救了一位乞丐的生命；
在加護病房裡，你會看到一位猶太人照顧一位種族主義者；
一位警察與一位囚犯同住一個病房，接受同樣的照護；
一位富有的病人等待肝臟移植，器官則來自一位貧窮的捐贈者……
正是在這些時刻，當醫院觸摸到人們傷口的時候，不同的世界依照神聖的設計交織在一起。
在這種命運的交會中，我們會明白：單靠自己，我們什麼都不是。
人的絕對真實，往往只有在痛苦的時刻或面臨無可挽回的失去威脅時才會顯現。
醫院，是一個人們摘下面具、展現最純粹本質的地方。

這一生會很快過去，所以不要浪費時間與人爭吵；
不要過度批評自己的身體；
不要不停地抱怨；
不要為了帳單而夜不能寐；
要記得多擁抱你所愛的人；
不要太過於擔心保持房子一塵不染；
物質財富應由每個人自己努力獲得——別把人生花在累積遺產上。

你總在等待：聖誕節、星期五、明年、等有錢了、等愛情來臨、等一切完美……
聽著，完美是不存在的。
人類無法達到完美，因為我們本就不是為了在這裡得到圓滿而被造的。
我們在這裡，是為了學習。

所以，把握這段生命的考驗——而且要現在就開始。
尊重自己，也尊重他人。
走自己的路，放下那些別人為你安排的道路。
尊重——不要隨意評論、不要妄加批判、不要干涉別人的選擇。

多去愛、多去原諒、多去擁抱、多去熱烈地生活！
其餘的，就交在造物主的手中吧。」

——教宗方濟各",SZr4fpYBeCQ-azEqFPyg,RUMOR,2025-04-29 00:35:09.599000+00:00,RUMOR,15.1542975,"教宗方濟各在醫院中寫下了這段話：

「醫院的牆壁，比教堂聽見了更多真誠的祈禱……
醫院目睹了比機場更真摯的親吻……
在醫院裡，你會看到一位恐同者被一位同性戀醫生救治；
看到一位富有的醫生拯救了一位乞丐的生命；
在加護病房裡，你會看到一位猶太人照顧一位種族主義者；
一位警察與一位囚犯同住一個病房，接受同樣的照護；
一位富有的病人等待肝臟移植，器官則來自一位貧窮的捐贈者……
正是在這些時刻，當醫院觸摸",0,0,1,health,2025,2025|health,recent,recent
61,2qc3ecq35x1o2,2025-08-30 17:10:57.870000+00:00,TEXT,買家未完成【實名認證】導致訂單被鎖住需由買家聯絡線上客服處理完成後自動解除超時未能處理【消保會】將視為帳戶風險永久凍結請手動點擊下方,bVAyDZkBkYc0K64EcnAG,RUMOR,2025-09-03 01:30:33.860000+00:00,RUMOR,80.32666388888889,買家未完成【實名認證】導致訂單被鎖住需由買家聯絡線上客服處理完成後自動解除超時未能處理【消保會】將視為帳戶風險永久凍結請手動點擊下方,4,0,0,scam,2025,2025|scam,recent,recent
62,1ih6i4hvxkapj,2025-11-12 23:18:56.827000+00:00,TEXT,"今天帶我90多歲的父親到中華電信辦理手機網路續約服務，現在因為家中已經有WiFi所以我幫爸爸選擇了最低的費率就是199(1G)，要綁約兩年。

後來服務專員告知只要年滿65歲，月租費每月還可以減少50元，所以變成每月只要149，一年即可以省下600元了。

這個訊息可能很多人都不知道，脆友們，如果您及其家人年滿65歲，可以去電中華電信客服洽詢。",OLVkg5oBiuCfV4cp442Q,NOT_RUMOR,2025-11-14 17:23:38.511000+00:00,NOT_RUMOR,42.078245555555554,"今天帶我90多歲的父親到中華電信辦理手機網路續約服務，現在因為家中已經有WiFi所以我幫爸爸選擇了最低的費率就是199(1G)，要綁約兩年。

後來服務專員告知只要年滿65歲，月租費每月還可以減少50元，所以變成每月只要149，一年即可以省下600元了。

這個訊息可能很多人都不知道，脆友們，如果您及其家人年滿65歲，可以去電中華電信客服洽詢。",1,0,0,scam,2025,2025|scam,recent,recent
63,108phui4q18hj,2025-05-09 08:56:31.638000+00:00,TEXT,"［立法院快訊］

還假於民，下午紀念日條例三讀通過。

未來全國上班族每年多放五天假！

五一勞動節（5/1）
敎師節         （9/28）
光復節        （10/25）
行憲紀念曰（12/25）
小年夜",A4D_lZkB29ocKseurWXj,NOT_RUMOR,2025-09-29 15:03:05.442000+00:00,NOT_RUMOR,3438.10939,"［立法院快訊］

還假於民，下午紀念日條例三讀通過。

未來全國上班族每年多放五天假！

五一勞動節（5/1）
敎師節         （9/28）
光復節        （10/25）
行憲紀念曰（12/25）
小年夜",0,0,0,other,2025,2025|other,recent,recent
64,1krq66a0fu02p,2025-04-29 13:21:19.267000+00:00,TEXT,"您好.近期我們處理網路詐騙案件，透過追蹤詐騙集團的人頭帳戶，以及相關詐騙平台網址，投資APP，詐騙分子的LINE，溯源發現，您這邊有疑似被騙或正在和詐騙集團進行投資，如果您不幸遭遇網路交友，虛擬貨幣，股票投資，刷單，電商投資.靈骨塔詐騙..網路詐騙..各類吸金案，只要資金受到損失，且保留有案件相關資料，例如（投資平台網址，對話記錄，銀行虛擬貨幣轉帳記錄等資料）您可以聯繫我們，作為專業的駭客團隊，我們將會全力追蹤和幫您追回被騙損失，鄭重聲明：再追回的過程中，我們不會收取任何費用，只有成功追回後，才需要繳納15%技術服務費，咨詢是免費哦

如果您有遭遇過網路詐騙，並且保留案件相關資料，求助無門可以與我們聯絡，將詳細的案件經過以及案件相關資料提供給我們幫助您建立追蹤調查檔案展開調查！

官網：https://www.temilawfirm.com

請聯絡：陳宣哲 LINE ID：527641
https://line.me/ti/p/_kBEs4CjaU









@章皓瑋-Harvey Chang",hF0kBpcBfs35m9MiUBGO,RUMOR,2025-05-25 06:32:12.686000+00:00,RUMOR,617.1815052777779,您好.近期我們處理網路詐騙案件，透過追蹤詐騙集團的人頭帳戶，以及相關詐騙平台網址，投資APP，詐騙分子的LINE，溯源發現，您這邊有疑似被騙或正在和詐騙集團進行投資，如果您不幸遭遇網路交友，虛擬貨幣，股票投資，刷單，電商投資.靈骨塔詐騙..網路詐騙..各類吸金案，只要資金受到損失，且保留有案件相關資料，例如（投資平台網址，對話記錄，銀行虛擬貨幣轉帳記錄等資料）您可以聯繫我們，作為專業的駭客團隊，我,4,0,0,scam,2025,2025|scam,recent,recent
65,3jtiecm2bf3jz,2025-07-27 07:44:33.143000+00:00,TEXT,兌獎彩金初審通過已落實 您看現在有時間對接審核嗎,Pw5Eh5gBngzKCCgMLNH6,RUMOR,2025-08-08 01:20:48.889000+00:00,RUMOR,281.6043738888889,兌獎彩金初審通過已落實 您看現在有時間對接審核嗎,0,0,0,other,2025,2025|other,recent,recent
66,118p21yefsl3y,2025-04-21 15:49:00.425000+00:00,TEXT,"記者趙于婷／台北報導

美國一項民間研究發現，該國市售牙膏之中，竟然高達90%含鉛，甚至還有其他危險重金屬，多個知名品牌紛紛上榜，例如Crest、舒酸定（Sensodyne）等。對此，食藥署表示，依照台灣法規，一般牙膏屬於化粧品，鉛、鎘、汞等其化合物不得超過殘留限量規定，若不符規定，依法可處新台幣2萬元以上500萬元以下罰鍰，並得按次處罰。

NGO「無鉛安全媽媽」（Lead Safe Mama）把51個牙膏品牌產品，送往獨立實驗室檢測，結果發現約90%牙膏含鉛，65%含砷，將近一半含汞，1/3含鎘。被發現含有毒素的品牌，包括Crest、Davids、Dr Jen、舒酸定、緬因湯姆（Tom’s of Maine）、布朗博士（Dr Bronner’s）。

食藥署醫療器材及化粧品組吳正寧簡任技正回應，根據台灣規定，一般牙膏屬於化粧品，產品的標示、成分與衛生標準，應符合「化粧品衛生安全管理法」相關規定，在產品供應、販賣、贈送、公開陳列或提供試用前，製造或輸入業者，應完成產品登錄。

依照衛福部公告，化粧品禁止使用鉛、鎘、汞和砷及其化合物，如果原料或製程無法避免，產品中之自然殘留不得超過鉛10ppm、鎘5ppm、汞1ppm及砷3ppm，若不符規定，涉違反第6條規定，依法可處新台幣2萬元以上500萬元以下罰鍰，並得按次處罰。",m94iWZYBd1wAo0M4MT1_,OPINIONATED,2025-04-21 16:15:35.294000+00:00,OPINIONATED,0.4430191666666666,"記者趙于婷／台北報導

美國一項民間研究發現，該國市售牙膏之中，竟然高達90%含鉛，甚至還有其他危險重金屬，多個知名品牌紛紛上榜，例如Crest、舒酸定（Sensodyne）等。對此，食藥署表示，依照台灣法規，一般牙膏屬於化粧品，鉛、鎘、汞等其化合物不得超過殘留限量規定，若不符規定，依法可處新台幣2萬元以上500萬元以下罰鍰，並得按次處罰。

NGO「無鉛安全媽媽」（Lead Safe Mama）",0,0,0,other,2025,2025|other,recent,recent
67,2ag5el5he1uwr,2025-05-05 03:54:48.904000+00:00,TEXT,"台灣菲律賓化進行式

你不是快被統一，你是慢慢被掏空

1｜只解情緒，不解問題
	•	電價漲→補貼
	•	健保破→推延
	•	房價高→租金補助

政府治理邏輯：先讓你閉嘴，後面怎樣再說

這不是政策，這是止痛藥上癮

2｜公權力退出，派系接管
	•	國營事業變派系提款機
	•	網軍、假帳號變言論主流
	•	媒體只會幫忙洗地，不敢監督執政

這是制度空心化、輿論武器化的開始

3｜外資收割命脈，本地青年變韭菜
	•	台積電出走，台灣變生產代工地
	•	學貸壓力爆炸、碩士外送成常態
	•	GDP高？你口袋有錢嗎？

一個國家的主權不是國旗，是產業與人才的主導權

4｜綠營當家鬧不停，制度默    默爛
	•	社會永遠在內耗
	•	真問題從不解決
	•	被騙了還幫兇手辯護

這不是落後，這是「被馴化的民主」

台灣不是變成中國，
台灣是變成一個被少數人包裝進步、實際全面掏空的亞洲版菲律賓

看不懂的人，還在那邊吵誰親中誰舔共
看懂的人，已經在思考：
國家還剩下什麼？人民還能守住什麼？",w-gpOJgBDktNo1YhZOtA,RUMOR,2025-07-23 16:41:33.503000+00:00,RUMOR,1908.7790552777776,"台灣菲律賓化進行式

你不是快被統一，你是慢慢被掏空

1｜只解情緒，不解問題
	•	電價漲→補貼
	•	健保破→推延
	•	房價高→租金補助

政府治理邏輯：先讓你閉嘴，後面怎樣再說

這不是政策，這是止痛藥上癮

2｜公權力退出，派系接管
	•	國營事業變派系提款機
	•	網軍、假帳號變言論主流
	•	媒體只會幫忙洗地，不敢監督執政

這是制度空心化、輿論武器化的開始

3｜外資收割命脈，本地",1,1,0,scam,2025,2025|scam,recent,recent
68,3hnow60usk6ra,2026-03-18 01:36:59.520000+00:00,TEXT,"洗牙

你以為你在洗牙，其實你正在疏通心血管。心臟科與牙科的跨界整合時代來了。

近期醫學界越來越多臨床證據與病理機制證實，牙周病治療不只是為了保住牙齒，更是逆轉心血管疾病的關鍵武器。

臨床上我們觀察到，有些冠心病患者明明血脂控制達標，血壓也很完美，卻還是反覆發生心血管事件。當我們打開他們的口腔，往往會看到嚴重的牙周發炎。這意味著，我們過去可能漏掉了一個巨大的發炎黑洞。

這篇歐洲心臟科學會的文章，最新提出的心臟與牙周整合照護概念，把牙科椅變成了預防心肌梗塞的第一道防線。

💡 過去的迷思與傳統觀念需要被打破：

🔹 迷思一：牙痛只是嘴巴的事。
錯了。口腔有豐富的微血管，嚴重牙周病患者的牙齦發炎傷口總面積，加起來可能有一個手掌大。這是一個巨大的破口，讓細菌每天二十四小時不斷滲漏進血液裡。這真的是名符其實的病從口入。

🔹 迷思二：心血管疾病只跟膽固醇有關。
錯了。動脈粥樣硬化的本質是一種慢性發炎反應。只要全身性發炎沒有停止，血管壁就會持續受傷，吃再多降血脂藥也無法完全阻止斑塊形成。

🔹 迷思三：洗牙只是物理性清潔。
錯了。清除牙結石其實是在移除高濃度的細菌大本營，是在進行全身性的發炎控制與免疫調節。

📌 最新發現帶來的五大臨床與病理衝擊：

1. 血管內皮功能障礙 (Endothelial dysfunction) 的起點
牙周致病菌進入血液後，會引發血管發炎與氧化壓力。這就像是城市地下的自來水管內壁生鏽。原本平滑的血管內皮一旦因為發炎變得粗糙，血液中的膽固醇與發炎細胞就更容易卡在管壁上，開啟了動脈粥樣硬化的第一步。

2. 分子模擬 (Molecular mimicry) 現象
這是非常有趣又讓人擔心的病理機轉。因口腔細菌的某些蛋白質結構，長得跟我們自己血管壁的細胞非常像。當免疫系統派出特種部隊去追殺這些亂跑的細菌時，因為敵我辨識錯誤，竟然對自己的血管壁開火。合理推測，這種自體免疫反應嚴重加劇了血管的破壞。

3. 脂質代謝紊亂與血小板大塞車
全身性發炎會打亂脂質代謝，並讓血小板變得異常黏稠。想像一下高速公路上發生連環車禍，發炎反應讓血小板就像失控的車輛一樣擠在一起發生凝集，直接導致心血管這條高速公路隨時可能完全癱瘓。

4. 亞臨床動脈粥樣硬化的提早攔截
在病患出現心血管症狀前，血管其實早就經歷了漫長的亞臨床期。透過影像學觀察頸動脈內中膜厚度增加 (IMT) ，加上抽血檢驗 GlycA 以及 CRP 等發炎與免疫生物標記，我們終於能量化並監控這場無聲風暴的風險。

5. 積極牙周治療是強效的系統性抗發炎藥
積極的牙周治療加上長期的支持性照護，不僅能阻止細菌易位，更能直接阻斷上述所有的惡性循環。這等於是幫血管吃下了一顆沒有副作用的抗發炎神藥。

👥 誰最需要注意這個新觀念？

首當其衝的就是糖尿病患者、心血管疾病高風險群，以及多重共病的長者。這群人通常是全身性發炎的重災區。如果只專注於控制血糖和血壓，卻放任牙周病不管，治療效果絕對會大打折扣。

對心臟科醫師而言，這是一個震撼但也充滿希望的改變。未來開立處方時，除了傳統藥物，我們更需要開出一張牙科轉診單。透過生物標記進行精準的分層，將病患轉介進行跨專科的牙周照護，會是心血管防護網中不可或缺的一環。

對民眾來說，這代表著醫療經濟效益的巨大提升。健保給付的洗牙與牙周病基礎治療，可能是你這輩子能買到最便宜也最有效的心血管保單。

醫療的未來在於跨領域的拼圖。我們不能再把人體拆成一個個孤立的器官來醫治。心臟與牙周的長期整合照護，完美詮釋了牽一髮而動全身的醫學真理。

每天早上認真量血壓、按時吃降血脂藥的你，是不是忘了檢查嘴裡有沒有正在默默發炎的牙周病呢？

Targeting oral health to heal the arteries: periodontal therapy in modulation of atherosclerosis progression
https://doi.org/10.1093/eurheartj/ehaf525

#牙周病 #心血管疾病 #動脈粥樣硬化 #整合醫學 #預防醫學 #慢性發炎 #跨專科照護",RMzoYJ0BZgZZYBoaRBhd,RUMOR,2026-04-06 03:48:47.836000+00:00,RUMOR,458.1967544444445,"洗牙

你以為你在洗牙，其實你正在疏通心血管。心臟科與牙科的跨界整合時代來了。

近期醫學界越來越多臨床證據與病理機制證實，牙周病治療不只是為了保住牙齒，更是逆轉心血管疾病的關鍵武器。

臨床上我們觀察到，有些冠心病患者明明血脂控制達標，血壓也很完美，卻還是反覆發生心血管事件。當我們打開他們的口腔，往往會看到嚴重的牙周發炎。這意味著，我們過去可能漏掉了一個巨大的發炎黑洞。

這篇歐洲心臟科學會的文",0,0,1,health,2026,2026|health,recent,recent
69,lrgp4gf5tu7i,2025-06-13 08:11:50.136000+00:00,TEXT,"本市將於114年7月16日（星期三）下午1:30至2:00實施「2025城鎮韌性（防空）演習」，屆時將同步進行防空疏散避難演練，請民眾共同配合！

演習期間請您配合以下事項：

1. 各公、民營工廠照常營運，但須關閉門窗及人員管制，暫停戶外活動。

2. 行駛於路上之車輛及行人，請聽從警察或民防執勤人員引導，就近進入防空疏散避難設施。

3. 各防空疏散避難設施之所有人（管委會、保全、住戶）聽聞防空警報，應主動開啟地下室車道之鐵捲門或柵欄，供周邊民眾就近實施避難。

4. 醫療照護、公共運輸、生活消費、教育學習、觀展觀賽、休閒娛樂、宗教祭祀等場所，請依行政院「各場域防空疏散避難指引」辦理。

5. 違反規定者，依法可處新臺幣3萬元以上、15萬元以下罰鍰。",y-gq05cBDktNo1Yh7SkN,NOT_RUMOR,2025-07-04 02:01:35.238000+00:00,NOT_RUMOR,497.829195,"本市將於114年7月16日（星期三）下午1:30至2:00實施「2025城鎮韌性（防空）演習」，屆時將同步進行防空疏散避難演練，請民眾共同配合！

演習期間請您配合以下事項：

1. 各公、民營工廠照常營運，但須關閉門窗及人員管制，暫停戶外活動。

2. 行駛於路上之車輛及行人，請聽從警察或民防執勤人員引導，就近進入防空疏散避難設施。

3. 各防空疏散避難設施之所有人（管委會、保全、住戶）聽聞防",0,0,0,other,2025,2025|other,recent,recent
70,48i0rnuquivo,2025-05-23 17:37:01.099000+00:00,TEXT,"臺灣人很多都有的失智基因，最容易忽略的精準預防關鍵：別再久坐了

在我幫病人解讀基因檢測的這些年，最常看到、也是我最不敢輕忽的一個基因變異，就是「載脂蛋白E ε4」（Apolipoprotein E ε4，簡稱 APOE ε4）。這個名字可能聽起來有點陌生，但它和失智症、尤其是阿茲海默症，有很強的關聯。

台灣大約有六分之一的人帶有一個 APOE ε4 變異，還有約百分之一的人，是兩個都帶有。也就是說，您身邊的朋友、家人、甚至您自己，可能就有這樣的基因。這樣的基因，不是疾病本身，但它會讓大腦比較容易受到傷害，特別是在壓力大、睡不好、或是生活習慣不佳的情況下。

我每次看到這樣的報告，心裡總是會多一份責任感。這不只是交一份檢查報告而已，而是幫一個人提早打開一盞「預防的燈」。

不是天生記性差，是大腦在求救

很多人會說：「我是不是天生記憶力就不好？」其實，大腦不像骨頭，會碎掉才感覺到。它的退化通常是慢慢來的、悄悄的。最近有一篇研究，總算讓我們更明白：「為什麼有些人看起來身體健康、也有運動，還是很早出現記憶力變差？」

美國范德堡大學2025年發表了一篇7年期的研究，他們追蹤了超過400位年長者，看看「久坐」和「大腦退化」之間的關係。這些人幾乎每天都有運動，但其中一些人每天還是坐超過13小時。

結果令人震驚，即使有運動，只要久坐，大腦還是會退化，尤其是那些帶有 APOE ε4 基因的人，退化得更快、更深、更早出現。

久坐，就像讓大腦慢慢缺氧

研究中的數字，讓我一看到就忍不住皺眉：
只要每天久坐，APOE ε4 攜帶者的大腦就會出現變化：
• 整體灰質體積少了將近 76 mm³
• 額葉萎縮了 38 mm³（這是負責注意力、情緒與規劃的大腦區塊）
• 頂葉少了 18.5 mm³（影響空間感與計算能力）
認知測驗也跟著掉下來，像是：
• 命名能力測驗下降（想不起名字、講話卡住的狀況更明顯）
• 圖像辨識能力下降（看圖拼圖、地圖方向感也會出問題）

意思就是說，有 APOE ε4 基因的人，坐得越久，大腦受的傷就越重，就像一個人長期悶在不通風的房間裡，慢慢窒息。

運動可以加分，但久坐是扣分，兩件事不能互相抵銷

這篇研究最讓人驚訝的地方在於：即使那個人每天都有運動，只要一整天都在坐著辦公、追劇、滑手機，大腦還是會出現問題。這就像是早上喝了一杯蔬菜汁，中午卻吃炸雞配奶茶，好的習慣不會抵銷壞的習慣，特別是當您的大腦天生比較敏感的時候。
所以，對 APOE 攜帶者來說，不是「多動一點就好」，而是要「少坐一點才行」。

怎麼做？不是去跑馬拉松，而是多站起來幾次

這些方法，說起來簡單，做起來也真的不難：
• 每坐滿30到60分鐘，起身動一動，哪怕只是走到陽台、倒杯水
• 工作中可以站起來開會、講電話，不一定要一直坐在椅子上
• 看電視可以在廣告時間站起來伸展一下
• 可以用手機設定「起身提醒」或智慧手錶的健康提示
這些小小的行動，看起來不起眼，卻可能就是讓您的大腦晚10年退化、甚至不退化的關鍵。

做基因檢測，不是為了預測疾病，而是要避開疾病

我常強調一句話：「知道風險，不是為了害怕，而是為了有選擇。」；做基因檢測，不是為了預測疾病，而是要避開疾病。

對 APOE ε4 攜帶者來說，基因就像是一張警告書，而不是判決書。現在我們知道了「久坐」是最大壞習慣之一，特別是對大腦比較脆弱的人，那麼今天就可以開始做出改變。

從椅子上站起來，走一圈，讓血液流動、讓大腦呼吸，就是送給未來自己的最好禮物。
現在知道這件事的您，真的很幸運。因為很多人，都是等到忘了重要的名字、找不到熟悉的路，才開始回頭想：「早點知道就好了。」
現在開始，還來得及。

Increased sedentary behavior is associated with neurodegeneration and worse cognition in older adults over a 7-year period despite high levels of physical activity. Alzheimers Dement. 2025",5V2tSpcBfs35m9MiTIt-,OPINIONATED,2025-06-07 13:56:00.765000+00:00,OPINIONATED,356.31657388888885,"臺灣人很多都有的失智基因，最容易忽略的精準預防關鍵：別再久坐了

在我幫病人解讀基因檢測的這些年，最常看到、也是我最不敢輕忽的一個基因變異，就是「載脂蛋白E ε4」（Apolipoprotein E ε4，簡稱 APOE ε4）。這個名字可能聽起來有點陌生，但它和失智症、尤其是阿茲海默症，有很強的關聯。

台灣大約有六分之一的人帶有一個 APOE ε4 變異，還有約百分之一的人，是兩個都帶有。也就",0,0,0,other,2025,2025|other,recent,recent
71,1p6jr3xsaqb65,2025-11-09 12:59:57.091000+00:00,TEXT,沈柏洋公司市值蒸發47億？網傳中國制裁不只鎖帳戶　報告盤點沈家名下企業 | 李瑋萱 | 新聞 - 風傳媒 https://share.google/qeqjvSB5ULc8vI4k2,iK-qF5wBRkUkW3J-7uvB,NOT_ARTICLE,2026-02-01 05:26:44.160000+00:00,NOT_ARTICLE,2008.446408055556,沈柏洋公司市值蒸發47億？網傳中國制裁不只鎖帳戶　報告盤點沈家名下企業 | 李瑋萱 | 新聞 - 風傳媒 https://share.google/qeqjvSB5ULc8vI4k2,1,1,0,scam,2025,2025|scam,recent,recent
72,ogfq2tmp1ahs,2025-08-26 14:03:36.867000+00:00,TEXT,這邊有兩種借款方案 第一種借款方案 按月繳納利息 一萬元每個月利息是九十元 借款8萬每個月繳納利息是720元,80LmlJ0BYNn_1SiYSFm7,RUMOR,2026-04-16 06:06:53.114000+00:00,RUMOR,5584.054513055556,這邊有兩種借款方案 第一種借款方案 按月繳納利息 一萬元每個月利息是九十元 借款8萬每個月繳納利息是720元,2,0,0,scam,2025,2025|scam,recent,recent
73,1xp01tmvmxw73,2025-11-24 09:28:59.047000+00:00,TEXT,"「這首歌」伍佰僅是翻唱！「原唱」病逝留下經典回憶 | 民視新聞網 | LINE TODAY

https://liff.line.me/1454987169-1WAXAP3K/v3/article/PG7gM6r?utm_source=lineshare",vBntuJoBElZarx-VYqWb,NOT_RUMOR,2025-11-25 02:52:36.378000+00:00,NOT_RUMOR,17.393703055555555,"「這首歌」伍佰僅是翻唱！「原唱」病逝留下經典回憶 | 民視新聞網 | LINE TODAY

https://liff.line.me/1454987169-1WAXAP3K/v3/article/PG7gM6r?utm_source=lineshare",0,0,0,other,2025,2025|other,recent,recent
74,1yccnacsk2swu,2026-04-04 05:33:20.562000+00:00,TEXT,"不要使用5G網路&石墨烯
轉

5G的陰謀📡——建議從頭看到尾至少看兩遍才能消化其中的關鍵點！

1、 5G已被證明對人體有害，而且目前的5G也是用人體在做實驗。

2、 人體的DNA既是波頻的接收器又是發射器。( 這就是大規模核酸檢測 的秘密用處——建議：盡量拒絕核酸檢測，核酸檢測搜集並上傳DNA )

3、 人體的皮膚類似天線

4、 5G設備很密集，沿著社區的每一條街道，已遍佈了很多國家；每3到10個家庭就必須有一個發射器，因為5G波傳送得不遠。

5、 5G是軍事選用武器，最早用於驅散人群，5G波頻能夠使人群疏散，那是因為人感到皮膚灼熱。( 視頻中這句話應是來源於大衛·艾克 )

6、 必須告訴人們這個比大屠殺規模還要大的事情，比你所聽過的所有的事情都要大。

7、 發明人說：“不要相信我說的每一個字，請你們自己去做研究，就會發現——真的很恐怖。”

👇👇👇

若不小心打了毒苗，一定要遠離西醫院， 千萬不可以做核磁共振， 因為毒苗裡面有很多金屬，也包含氧化石墨烯，對腦部會傷害極大，可能會直接造成癱瘓， 顏面神經失調等許多的症狀， 一定要不斷的排毒，遠離5G的基地台， 要用中藥來調理， 用飲食來調理， 才能把體內的毒性降到最低， 以上建議。

5G：百物殺手！

高頻電磁波，1970年代美國就已經發現其具有致癌性，並且應用於軍事武器了。5G就是一種產生高頻電磁波的新技術手段。當下，許多國家人口密度高的區域基本都已經被5G覆蓋了，只是是否打開以及信號強弱的選擇而已。

高頻電磁波有什麼危害？首先，2.4G的微波爐可以加熱液體食物這是常識，其原理就是電磁波振動頻率激勵了水分子劇烈運動，運動產生了熱能。而5G呢？5G可太厲害了，其功率是4G的1萬倍，5G信號的振動頻率毫米波（30GHz以上的高頻率）是軍用武器級別的，可以撕裂生物體的DNA結構，與人體汗腺中的水分子產生共振，瞬間就像微波爐燒水一樣把人“燒開”。用於鎮壓大規模群體暴動絕對是“一招致命”，只要有近距離的無線信號基地台（城市裡到處都是，電線杆上、信號燈柱、建築物上等等），調整信號發射器角度，對準目標打開開關，人體就會像自燃了那樣發熱發燙，立刻喪失行動能力。

在5G信號開通的區域細心觀察的話，凡是臨近並朝向5G信號塔的樹皮都剝落了，因為樹木中的氧分子長時間處於激發態，產生大量氧化能力很強的活性氧，而活性氧就是毒氣。長期處於這樣的空氣中，百物凋亡，人會百病叢生。

你是否身處於5G信號覆蓋中，打開手機查看WiFi列表就知道了。

資料來源：🌸谈古论今 on GETTR

國外已故的優秀專家Rashid Buttar就說了, 5G是一種脈衝波, 當頻率超過18GHz, 疫苗中脂質奈米顆粒會破裂，包覆的蛇毒會釋放到血液中，跟2年前的瑞XX韋一樣都是蛇毒。5G也可以活化氧化石墨烯，造成人體各種傷害。 這世界上大部分的人，不定時炸彈都埋入體內了，什麼時候要引爆，就看DS心情了。努力把體內的引信拆掉、排毒，才是現階段最重要的事。

雲也是水蒸氣，它們是與水相同的物質，具有相同的性質。人體的大約80%或更多是水。當對水或物質施加強頻率時，水或物質會根據頻率範圍而變化。

如果電磁波頻率增加到5G到6G，身體的細胞和疫苗成分將被啟動並進化，接受注射的人可能會死亡。

雲也會根據頻率改變形狀。如果頻率在流動，雲變形狀的區域將成為地標，因此請從該區域撤離。

雲層將是您的地標。

所以人類未來存在的環境愈來愈惡劣
以前說床邊不要放電線，插座
會影響人體
現在基地台直接對你的裝置充電
當升級到6G的時候，會到太赫茲電磁波

人類身處的環境愈來愈差
病就愈來愈多
然後出台基因編輯
修補這問題
加強型人類

一切都是設計好的

大家看看自己手機右上角是不是寫5G,如果是就趕快從設定改為4G,其實速度沒差

""4 月 16 日至 18 日, NEXRAD 天氣雷達捕捉到覆蓋整個美國的強烈5G脈衝微波輻射，並且每晚都會增強。來自 159 個 NEXRAD 塔和 160 個多普勒站的 750 kW 脈衝發射 2.7-2.9 GHz 頻率，令人不安的接近微波爐的頻率。每天晚上我們睡覺時，它們都會連續攻擊我們 12 至 14 個小時。""

也許這才是所有流行病的來源。

https://reinettesenumsfoghornexpress.substack.com/p/telecoms-weaponized-5g-caught-in?triedRedirect=true

接種疫苗後體內自製氫氧化石墨烯, Todd Callender 律師
https://rumble.com/v528h0e--todd-callender-.html

所以 2020年開始各地新增的 5G 發射站和到處噴灑的氧化石墨溪才是所謂的新冠病毒 😉

#grapheneoxide #graphenehydroxide #vax #clot #blootclot #5g

X病毒是假的，只要調高5g功率就死一堆人然後再賴給致命虛擬病毒，進行極權統治，然後再催打疫苗，這就是真相

微波輻射射頻導致動物無厘頭旋轉
世界各地的動物昆蟲都在旋轉，有的多天沒吃東西了。
請大家拒絕5G!🙏

點開看有更多
https://www.facebook.com/100000310598830/posts/5900734329946862/?mibextid=Nif5oz

5G #輻射會讓所有生物包含人類都生病
21世紀議程滅絕人口計劃就是
疫苗接種、轉基因食品、飲用水加氟化物、製造飢荒、人工病毒、輻射、致命藥物(轉自 張舒曼)

《科幻小說 - 5G電波》

各位可以發現，時常會有鳥類死在5G基地台的發射器上面，而這種現象是過去極為罕見的。（很少有鳥會死在電線桿上。）
而種植在5G基地台旁邊植物也特別容易凋零。

＊＊＊

一哥還記得，有次我正在用筆電回覆網友，不知道怎麼回事，頭突然一陣暈眩，然後開始發熱發疼。
我走出房間後，發現嘟嘟請了電信人員來修理我們家壞掉的電視。

一哥：「妳有感覺到一種很不好的能量波傳過來嗎...... 
這是在裝什麼啊？ 」

嘟嘟：「他在幫我們換5G的網路。」

電信人員：「剛連上！ 你們之後的網路就會很快了！」

一哥：「可以拔掉嗎？ 頭超痛的。」

電信人員：「這個是無害的耶！」

一哥：「你拔掉一下。」

電信人員：「跟5G應該沒關係吧。」（拔掉）

一哥：「你看！ 那個負面的頻率不見了！ 剛剛還感覺昏昏的。」

電信人員：「我沒感覺有差別啊。」

一哥：「是...... 我學過氣功，可能身體對能量比較敏感一點。」

電信人員：「那不可能是這個啦！ 這是無害的，而且你們整個社區的人幾乎都已經換成5G了，是我換的。你不可能現在才有感覺。」（接上插頭）

一哥：「哇靠！ 頭又開始發燙了！ 妳沒感覺到嗎？」

嘟嘟：「沒有...... 可能你比較敏銳。」

一哥：「我們很滿意目前的網路啊...... 可以不用5G嗎？」

電信人員：「這是新的時代，大家都在用。5G更快更有效率，看影片也不用等。
不然你們先用用看，真的不喜歡再聯絡我。」

那一整個下午，我的頭痛得要命，很難專心做事。
但有趣的是，到了晚上，我的身體漸漸習慣了那種干擾，不舒服的感覺也消失了。
我跟嘟嘟說，剛來這個社區的時候，她時常說好睏好累，搞不好就是5G電波造成的。
不過人類的身體很強大，我們有適應能力，可以逐漸習慣電波的干擾...... 不過這不表示干擾不存在！

兩天後，我們把電視網路換回了4G，但奇怪的事發生了！
原本很夠用的4G網路竟然變得非常沒有效率，看什麼都慢，更別說看電影，根本跑不動。
逼不得已，我們又換回了5G。
一換成5G，我的頭就開始發燙，但這次只燙了半小時就恢復了原狀。

不過，我們依舊相信5G電波會殺細胞，或至少會讓細胞變體，儘管當時還沒有足夠的證據可以證明這一點，我們決定先搬到鄉下一點的地方，遠離5G基地台。

＊＊＊

現在有越來越多人無端生病的例子，很有可能就是長期生活在5G輻射造成的結果，只是被媒體甩鍋成是“大流行”。
新聞上的專家和醫生都各說各話，到現在還有很多人相信5G是無害的。但誰知道呢～

可以確定的是，5G基地台旁邊的植物都枯死是事實，很多鳥死在5G基地台的發射器上是事實。
而過去從未有過這些景象。

所以，可以的話，盡量搬到離5G基地台遠一點的地方吧！

毒苗5g腦控
https://www.facebook.com/share/v/GdoV6ufprWQQ4QSn/?mibextid=WC7FNe

接種喵後 5g互相作用 人類正常的情感被剝奪了 有些人變得很麻木 我看有些癌症後期都很樂觀？ 我覺得是科技假象 沒有一個生物知道面臨死亡前還能保持這樣 真的是少數 人類正常情感被5g剝奪了

把其他人都當成笨蛋施打垃圾給全人類當實驗品，橫紋肌在受到5G訊號影響下會造成痙攣倒下，這些躲在背後的疫苗專家都會下地獄！

無論您是否注意頭頂上的照明，照明可能都在密切關注您。 

不要在您的家中放置任何亞馬遜科技產品，它們作為監控設備運行，並透過 5G 技術相互通訊。

21世紀的「黑金」是數據。這種發射微波輻射的蜘蛛網將使大數據/大電信和老大哥能夠捕捉到每個人生命中每個時刻內外發生的事情。

5G 與改善你的生活幾乎沒有任何關係；這一切都是為了控制你的生活、行銷產品以及為人工智慧目的收集你的數據。

下次您想要購買「智慧型」設備時，請記住設備不是產品，您才是。

Whether or not you pay any attention to the lighting overhead, the lighting may be paying such close attention to you. 

Don’t place any Amazon tech products In your home, they are operating as surveillance devices and communicating to each other via 5G technology.

The 21st century’s “black gold” is data. This microwave radiation-emitting spider web will allow Big Data/Big Telecom and Big Brother to capture what happens inside and outside every person at every moment of life.

5G has almost nothing to do with improving your lives; it’s all about controlling your life, marketing products, and harvesting your data for Artificial Intelligence purposes.

Next time you want to go and buy a ""smart"" device, remember the device is not the product, you are.",AkL39Z0BBw6mACOKx1mC,RUMOR,2026-05-05 02:29:09.633000+00:00,RUMOR,740.9302975,"不要使用5G網路&石墨烯
轉

5G的陰謀📡——建議從頭看到尾至少看兩遍才能消化其中的關鍵點！

1、 5G已被證明對人體有害，而且目前的5G也是用人體在做實驗。

2、 人體的DNA既是波頻的接收器又是發射器。( 這就是大規模核酸檢測 的秘密用處——建議：盡量拒絕核酸檢測，核酸檢測搜集並上傳DNA )

3、 人體的皮膚類似天線

4、 5G設備很密集，沿著社區的每一條街道，已遍佈了很多國家；每",0,0,0,other,2026,2026|other,recent,recent
75,ncfpoftbwjo9,2025-08-24 15:09:08.879000+00:00,TEXT,"希望大家的腸胃，無敵（夭壽）好。
https://www.facebook.com/share/r/1LZZxJKyFk/
破損的光電板是如此的要命",kr6t3JgB6nor6FKtB_qS,RUMOR,2025-08-24 15:23:03.953000+00:00,RUMOR,0.2319649999999999,"希望大家的腸胃，無敵（夭壽）好。
https://www.facebook.com/share/r/1LZZxJKyFk/
破損的光電板是如此的要命",0,0,0,other,2025,2025|other,recent,recent
76,giw61if6y116,2025-12-29 12:02:59.216000+00:00,TEXT,我們合作的都是老牌正規娛樂城，卡片只是用於客戶收付，對你這邊是沒有風險的,Va_DIJwBRkUkW3J-MPoU,RUMOR,2026-02-02 23:49:48.691000+00:00,RUMOR,851.7804097222222,我們合作的都是老牌正規娛樂城，卡片只是用於客戶收付，對你這邊是沒有風險的,1,0,0,scam,2025,2025|scam,recent,recent
77,36ip1n0pveuqy,2025-07-23 09:37:27.535000+00:00,TEXT,"💥進出國道3號「南投休息站」匝道，限速”40”公里，已開始拍照取締了，請大家要注意⚠️

🧌再提醒「限速40」公里🧟
超速起步價每張罰單3000元！
若您以時速80公里進入南投休息站，恭喜您獲得大全套餐：
1)紅色罰單：12000元
2)吊扣車牌照：6個月
3)違規記點：3點
4)道安講習",MejVPJgBDktNo1Yh3fOo,OPINIONATED,2025-07-24 14:28:25.639000+00:00,OPINIONATED,28.849473333333336,"💥進出國道3號「南投休息站」匝道，限速”40”公里，已開始拍照取締了，請大家要注意⚠️

🧌再提醒「限速40」公里🧟
超速起步價每張罰單3000元！
若您以時速80公里進入南投休息站，恭喜您獲得大全套餐：
1)紅色罰單：12000元
2)吊扣車牌照：6個月
3)違規記點：3點
4)道安講習",1,0,0,scam,2025,2025|scam,recent,recent
78,2d1jk64ws1kmw,2025-10-06 14:23:49.884000+00:00,TEXT,這次能夠成功報名參加資產倍增計劃真的太幸運啦~剛才是買漲，行情真的漲了，並且到達了老師預期的目標價格 一共賺了30000美金，真是太開心了,Y9w2wZkBqt9RyOeyPKhN,RUMOR,2025-10-08 00:26:21.132000+00:00,RUMOR,34.04201333333334,這次能夠成功報名參加資產倍增計劃真的太幸運啦~剛才是買漲，行情真的漲了，並且到達了老師預期的目標價格 一共賺了30000美金，真是太開心了,0,0,0,other,2025,2025|other,recent,recent
79,2ijvvlms6rbc,2025-06-15 07:56:48.411000+00:00,TEXT,https://ctinews.com/news/items/4bnbMmLrxP,Wl3EcpcBfs35m9MifdBc,NOT_RUMOR,2025-06-15 08:46:09.237000+00:00,NOT_RUMOR,0.8224516666666667,https://ctinews.com/news/items/4bnbMmLrxP,0,0,0,other,2025,2025|other,recent,recent
80,2py466tli4vio,2025-07-11 12:05:31.509000+00:00,TEXT,"台南市政府警察局第一分局近日舉行「2025年城鎮韌性（防空）演習任務講習暨工作協調會」，向轄內民力幹部、里長、各中小學、機關團體廠商、社區大樓管委會告知，7月16日（週三）下午1點半到2點會施放防空警報，全市路上人車須配合疏散避難，如違反指揮規定，最重可罰到15萬元台幣。最近網路有網友流傳此次防空演習從下午1點半到3點…

來源：自由時報電子報
https://search.app/z9D7Wt5Z8LUQ6LEf9",SugQMJgBDktNo1YhTNpS,OPINIONATED,2025-07-22 02:57:11.250000+00:00,OPINIONATED,254.86103916666667,"台南市政府警察局第一分局近日舉行「2025年城鎮韌性（防空）演習任務講習暨工作協調會」，向轄內民力幹部、里長、各中小學、機關團體廠商、社區大樓管委會告知，7月16日（週三）下午1點半到2點會施放防空警報，全市路上人車須配合疏散避難，如違反指揮規定，最重可罰到15萬元台幣。最近網路有網友流傳此次防空演習從下午1點半到3點…

來源：自由時報電子報
https://search.app/z9D7Wt5",0,0,0,other,2025,2025|other,recent,recent
81,7yyjakembipm,2026-04-01 01:08:34.899000+00:00,TEXT,"以下是圖片內文文字版轉貼：

由於今晚LINE被盜，然後爬了一下網路社群發現災情不止我一個 跟朋友討論了後丟到GPT，得出以下結論 希望能幫到一個是一個
① 攻擊者先觸發 LINE 語音驗證 盜用者輸入你的手機號碼登入 LINE LINE 發送「簡訊驗證碼」 你刪掉簡訊（但這一步其實還沒出事）
② 攻擊者改用「語音驗證」 LINE 改用語音電話唸出驗證碼 你沒接 → 轉進 電信商語音信箱 驗證碼被完整錄在語音信箱裡
③ 關鍵漏洞：語音信箱「遠端聽取」 多數人 從未改過語音信箱密碼 預設密碼通常是 0000 或 1234 攻擊者用以下方式聽你的語音信箱： 手機撥 0935-888-123（各電信常見的遠端語音信箱入口） 輸入你的手機號碼 輸入預設語音信箱密碼 → 直接聽到 LINE 的語音驗證碼
④ LINE 帳號被完整接管 攻擊者成功登入 LINE 判定「原帳號被替換」 你的 LINE： 好友看不到你 群組消失 像「瞬間人間蒸發」
⑤ 後續災情 用同號碼重辦帳號 LINE 偵測為「高風險／曾被盜」 觸發 7 / 14 / 31 / 90 天鎖帳循環",Xcy6Z50BZgZZYBoavCTo,NOT_RUMOR,2026-04-07 11:36:24.551000+00:00,NOT_RUMOR,154.46379222222222,"以下是圖片內文文字版轉貼：

由於今晚LINE被盜，然後爬了一下網路社群發現災情不止我一個 跟朋友討論了後丟到GPT，得出以下結論 希望能幫到一個是一個
① 攻擊者先觸發 LINE 語音驗證 盜用者輸入你的手機號碼登入 LINE LINE 發送「簡訊驗證碼」 你刪掉簡訊（但這一步其實還沒出事）
② 攻擊者改用「語音驗證」 LINE 改用語音電話唸出驗證碼 你沒接 → 轉進 電信商語音信箱 驗證碼被",1,0,0,scam,2026,2026|scam,recent,recent
82,16s7wkyw98drt,2025-05-06 13:57:10.376000+00:00,TEXT,"美國極力挑起中國周邊戰爭   希望能藉此引爆第三次世界大戰（前民眾日報資深記者  屈文峰）

    這已經明明顯顯是美國的陽謀！她希望能不斷挑起中國的周邊國家的戰爭，因而讓中國在不由自主下陷入戰火，從而藉此引發第三次世界大戰。只要世界大戰能如願開啓，輕則讓中國周邊的資金逃離返美，重則美國積欠世界各國的美債即可藉此趁機一筆勾銷！

    最近，在美國副總統萬斯巧合的到訪了印度，而且就非常凑巧的在這時就發生了恐怖份子在印、巴邊界的恐怖襲擊事件。事情經墨迪本人推定“這是一場美國的代理人戰爭”，印度絕不能被勾引涉入。

    眾所認為，萬斯此時特地、專程趕來印度引發印巴大戰，主要也是因為印度、巴基斯坦兩國正好位於中國的邊界。這正好是在美國正糾結於俄烏戰爭與以哈戰爭的時候，也因美國已被高昂的美債搞得筋無路可走的同時。當然，美國更想擴大戰爭規模，並將戰火擴及至中國，甚而引發起第三次世界大戰！

    中國與巴基斯坦向來是“兄弟國”，如果巴基斯坦與印度發生戰爭時，中國已經向印度提出警告要其小心從事，並立即以運20運輸機運載了大量的軍事物資抵達巴基斯坦。

    上述表現，已經顯示出中國對巴基斯坦的關心，以及在必要時中國會出手幫忙巴基斯坦的傾向。印度總理墨迪也感受到中國於背後的虎視眈眈。他不由對印度官員感慨說“這是替美國打的一場代理人戰爭，但是中國一定會幫巴基斯坦的”，意味“這場仗沒必要，而且很難贏”。問題是，美國與以色列不但拱火，而且還承諾印度將提供軍費與軍事物資，充份表達了支持印巴戰爭開打、打好的意思。

    很顯然，因為“這是為美國打的一場代理人戰爭”，而印度又渴求美國的幫忙“成為聯合國第六常”。所以，估計這場戰爭會如美國所願的打，担是會是僅僅雙方的小打小鬧。印度會很有節制控制戰爭不會擴大發展。

    事實上，美國早已在中國周邊不停的點火。最早，從慫恿日本組成軍隊，意欲奪取俄羅斯的北方四島開始。不過，俄羅斯總統普京也沒慣着日本，他警覺的向日本發出警告，若日本敢動用軍隊，他將依照當初聯合國成立時的協議，向日本投放原子彈，一舉毀掉日本。所以，日本退縮了。

    再就是，韓國前任總統尹錫閱突然間不斷想方設法挑釁朝鮮，並出人意外的對韓國宣佈“戒嚴令”，並準備拘捕李在明等多位反對份子。幸好，李在明在半夜翻越國會大樓的圍牆，主持中央民意大會，即時解除了尹錫閱意圖“謀反”的戒嚴令。現在，韓國已經進行總統改選作業中，而美國人則若無其事，仍試圖與即將選出的新任韓國總統交好。而一場朝鮮半島的軍事危機，也在朝鮮的戒備與忍耐之下，已經變得雲淡風輕了！

    再來，就是大批“已逝父親”馬可士流亡美國時候留下的贓款，猶質押在美國政府手上，小馬可士不得不一切親美，並依照美國指示一再挑釁中國，並成為東協十國中唯一與中國對着幹的國家。此態度與前任總統杜特爾特與其搭檔競選的副總統紗拉（杜特爾特的女兒）完全不同，因而引發菲律賓內戰的危機。而小馬可士也因民調聲望極低，而意圖運黃金至香港，再兌換成白銀從香港轉運至其他國家。不過，因小馬可士偷運黃金高達兩百噸，為香港政府所警覺，而加以扣押，顯現小馬可士在事跡敗露下，已經產生的“想逃” 心態！

    美國在中國周邊點火，自然也不會忘了臺灣。臺灣領導人賴清德已經將中國定調為‘’境外敵對勢力‘’，提出17項因應中國統戰滲透措施。並積極透過“延長義務役役期”“編定在學生名冊”““納大樓管理員、駐衛警、職業駕駛為戰爭發生時的保安隊員‘’等等的備戰措施，準備好隨時跟中國打仗。

    美國的蓄意挑動中國的周遭，已經是早有時日，且用意非常歹毒。就是希望以中國周邊國家或地區，來引爆一場“代理人戰爭”。當然，身為代理人引發戰爭後，是死是活將不干美國的事，一切只要對美國有利就好了。

    美國前國務卿季辛吉曾經講過一句話‘’成為美國的敵人或許很危險，但做為美國的朋友卻是致命的‘’。臺灣人，你該醒醒了，你還要出錢、出力、甚至可能付出身家、親人和自己的性命，即使是這樣，你還要笨笨的被美國人利用嗎？",uFxlv5YBfs35m9MiypfH,RUMOR,2025-05-11 12:50:41.477000+00:00,RUMOR,118.8919725,"美國極力挑起中國周邊戰爭   希望能藉此引爆第三次世界大戰（前民眾日報資深記者  屈文峰）

    這已經明明顯顯是美國的陽謀！她希望能不斷挑起中國的周邊國家的戰爭，因而讓中國在不由自主下陷入戰火，從而藉此引發第三次世界大戰。只要世界大戰能如願開啓，輕則讓中國周邊的資金逃離返美，重則美國積欠世界各國的美債即可藉此趁機一筆勾銷！

    最近，在美國副總統萬斯巧合的到訪了印度，而且就非常凑巧的在",0,2,0,political,2025,2025|political,recent,recent
83,2jeah1tmj1hcu,2025-06-11 02:17:19.401000+00:00,TEXT,"【🎶貝多芬打敗癌細胞？音樂真的能治病？🎶】

這不是奇幻小說，而是真實的科學研究！

來自巴西里約熱內盧的卡佩拉博士（Dr. Márcia Alves Marques Capella）和她的研究團隊，真的用音樂對癌細胞做了實驗！其中最驚人的發現是：
🎼 貝多芬《第五號交響曲》，竟然在實驗中破壞了 20% 的癌細胞，卻對健康細胞沒影響！
🎼 現代派大師 李蓋蒂的《Atmosphères》 也展現類似效果。

卡佩拉博士的團隊沒有停下來，還進一步測試 森巴舞曲和放克音樂，試圖找出「來自自然節奏的療癒密碼」。

但別太快以為可以用音樂治癌——目前這些研究 僅限於實驗室環境（培養皿中），還沒進入人體試驗階段。
雖然原理尚未完全清楚，但這開啟了一扇通往未來的大門——也許有一天，「聲音」會成為癌症治療的一部分。

💡現階段，音樂在癌症治療中最確定的力量，仍是：
✨ 舒緩情緒、減壓、陪伴療癒的力量。

科學與旋律的交會，正在譜出一段迷人的新樂章！💖🎻


#音樂 #療癒 #癌症 #研究 #貝多芬 #未來 #醫學 #你今天聽音樂了嗎",GsDXQJoBWwAUNc5b7fPp,RUMOR,2025-11-01 19:14:44.325000+00:00,RUMOR,3448.9569233333336,"【🎶貝多芬打敗癌細胞？音樂真的能治病？🎶】

這不是奇幻小說，而是真實的科學研究！

來自巴西里約熱內盧的卡佩拉博士（Dr. Márcia Alves Marques Capella）和她的研究團隊，真的用音樂對癌細胞做了實驗！其中最驚人的發現是：
🎼 貝多芬《第五號交響曲》，竟然在實驗中破壞了 20% 的癌細胞，卻對健康細胞沒影響！
🎼 現代派大師 李蓋蒂的《Atmosphères》 也展現類似",0,0,1,health,2025,2025|health,recent,recent
84,1g0wbceh4c5bd,2025-10-29 12:33:39.907000+00:00,TEXT,"台北敬老卡升級囉！
★台北市的長輩們看過來～從明年115年1月開始，敬老愛心卡可直接折抵聯合醫院掛號費，不再只限中低收入戶，全體長者都適用，真正普惠！
★明年2月起，搭乘計程車之單趟補助點數🚕，自原65點提高至85點！
★明年7月起，敬老卡點數也將比照新北市，由480點加碼至600點！",vsCjMpoBWwAUNc5bFd1a,NOT_RUMOR,2025-10-30 01:02:19.993000+00:00,NOT_RUMOR,12.477801666666668,"台北敬老卡升級囉！
★台北市的長輩們看過來～從明年115年1月開始，敬老愛心卡可直接折抵聯合醫院掛號費，不再只限中低收入戶，全體長者都適用，真正普惠！
★明年2月起，搭乘計程車之單趟補助點數🚕，自原65點提高至85點！
★明年7月起，敬老卡點數也將比照新北市，由480點加碼至600點！",0,0,1,health,2025,2025|health,recent,recent
85,3cando02dr1kd,2025-09-08 12:19:21.552000+00:00,TEXT,"今天才知道，民進黨買美國武器，直接返利0.5%給到美國的民進黨賬戶。
民進黨海外黨產至少1兆美元。所以民進黨沒錢麽?
好多罷團的金援來源於海外，這就是民進黨的操作手法。但是現在司法淪為民進黨的打手，根本不可能有人會去查證。
民進黨海外這麽多黨部，他們如何自負盈虧?他們的錢從哪裏來?

https://www.threads.com/@joeji734/post/DOI-1gCkc5x?xmt=AQF0M6nNJSpo0apsSBHJr290uJoPpvezvtxB0HLEUOTq010&slof=1",DNJTLpkBHl7v1na3l0v-,RUMOR,2025-09-09 11:54:14.397000+00:00,RUMOR,23.581345833333334,"今天才知道，民進黨買美國武器，直接返利0.5%給到美國的民進黨賬戶。
民進黨海外黨產至少1兆美元。所以民進黨沒錢麽?
好多罷團的金援來源於海外，這就是民進黨的操作手法。但是現在司法淪為民進黨的打手，根本不可能有人會去查證。
民進黨海外這麽多黨部，他們如何自負盈虧?他們的錢從哪裏來?

https://www.threads.com/@joeji734/post/DOI-1gCkc5x?xmt=AQ",0,1,0,political,2025,2025|political,recent,recent
86,270ied90hfbe2,2025-11-22 04:31:13.090000+00:00,TEXT,"民國75年前出生快看　政府免費送1次肝篩、220萬人受惠 | 上報 | LINE TODAY

https://liff.line.me/1454987169-1WAXAP3K/v3/article/0MNo3eP?utm_source=lineshare",XhnHtZoBElZarx-VE6FZ,NOT_RUMOR,2025-11-24 12:11:54.071000+00:00,NOT_RUMOR,55.67805027777778,"民國75年前出生快看　政府免費送1次肝篩、220萬人受惠 | 上報 | LINE TODAY

https://liff.line.me/1454987169-1WAXAP3K/v3/article/0MNo3eP?utm_source=lineshare",1,0,0,scam,2025,2025|scam,recent,recent
87,3sa8gq9uf1cx,2026-04-01 09:35:45.887000+00:00,TEXT,LINE 爆發「強制登出」災情是被盜用嗎？快關閉語音信箱功能自救 - 蘋果仁 - 果仁 iPhone/iOS/好物推薦科技媒體 https://share.google/wdJjkAD8dPGYxjbt8,FKCId50BoX_cNU7jXdpF,NOT_RUMOR,2026-04-10 13:15:18.723000+00:00,NOT_RUMOR,219.65912111111112,LINE 爆發「強制登出」災情是被盜用嗎？快關閉語音信箱功能自救 - 蘋果仁 - 果仁 iPhone/iOS/好物推薦科技媒體 https://share.google/wdJjkAD8dPGYxjbt8,0,0,0,other,2026,2026|other,recent,recent
88,16z6k1b1ky1nb,2025-09-08 13:15:32.339000+00:00,TEXT,"10萬人研究曝最長壽運動 男平均多活6年：助抗衰老
https://www.chinatimes.com/realtimenews/20250908001663-260418",TNKVLJkBHl7v1na3AEfx,NOT_RUMOR,2025-09-09 03:46:26.672000+00:00,NOT_RUMOR,14.5150925,"10萬人研究曝最長壽運動 男平均多活6年：助抗衰老
https://www.chinatimes.com/realtimenews/20250908001663-260418",0,0,0,other,2025,2025|other,recent,recent
89,1ith691dbokmx,2025-09-02 05:58:03.687000+00:00,TEXT,"國道AI開罰效率驚人！湖口段10個月5060件、人工確認無誤判。
現在是用AI開罰，後座不要僥倖。",7NA6IpkBFEkK1Zq16v5q,NOT_RUMOR,2025-09-07 03:31:50.505000+00:00,NOT_RUMOR,117.563005,"國道AI開罰效率驚人！湖口段10個月5060件、人工確認無誤判。
現在是用AI開罰，後座不要僥倖。",0,0,0,other,2025,2025|other,recent,recent
90,328bl7flij1ol,2025-06-17 03:55:08.114000+00:00,TEXT,http://m.glmmy.net/,zw5SgZgBngzKCCgMKsYL,NOT_ARTICLE,2025-08-06 21:38:22.346000+00:00,NOT_ARTICLE,1217.72062,http://m.glmmy.net/,0,0,0,other,2025,2025|other,recent,recent
91,digodh6muylp,2025-12-07 01:05:42.500000+00:00,TEXT,"台灣居民入境韓國必須承認台灣屬於中國，才能入境，台灣炸鍋！
李在明：只有承認台灣是中國台灣，才能來韓國，否則別來。

南韓於2025年12月5日完成了官方電子入境卡申報系統的更新。

此次更新後，入境卡的“出發地”與“下一目的地”欄中，台灣地區被明確標註為“中國(台灣)”，歸入“中國”分類下，和香港、澳門並列。

台灣居民填寫入境卡時需勾選此規範選項才能完成申報。不承認屬於中國就無法申報！

南韓方面也引用1992年《中韓建交聯合公報》，強調此舉是履行先前承認台灣是中國一部分的立場承諾。",5l1VIJsBm-etfpErAtOw,RUMOR,2025-12-15 04:46:40.812000+00:00,RUMOR,195.68286444444445,"台灣居民入境韓國必須承認台灣屬於中國，才能入境，台灣炸鍋！
李在明：只有承認台灣是中國台灣，才能來韓國，否則別來。

南韓於2025年12月5日完成了官方電子入境卡申報系統的更新。

此次更新後，入境卡的“出發地”與“下一目的地”欄中，台灣地區被明確標註為“中國(台灣)”，歸入“中國”分類下，和香港、澳門並列。

台灣居民填寫入境卡時需勾選此規範選項才能完成申報。不承認屬於中國就無法申報！

南韓",0,1,0,political,2025,2025|political,recent,recent
92,grifthuxt98q,2026-04-01 08:03:37.702000+00:00,TEXT,https://www.threads.com/@encarnacion.li/post/DWktWS7j8TE?xmt=AQF0pvC9SjLDxA9QhnlDfniqU-MWT9yMH7D509zwz53PsMdGhRDxFSfdjkLeoQ2NL3WtOTgBnw&slof=1,BKCHd50BoX_cNU7jXdrO,NOT_RUMOR,2026-04-10 13:14:13.325000+00:00,NOT_RUMOR,221.17656194444444,https://www.threads.com/@encarnacion.li/post/DWktWS7j8TE?xmt=AQF0pvC9SjLDxA9QhnlDfniqU-MWT9yMH7D509zwz53PsMdGhRDxFSfdjkLeoQ2NL3WtOTgBnw&slof=1,0,0,0,other,2026,2026|other,recent,recent
93,12yzhmt652tsx,2025-07-04 04:34:08.220000+00:00,TEXT,好的 在辦理期間請您期間不可以再接觸其他公司詢問  不然到時候亂送件 導致強碰了 無法撥款那就沒辦法幫你了喔(審核時間大概半小時到3小時),BLO0v5gBYyXFyqZOTi8n,RUMOR,2025-08-19 00:22:01.509000+00:00,RUMOR,1099.7981358333334,好的 在辦理期間請您期間不可以再接觸其他公司詢問  不然到時候亂送件 導致強碰了 無法撥款那就沒辦法幫你了喔(審核時間大概半小時到3小時),0,0,0,other,2025,2025|other,recent,recent
94,3enjeer2cwwbn,2025-08-26 09:32:04.473000+00:00,TEXT,"我們已經撥款了，是您的錯誤導致貸款被凍結在你的帳戶中， 如果您沒辦理完成解凍，公司有權要求您提早還清貸款
如果您沒還， 涉嫌騙貸， 會很麻煩的呢",B78S5pgB6nor6FKtTwvD,RUMOR,2025-08-26 11:10:16.515000+00:00,RUMOR,1.6366783333333337,"我們已經撥款了，是您的錯誤導致貸款被凍結在你的帳戶中， 如果您沒辦理完成解凍，公司有權要求您提早還清貸款
如果您沒還， 涉嫌騙貸， 會很麻煩的呢",2,0,0,scam,2025,2025|scam,recent,recent
95,e4yqaado9qgz,2025-11-08 04:59:50.740000+00:00,TEXT,"準備：
1.）換照規費200-
2.）ㄧ寸半身照2張（光面）
（照片可在監理所或附近投幣式照相，自己操作，須詳細看清礎拍照方法）拍照一般不修圖150元。
白襯衫，淺色襯衫也可
3.）舊駕照（要繳回）
4.）國民身份證（查驗用）

監理所櫃台隨到隨換領新證。

12月份前備妥以上資料監理所隨到隨換，

不體檢、不考試。",Ol07j5oBYwEQPWDIXEMG,RUMOR,2025-11-17 00:33:43.429000+00:00,RUMOR,211.5646358333333,"準備：
1.）換照規費200-
2.）ㄧ寸半身照2張（光面）
（照片可在監理所或附近投幣式照相，自己操作，須詳細看清礎拍照方法）拍照一般不修圖150元。
白襯衫，淺色襯衫也可
3.）舊駕照（要繳回）
4.）國民身份證（查驗用）

監理所櫃台隨到隨換領新證。

12月份前備妥以上資料監理所隨到隨換，

不體檢、不考試。",1,0,0,scam,2025,2025|scam,recent,recent
96,v9icixqd3amk,2025-05-28 11:42:51.919000+00:00,TEXT,一單50元一天可以做6-15單左右,cF15GJcBfs35m9Mi9TJo,RUMOR,2025-05-28 19:58:55.335000+00:00,RUMOR,8.267615555555556,一單50元一天可以做6-15單左右,1,0,0,scam,2025,2025|scam,recent,recent
97,3f8nzvo4jyl0s,2025-09-10 06:29:59.958000+00:00,TEXT,"微波爐加熱水❌

*重要* 必讀。

一位26歲的男子決定喝杯咖啡。他拿了一杯水放進微波爐加熱（他以前做過很多次）。我不確定他設定了多久，但他想把水煮開。當定時器關閉微波爐時，他把杯子從微波爐裡拿出來。當他看著杯子時，他注意到水沒有沸騰，但突然間，杯子裡的水「噴」到了他的臉上。杯子一直完好無損，直到他把它從手中扔出去，但由於能量的積聚，所有的水都噴到了他的臉上。他的整個臉都起了水泡，臉部有一度和二度燒傷，可能會留下疤痕。

他的左眼可能也失去了部分視力。在醫院時，主治醫生表示這種情況相當常見，水（單獨）絕對不能用微波爐加熱。

*通用電氣的回覆：*
*感謝您聯絡我們；我很樂意為您提供協助。您收到的電子郵件是正確的。微波爐加熱的水和其他液體在達到沸點時並不總是會冒泡。實際上，它們可能會過熱，根本不會冒泡。過熱的液體會從杯子裡冒出來——當杯子被移動，或放入湯匙或茶包之類的東西時。 *

*為防止這種情況發生並造成傷害，每杯液體加熱時間不得超過兩分鐘。加熱後，將杯子在微波爐中靜置三十秒，然後再移動或放入任何東西。 *

請將此訊息轉發出去，您很可能可以避免許多人遭受巨大的痛苦和折磨。",5sBZH5oBWwAUNc5b58AS,NOT_RUMOR,2025-10-26 07:09:36.909000+00:00,NOT_RUMOR,1104.6602641666666,"微波爐加熱水❌

*重要* 必讀。

一位26歲的男子決定喝杯咖啡。他拿了一杯水放進微波爐加熱（他以前做過很多次）。我不確定他設定了多久，但他想把水煮開。當定時器關閉微波爐時，他把杯子從微波爐裡拿出來。當他看著杯子時，他注意到水沒有沸騰，但突然間，杯子裡的水「噴」到了他的臉上。杯子一直完好無損，直到他把它從手中扔出去，但由於能量的積聚，所有的水都噴到了他的臉上。他的整個臉都起了水泡，臉部有一度和二",0,0,0,other,2025,2025|other,recent,recent
98,385zjakwyuemu,2025-08-24 23:46:30.816000+00:00,TEXT,"許宇甄新聞速報
114/8/23（六）

立法委員許宇甄痛批，今有媒體揭露民進黨政府與美方談判內容，根本是一份「賣國投降書」，把台灣市場、農業、產業乃至金融資源全面拱手讓給美國。台灣農、漁民和畜牧業者如今要面對美國的傾銷，生存空間被壓縮，我國的糧食自主安全更將全面喪失，這份協議根本是殖民協議。

許宇甄指出，美方要求台灣軍費提高至 GDP 5%，每年支出高達 1.3 兆元，幾乎佔總預算一半，意味著教育、醫療、社福、基礎建設都將被迫縮減；同時還要求 4 年內赴美投資 2,500 億美元、10 年採購 3,000 億美元，並提供 4,000 億美元金融保證。換言之，台灣將用納稅人的錢去資助美國產業與金融市場，國內資本市場被掏空。

許宇甄強調，如此龐大的經濟承諾，全民竟然還要靠媒體獨家揭露才能得知，這不是談判，而是政府在密室裡簽下的賣國契約。賴清德必須出面給全民一個交代，是誰同意這樣的條件？誰從中受益？國民黨團絕對會反對到底！

—————-
[聯合新聞網]
美台關稅談判 用賣台換平安？許宇甄轟：根本是殖民協議
https://udn.com/news/story/6656/8958219#

[中天新聞網]
關稅談判大讓步？許宇甄轟賣國：根本殖民協議
https://ctinews.com/news/items/JmxNQ0DBa8#

[壹蘋新聞網]
美台關稅談判「台灣開放市場換平安」？藍委轟：根本殖民協議
https://tw.nextapple.com/politics/20250823/6F0477C0B09BDB0B3F8179E5AE093174#",E9JMOZkBHl7v1na31l80,RUMOR,2025-09-11 15:02:40.947000+00:00,RUMOR,423.2694808333334,"許宇甄新聞速報
114/8/23（六）

立法委員許宇甄痛批，今有媒體揭露民進黨政府與美方談判內容，根本是一份「賣國投降書」，把台灣市場、農業、產業乃至金融資源全面拱手讓給美國。台灣農、漁民和畜牧業者如今要面對美國的傾銷，生存空間被壓縮，我國的糧食自主安全更將全面喪失，這份協議根本是殖民協議。

許宇甄指出，美方要求台灣軍費提高至 GDP 5%，每年支出高達 1.3 兆元，幾乎佔總預算一半，意味著",0,1,0,political,2025,2025|political,recent,recent
99,23bpzawxec0g1,2026-04-03 09:34:09.919000+00:00,TEXT,2026機場新制上路：長輩出國「少這張紙」直接拒載！99%的人到了機場才發現，機票直接報廢！,0cwLY50BZgZZYBoakRxn,RUMOR,2026-04-06 13:46:35.750000+00:00,RUMOR,76.20717527777778,2026機場新制上路：長輩出國「少這張紙」直接拒載！99%的人到了機場才發現，機票直接報廢！,0,0,0,other,2026,2026|other,recent,recent
100,xiozeickgipg,2025-06-10 13:04:07.529000+00:00,TEXT,"我剛剛收拾好廚房，國際黃金的行情目前非常不錯~ 聽說文才老師這次是最後一次帶我們參與慈善基金會的《資產倍增計劃》了，我想在國際黃金的投資上追加200萬台幣，最後一次多賺一些~
親愛的認為可以嗎？",g4ASk5kB29ocKseug14e,RUMOR,2025-09-29 01:24:48.029000+00:00,RUMOR,2652.344583333333,"我剛剛收拾好廚房，國際黃金的行情目前非常不錯~ 聽說文才老師這次是最後一次帶我們參與慈善基金會的《資產倍增計劃》了，我想在國際黃金的投資上追加200萬台幣，最後一次多賺一些~
親愛的認為可以嗎？",1,0,0,scam,2025,2025|scam,recent,recent
101,275puqbpm5thg,2026-03-27 07:24:35.152000+00:00,TEXT,"這篇轉載文章值得花點時間看一看。

一位三甲醫院老年科醫生的真心話：
人到晚年，一旦長期臥床，如果子女只說""慢慢來""，往往才是最危險的開始。

""老人躺下去容易，站起來難。很多時候，不是病要了命，是那張床要了命。""

來自一位從醫27年的老年科主任的口述實錄：
我叫宋遠明，今年54歲。在省城一家三甲醫院的老年科，幹了整整27年。經手的患者超過16000人，寫過的病危通知書超過2400份。

今天我不講醫學術語，只講我親眼見過的三個病房故事。

每一個，都值得你轉給父母看。

第一個故事，發生在2019年的秋天。

患者是一位81歲的退休教師，姓孫，股骨骨折。

手術很成功，術後第3天醫生就要求他下地扶著助行器練習走路。

他兒子不同意。
""我爸這麼大年紀了，剛做完手術，萬一再摔了怎麼辦？慢慢來吧，先躺著養養。""

這句""慢慢來""，我聽過不下500遍。
每次聽到，後背都發涼。
因為我知道，對一個80歲以上的老人來說，""慢慢來""三個字，往往就是通往深淵的路標。

孫老師聽了兒子的話，安心躺著""養""。

第7天，他開始咳嗽。

第12天，發燒38.7度，肺部CT顯示：墜積性肺炎。

第18天，轉入ICU。

第23天，走了。

死因不是骨折，不是手術併發症。

是——躺出來的肺炎。

他的骨頭已經接好了。但他的肺，被那張床""養""壞了。

第二個故事，是一位78歲的腦梗患者，姓李。

2021年1月入院，左側偏癱。
經過10天的急性期治療，病情穩定了。

我跟他女兒說：""現在最關鍵的是康復訓練，越早越好。每天至少坐起來2次，每次30分鐘。能站就站，能走就走。""

他女兒很孝順——請了一個月薪6500的住家護工，24小時伺候。

餵飯、擦身、翻身、換尿墊，安排得妥妥當當。

但唯獨一件事她沒做——
沒有讓父親動起來。
她怕他累，怕他疼，怕他摔。

每次護工要扶老人坐起來，她就說：""別勉強他了，讓他歇著吧。""

3個月後，李老先生的右邊腿也不能動了。不是腦梗又犯了，是肌肉萎縮。

長期臥床導致肌肉以每周1.5%到3%的速度流失。

3個月，他右腿的肌肉量減少了將近40%。
從偏癱變成了全癱。

從""還有希望站起來""變成了""這輩子再也站不起來""。

後來他又活了14個月。14個月裡，他身上先後出現了3處褥瘡。
最大的一處在骶尾部，潰爛面積有拳頭大小，深到能看見骨頭。

換藥的時候，他咬著毛巾，眼淚從眼角滑進耳朵里。

他女兒每次看到都哭，每次哭完都說同一句話：
""爸，咱慢慢來。""

""慢慢來""——這是中國式子女最溫柔的殘忍。

第三個故事，是我最想講的。

患者姓趙，83歲，2023年髖關節置換術後。他的兒子是個工程師，做事講數據、講邏輯。

術後第一天，他就拿著一個筆記本來找我：""宋主任，您給我列一個康復計劃表，精確到每天做什麼、做幾組、做多久。""

我給他寫了一份7天康復方案——

術後第1天：床上踝泵運動，每小時20次。
術後第2天：床上抬腿練習，每組10次，一天4組。
術後第3天：在助行器輔助下站立，每次2分鐘，一天3次。
術後第5天：扶助行器行走，每次走10步，一天4次。
術後第7天：目標走到病房門口再走回來——單程約8米。

趙老先生不疼嗎？
疼。
第3天站起來的時候，他疼得額頭全是汗，嘴唇都咬白了。
他兒子站在旁邊，沒有說""慢慢來""，也沒有說""別練了""。

他說了一句話——
""爸，你再站30秒，30秒就行。我給你計時。""

然後掏出手機，打開秒錶。

30秒。

老人咬著牙，撐住了。
那30秒，比任何藥都管用。
術後第14天，趙老先生自己走出了病房。
步子很慢，背有點駝，左手扶著助行器，右手被兒子虛虛地托著。
走廊里的護士自發地鼓起了掌。

他笑了，露出一口不太整齊的牙。

83歲的老人，笑起來像個剛學會走路的孩子。
他是我那一年經手的184位老年骨折患者中，恢復最好的一個。

出院那天，他兒子握著我的手說：""宋主任，謝謝您那張康復計劃表。""

我說：""你應該謝謝你自己。那30秒的秒錶，是你按的。""

27年來，我見過太多這樣的對比——

同樣的年齡，同樣的手術，同樣的身體條件。

有的老人3周後自己走出了醫院。

有的老人3個月後再也沒能站起來。

區別在哪裡？

不在藥物，不在醫生，不在花了多少錢。

在於身邊的人，到底是說""慢慢來""，還是說""再站30秒""。

我想用27年的從醫經歷，告訴你5個真相。

第一：老人一旦臥床超過2周，肌肉流失速度是正常人的5倍。躺著不是養病，是在養廢一個人。

第二：72小時是黃金窗口。術後或病後72小時內能不能開始活動，直接決定了老人最終能不能站起來。

第三：墜積性肺炎、深靜脈血栓、褥瘡——這三樣東西，殺死的臥床老人比原發病還多。它們不是病，是""躺""出來的。

第四：子女以為的""孝順""——不讓老人動、不讓老人累、什麼都替他做——往往是最溫柔的謀殺。

第五：真正的孝順，不是讓父母舒服地躺著，而是""狠心""地讓他們站起來。

有人問我：""宋主任，你乾了27年老年科，最怕什麼？""

我不怕病人病情重。

重症有重症的治法。

我最怕家屬在床邊說那三個字——""慢慢來""。

因為那往往意味著：他們已經放棄了讓老人站起來的努力，只是不自知而已。

""慢慢來""不是愛，是逃避。

逃避康復的痛苦，逃避訓練的麻煩，逃避""萬一摔了""的責任。

而這種逃避的代價，是一個老人餘生的全部尊嚴。

我今年54歲了。

我也會老。

我已經跟我老婆和兒子交代過了——

""如果有一天我躺在病床上，你們別讓我'慢慢來'。""

""給我定計劃，定鬧鐘，扶我起來，逼我走路。""

""我要是疼得受不了想放棄，你們就掏出手機打開秒錶——""

""跟我說：爸，再堅持30秒。""

最後，我把這段話送給每一個終將面對父母老去的你：

願你的父母，永遠不需要那張床。

但如果有一天他們不得不躺下，請你記住——

別說""慢慢來""，說""我陪你站起來""。

那30秒的堅持，可能就是他們下半輩子，能不能自己走到廁所的區別。

而自己能走到廁所的每一天，就是一個老人最後的、最珍貴的黃金時代。

請珍惜。請行動。請別等到來不及。",sivgQ50BP5PtGVdQd2Hw,RUMOR,2026-03-31 12:31:17.484000+00:00,RUMOR,101.11175888888889,"這篇轉載文章值得花點時間看一看。

一位三甲醫院老年科醫生的真心話：
人到晚年，一旦長期臥床，如果子女只說""慢慢來""，往往才是最危險的開始。

""老人躺下去容易，站起來難。很多時候，不是病要了命，是那張床要了命。""

來自一位從醫27年的老年科主任的口述實錄：
我叫宋遠明，今年54歲。在省城一家三甲醫院的老年科，幹了整整27年。經手的患者超過16000人，寫過的病危通知書超過2400份。

今天我",0,0,1,health,2026,2026|health,recent,recent
102,2oombmvmyhpp3,2025-05-13 14:16:06.495000+00:00,TEXT,"這個兼職主要的性質 是在配合政府2025非核家園做能源轉型 協助台灣的排碳量早日淨零

 目前台灣的再生能源主力為離岸風電 工作的內容很簡單 就是線上一起幫忙儲能系統做編號確認和設置

 一天的薪水大概是300-500之間 看你幫忙設置幾次 以件計算多做薪水比較多 小收入希望妳不要嫌棄

 工作日：禮拜一至禮拜五(六日休假)
時段：15：00  19：00  22：00
每個時段需要的時間：10分鐘左右",tl2dLZcBfs35m9MiMlX0,RUMOR,2025-06-01 22:29:26.387000+00:00,RUMOR,464.2221922222223,"這個兼職主要的性質 是在配合政府2025非核家園做能源轉型 協助台灣的排碳量早日淨零

 目前台灣的再生能源主力為離岸風電 工作的內容很簡單 就是線上一起幫忙儲能系統做編號確認和設置

 一天的薪水大概是300-500之間 看你幫忙設置幾次 以件計算多做薪水比較多 小收入希望妳不要嫌棄

 工作日：禮拜一至禮拜五(六日休假)
時段：15：00  19：00  22：00
每個時段需要的時間：10分",3,0,0,scam,2025,2025|scam,recent,recent
103,28ow3xz1w3flh,2025-05-14 07:02:15.362000+00:00,TEXT,"【智能技術，軟體革新】

中階增益方案:56萬 

收益金額:252萬

16%技術費用:40.3萬

恭喜第6位成功學員 @林可馨 

對於活動資金籌備上有疑慮的學員歡迎諮詢副理",rV1dBZcBfs35m9Mi5Q9p,RUMOR,2025-05-25 02:55:29.127000+00:00,RUMOR,259.8871569444444,"【智能技術，軟體革新】

中階增益方案:56萬 

收益金額:252萬

16%技術費用:40.3萬

恭喜第6位成功學員 @林可馨 

對於活動資金籌備上有疑慮的學員歡迎諮詢副理",0,0,0,other,2025,2025|other,recent,recent
104,2zhdwro9u6krc,2025-04-27 11:20:35.128000+00:00,TEXT,"教宗方濟各去世，只留下100美元。

没錯，100美元。不到90歐元。

没有房子。
没有銀行帳戶。
名下没有任何投資。

然而，他是天主教會的領袖。這個職位每年可以給他34萬歐元左右的薪水。

但他拒绝了這筆钱。

每年都這樣。

自2013年以来。

為什麼？

因為他是耶稣會士，而耶稣會士發誓要過清貧的生活。

他没有像他的前任那樣住在梵蒂岡的豪華公寓里，而是選擇住在聖瑪爾大之家，一處簡樸的住所。

没有鍍金
没有私人僕人。
只有一張床、一張書桌和他的信仰。

他穿着他那雙破舊的黑色鞋子，拒绝了傳統的红色樂福鞋。
他乘坐一輛小型福特福克斯，而其他宗教领袖則開着豪華轎車。
他與梵蒂岡的員工共進晚餐，而不是在私人包廂。
他衣着簡樸，没有任何特殊裝飾，只有白色長袍和一枚鐵十字勛章。

無形的財富……

有些人執着于他们的財產、資產和形象……
教宗方濟各選擇一無所有，只为奉献一切。

没有百萬富翁。

没有复杂的遗嘱。

只有100美元……以及一个强有力的信息：“重要的不是你擁有什麼，而是你是誰，以及你為他人做了什麼？‘’

世界震驚……但也深受啟發。

在這個財富往往成為終極目標的時代，教宗方濟各從未謀求自身富足，却留下了永恒的印記。
他没有留下任何物質財富。
他留下的是道德財富。謙遜的教誨。服務的願景。

他不是一位奢侈的教宗。

他是一位用心的教宗。

他證明了了，簡樸的生活意味着與眾不同的統治。
鐸末：蔡釗發譯",iZrGeZYBeCQ-azEqLvLe,NOT_RUMOR,2025-04-28 00:22:33.436000+00:00,NOT_RUMOR,13.032863333333331,"教宗方濟各去世，只留下100美元。

没錯，100美元。不到90歐元。

没有房子。
没有銀行帳戶。
名下没有任何投資。

然而，他是天主教會的領袖。這個職位每年可以給他34萬歐元左右的薪水。

但他拒绝了這筆钱。

每年都這樣。

自2013年以来。

為什麼？

因為他是耶稣會士，而耶稣會士發誓要過清貧的生活。

他没有像他的前任那樣住在梵蒂岡的豪華公寓里，而是選擇住在聖瑪爾大之家，一處簡樸的",4,0,0,scam,2025,2025|scam,recent,recent
105,3aw518f7w1m81,2025-09-29 16:04:58.967000+00:00,TEXT,我上次就跟你說的很清楚了， 你是我考核期裡面接手的最後一個案例， 然後你的問題也是存在最多的，所以才需要這樣， 後面我們是因為在完成結案的這部分需要支出， 你付出了我也付出， 我付出的比你還要多,htxOpZkBqt9RyOeyP3_2,RUMOR,2025-10-02 14:23:12.885000+00:00,RUMOR,70.30386611111112,我上次就跟你說的很清楚了， 你是我考核期裡面接手的最後一個案例， 然後你的問題也是存在最多的，所以才需要這樣， 後面我們是因為在完成結案的這部分需要支出， 你付出了我也付出， 我付出的比你還要多,0,0,0,other,2025,2025|other,recent,recent
106,2hwvzixwsmu0t,2025-04-28 08:51:52.479000+00:00,TEXT,"長期未時內完繳將依法轉交第三方機構處理,並可能涉及法律
責任與催收費用。
嚴重情形將可能影響您在金融機構的信用評等。
未繳費用將導致會員權益暫停,服務使用權限將受限。
長期欠繳紀錄將影響未來申請與使用各項服務之資格及便利
系統顯示您尚有一筆通行費用新台幣120元未繳。為避免產生額
外費用及維護您的通行權益,請於4月28日(含)前完成繳費。
繳費步驟
第一步 登入會員中心
請至網站或下載App登入會員中心。
第二步 查詢費用明細
進入費用查詢頁面,確認應繳金額與繳費期限。",yl3tcpcBfs35m9MiZdA7,RUMOR,2025-06-15 09:30:50.043000+00:00,RUMOR,1152.649323333333,"長期未時內完繳將依法轉交第三方機構處理,並可能涉及法律
責任與催收費用。
嚴重情形將可能影響您在金融機構的信用評等。
未繳費用將導致會員權益暫停,服務使用權限將受限。
長期欠繳紀錄將影響未來申請與使用各項服務之資格及便利
系統顯示您尚有一筆通行費用新台幣120元未繳。為避免產生額
外費用及維護您的通行權益,請於4月28日(含)前完成繳費。
繳費步驟
第一步 登入會員中心
請至網站或下載App登入會",1,0,0,scam,2025,2025|scam,recent,recent
107,2768y6rj2y1tn,2025-11-10 03:41:18.876000+00:00,TEXT,"食藥署表示，該等蛋品約15萬顆流向桃園市、新竹縣、台中市、雲林縣、南投縣、嘉義縣、嘉義市、台南市、高雄市等9縣市之全聯、楓康等販售通路商，由衛生局下架回收。
不少民眾疑惑芬普尼是什麼？據環境部化學物質管理署衛教資料指出，芬普尼為長效型殺蟲劑，在寵物身上約可維持1個月的效用，另外在田裡容許劑量4.5毫克芬普尼農藥噴灑作物，能維持4至6個月的效果。
據《聯合新聞網》報導，楊振昌說，美國環保署列為C級人體致癌物質，恐與甲狀腺惡性或良性腫瘤有關。此波雞蛋驗出芬普尼恐有三大因素，第一，玉米飼料多來自美國，美國常使用芬普尼防制玉米蟲害，裡頭恐含有農藥殘留，雞隻吃下飼料，雞蛋可能有芬普尼殘留。
楊振昌表示，第二，國內常拿芬普尼防制螞蟻或紅火蟻，雞蛋可能因此受到汙染；此外，曾有雞農使用芬普尼防制寄生蟲，不過目前有替代藥物，機會應該不高。
處理檢出芬普尼雞蛋三步驟。（圖／翻攝自衛生福利部臉書）
市售包裝蛋品下架回收9項如下：
四日鮮蛋/10粒裝（溯源碼I47045-251103C）
巨的卵（白殼雞蛋）/10粒裝（I47045-251103C）
大巨蛋（白殼雞蛋）/10粒裝（溯源碼I47045-251023C、I47045-251027C、I47045-251030C、I47045-251103C）
悠活鮮蛋（白殼雞蛋）/10粒裝（溯源碼I47045-251023C)
富翁洗選蛋（白殼雞蛋）/10粒裝（溯源碼I47045-251023C、I47045-251030C）
初卵頭窩蛋（白殼雞蛋）/10粒裝（溯源碼I47045-251023C）
四季巨蛋（白殼雞蛋）/10粒裝（溯源碼I47045-251023C）
香草園洗選蛋/10顆（溯源碼I47045-251027C、I47045-251103C）
鮮健蛋品洗選蛋（白殼雞蛋）/10粒裝（溯源碼I47045-251027C、I47045-251030C、I47045-251103C）
若有買到相關批號商品，對此，全聯聲明表示，全聯、大全聯收到通知後，即依規定下架相關批號商品；消費者憑原交易完整發票，至當時購物的分店，會全力協助辦理退貨。",RbV6bZoBiuCfV4cpTGiZ,NOT_RUMOR,2025-11-10 11:15:22.904000+00:00,NOT_RUMOR,7.567785555555555,"食藥署表示，該等蛋品約15萬顆流向桃園市、新竹縣、台中市、雲林縣、南投縣、嘉義縣、嘉義市、台南市、高雄市等9縣市之全聯、楓康等販售通路商，由衛生局下架回收。
不少民眾疑惑芬普尼是什麼？據環境部化學物質管理署衛教資料指出，芬普尼為長效型殺蟲劑，在寵物身上約可維持1個月的效用，另外在田裡容許劑量4.5毫克芬普尼農藥噴灑作物，能維持4至6個月的效果。
據《聯合新聞網》報導，楊振昌說，美國環保署列為C級人",0,0,0,other,2025,2025|other,recent,recent
108,y17b4cb4op98,2026-01-15 06:18:09.603000+00:00,TEXT,機場經理說，那張1000元的鈔票是因為另一張1000元的鈔票上的代碼被刮掉了，才導致那張1000元的鈔票也損壞了。我的愛人💓❤️😍💖❣️💕,zNUywpsBrQ7DCeIzvbvE,NOT_ARTICLE,2026-01-15 15:07:43.936000+00:00,NOT_ARTICLE,8.826203611111112,機場經理說，那張1000元的鈔票是因為另一張1000元的鈔票上的代碼被刮掉了，才導致那張1000元的鈔票也損壞了。我的愛人💓❤️😍💖❣️💕,1,0,0,scam,2026,2026|scam,recent,recent
109,3ivle82b3irvt,2026-02-01 10:20:25.551000+00:00,TEXT,"2026年→115年
馬年~台幣新鈔票。",j7DIM5wBRkUkW3J-5hrn,RUMOR,2026-02-06 16:28:50.277000+00:00,RUMOR,126.14020166666668,"2026年→115年
馬年~台幣新鈔票。",0,0,0,other,2026,2026|other,recent,recent
110,3qlvd15qv46h9,2025-11-23 01:24:11.272000+00:00,TEXT,中國芬太尼毒梟北大畢業的張智棟，輸入毒品到美國，没被中國政府通緝過，卻去通緝台灣立法委員沈伯洋？？沈伯洋風度翩翩的正人君子，卻被中國霸王所通緝，國共二黨都是很邪惡的,i7DBNpwBRkUkW3J-Gx4K,NOT_RUMOR,2026-02-07 06:19:10.984000+00:00,NOT_RUMOR,1828.9165866666667,中國芬太尼毒梟北大畢業的張智棟，輸入毒品到美國，没被中國政府通緝過，卻去通緝台灣立法委員沈伯洋？？沈伯洋風度翩翩的正人君子，卻被中國霸王所通緝，國共二黨都是很邪惡的,0,1,0,political,2025,2025|political,recent,recent
111,1a53xqmn7piy9,2025-12-08 22:18:06.545000+00:00,TEXT,"日本青森7.6強震！玻璃門爆裂　超過4千戶停電 | NOWNEWS今日新聞 | LINE TODAY

https://liff.line.me/1454987169-1WAXAP3K/v3/article/mW5a9kZ?utm_source=lineshare",Mf4dAZsBNXI5ecaqOse_,NOT_RUMOR,2025-12-09 03:17:31.454000+00:00,NOT_RUMOR,4.9902525,"日本青森7.6強震！玻璃門爆裂　超過4千戶停電 | NOWNEWS今日新聞 | LINE TODAY

https://liff.line.me/1454987169-1WAXAP3K/v3/article/mW5a9kZ?utm_source=lineshare",0,0,0,other,2025,2025|other,recent,recent
112,37bpvav16ebue,2025-12-19 05:55:08.530000+00:00,TEXT,"立即參與連署

填寫以下資訊，加入我們的行列

彈劾賴清德

不副署 · 不公佈

違憲失職！

賴清德總統與卓榮泰院長拒絕副署、拒絕公佈重要法案

這是對憲政體制的嚴重破壞，我們不能坐視不管！
事件來龍去脈

一、事件背景

2024年，立法院通過多項重要法案，但賴清德總統與卓榮泰院長卻以「不副署、不公佈」的方式拒絕執行。此舉動引發各界對憲政體制的重大質疑，認為違反了民主憲政的基本精神。

二、憲政爭議

根據中華民國憲法，行政院院長對總統的公布命令須負副署責任。然而，賴總統與卓院長卻以「立法院擴權」、「違憲」為由，拒絕副署並公布法案。

此行為被認為是對立法權的不尊重，也是對三權分立原則的嚴重破壞，引發民眾對政府失去信心。

三、民眾訴求

在民主社會中，當選任的公僕違反憲法、失職瀆職時，人民有權透過彈劾機制來表達不滿並要求負責。

我們要求：賴清德總統必須為其違憲行為負責，立即停止破壞憲政體制的行為，尊重立法院的民意代表性，回歸憲政常軌！

捍衛憲政 · 守護民主 · 人民作主

立即加入連署，讓我們的聲音被聽見！


https://impeach.doce.cc",bZXzPJsBvuNcPglUfpEN,RUMOR,2025-12-20 18:09:09.128000+00:00,RUMOR,36.23349944444444,"立即參與連署

填寫以下資訊，加入我們的行列

彈劾賴清德

不副署 · 不公佈

違憲失職！

賴清德總統與卓榮泰院長拒絕副署、拒絕公佈重要法案

這是對憲政體制的嚴重破壞，我們不能坐視不管！
事件來龍去脈

一、事件背景

2024年，立法院通過多項重要法案，但賴清德總統與卓榮泰院長卻以「不副署、不公佈」的方式拒絕執行。此舉動引發各界對憲政體制的重大質疑，認為違反了民主憲政的基本精神。

二、",0,2,0,political,2025,2025|political,recent,recent
113,2x0oqjynnvavp,2026-01-17 10:19:07.125000+00:00,TEXT,"台積電在美、日、德設廠的震盪效應，天下雜誌也統計出來，預計半導體關聯上下游企業，有超2300家將同步外移，除台積電本身外派的18000名工程師之外，這2300家企業總計也要外移約十萬工程技術菁英。

影響所及，26年起台灣經濟將開始快速衰退，這些外移者不僅不會在台灣消費，同時還會賣掉他們在新竹、竹北、頭份、台中、台南等科技聚集城市的房子…
其子女也將一併外移。

因此，未來三年所帶動含家屬的菁英人口外移約20萬人。

這已是不可逆轉的衰落，加上官僚貪腐，台灣成為另一個“菲律賓”，幾乎是未來十年無法轉變的命運。
另外一篇瘋傳文撰也有同樣看法，細述台灣墮落如后；
台灣正在“菲律賓”化進行式！

你不應該擔心快被統一，
而是注意台灣正在被慢慢被掏空。

只解情緒，不解問題
 • 電價漲→補貼
 • 健保破→推延
 • 房價高→租金補助
政府治理邏輯：先讓你閉嘴，後面怎樣再說，這不是政策，這是止痛藥上癮。

台積電等企業出走，甚至債留台灣，台灣變生產代工地
 • 學貸壓力爆炸、碩士外送成常態
 • GDP高？你口袋有錢嗎？
一個國家的主權不是國旗，是產業與人才的主導權。

 • 社會永遠在內耗
 • 真問題從不解決
 • 被騙了還幫兇手辯護",QpVM1ZsB9EfTQQdNwsU2,RUMOR,2026-01-19 08:08:56.116000+00:00,RUMOR,45.83027527777778,"台積電在美、日、德設廠的震盪效應，天下雜誌也統計出來，預計半導體關聯上下游企業，有超2300家將同步外移，除台積電本身外派的18000名工程師之外，這2300家企業總計也要外移約十萬工程技術菁英。

影響所及，26年起台灣經濟將開始快速衰退，這些外移者不僅不會在台灣消費，同時還會賣掉他們在新竹、竹北、頭份、台中、台南等科技聚集城市的房子…
其子女也將一併外移。

因此，未來三年所帶動含家屬的菁英人",0,0,0,other,2026,2026|other,recent,recent
114,2bb6pjw2pt2ay,2025-09-06 11:52:51.077000+00:00,TEXT,"依據《道路交通管理處罰條例》第31條規定，小型車後座乘客應與駕駛、前座乘客相同繫上安全帶，違者一般道路處新台幣1500元罰鍰，高速公路或快速道路處新台幣3000元至6000元罰鍰。
國道AI開罰效率驚人！湖口段10個月5060件、人工確認無誤判。
現在是用AI開罰，後座不要僥倖。",8CpgQ5kBnPW1yVGMXoy8,NOT_RUMOR,2025-09-13 14:00:13.242000+00:00,NOT_RUMOR,170.12282361111113,"依據《道路交通管理處罰條例》第31條規定，小型車後座乘客應與駕駛、前座乘客相同繫上安全帶，違者一般道路處新台幣1500元罰鍰，高速公路或快速道路處新台幣3000元至6000元罰鍰。
國道AI開罰效率驚人！湖口段10個月5060件、人工確認無誤判。
現在是用AI開罰，後座不要僥倖。",1,0,0,scam,2025,2025|scam,recent,recent
115,23phjmjr4gf0u,2025-11-12 16:03:17.042000+00:00,TEXT,"NVIDIA 黃仁勳閉門談話疑洩漏：中國將在與美國的 AI 競賽中獲勝
「所以你們想制裁就繼續吧，但要搞清楚，這是你們自己在把勝利拱手相讓。」
2025年11月7日 週五 上午NVIDIA 黃仁勳閉門談話疑洩漏：中國將在與美國的 AI 競賽中獲勝
NVIDIA 黃仁勳閉門談話疑洩漏：中國將在與美國的 AI 競賽中獲勝
盡管中美在近期的元首會晤後決定暫時休戰，但施加在美國高階 AI 晶片上的出口限制並無鬆動的跡象。對此 NVIDIA 老大黃仁勳的反應似乎非常沮喪，根據金融時報的爆料，他在一次閉門談話中直言不諱地表示長此以往美國將在與中國的 AI 競賽中落敗。
「如果你們問我未來 5 到 10 年生成式 AI 的競賽誰會獲得勝利，中國會贏，答案就是這麼簡單。」黃仁勳這番直白的表態據稱發生於 11 月 5 日晚，當時他在台北君悅酒店的頂級包廂與來自台積電、鴻海、廣達、緯創以及兩家美國創投公司的嘉賓進行私人會面。這次談話本應完全保密，但當晚就有三位與會者將內容洩露給了金融時報。當報導刊登後，彭博、路透等媒體也透過自己的線人「逐句求證」了爆料。
在談及中國更有機會取勝的原因時，黃仁勳給出的回答是規模與決心。「他們有 100 萬人 7 天 24 小時不停地花時間在 AI 上，100 萬，不是 10 萬。你們知道整個矽谷全職做基礎模型的有多少人？樂觀情況下也就 2 萬人。」黃如此說道，「而且他們不會放棄，你越制裁他們，他們越有動力。你根本無法阻止他們，越想阻攔，他們就越有決心。」
期間黃仁勳還舉了華為的例子：「不要低估華為，他們的昇騰 910C 在大多數負載下，效能已經可以達到只比我們的 H100 弱 8% 到 12% 的水準。而且他們每個月可以生產 20 萬顆！每個月！20 萬顆！與此同時我們還在為外資審查吵得不可開交。」
特朗普表態不允許 NVIDIA 出售 Blackwell 晶片
特朗普表態不允許 NVIDIA 出售 Blackwell 晶片
話到激動時，黃更將矛頭直指美國政府。「這些出口管制？是我們幹過最愚蠢的事，你這是給了中國 50 年來最好的全國動員理由，就好像加強版的史撥尼克時刻一樣（蘇聯的史撥尼克 1 號衛星引發美國震撼並掀起了太空競賽）。」黃仁勳說道，「美國政府以為他們在阻止中國，其實並不是，他們恰恰讓中國加快了速度。到 2027 年中國將擁有比全世界其他國家總和還要多的 AI 算力，記住我的話。」
「所以你們想制裁就繼續吧，但要搞清楚，這是你們自己在把勝利拱手相讓。」他最後的言語透出滿滿的無奈。就在幾天前，川普在接受採訪時強調美國不會讓任何國家得到最先進的 AI 晶片，這意味著至少在可預見的未來 NVIDIA 無法將 Blackwell 產品銷往中國。而在金融時報刊文後，黃仁勳取消了原定於 11 月 6 日的媒體採訪。後續 NVIDIA 發佈了老黃的聲明，用詞明顯想要挽回「失言」的影響。
「正如我長久以來所說，在 AI 領域中國與美國僅有納秒之差。」黃仁勳寫道，「至關重要的是，美國應奮勇爭先，贏得全球開發者的支持，從而獲得勝利。」",fLUfe5oBiuCfV4cpcn5B,OPINIONATED,2025-11-13 02:50:49.792000+00:00,OPINIONATED,10.792430555555557,"NVIDIA 黃仁勳閉門談話疑洩漏：中國將在與美國的 AI 競賽中獲勝
「所以你們想制裁就繼續吧，但要搞清楚，這是你們自己在把勝利拱手相讓。」
2025年11月7日 週五 上午NVIDIA 黃仁勳閉門談話疑洩漏：中國將在與美國的 AI 競賽中獲勝
NVIDIA 黃仁勳閉門談話疑洩漏：中國將在與美國的 AI 競賽中獲勝
盡管中美在近期的元首會晤後決定暫時休戰，但施加在美國高階 AI 晶片上的出口限制",0,1,0,political,2025,2025|political,recent,recent
116,25n1aydd8dooc,2025-11-29 13:33:39.623000+00:00,TEXT,"這個補助你一定要去辦理到戶籍地的區公所或社會局詢問就知道很容易通過
https://youtu.be/iMLKITT-2Ts?si=DHutkZMaBlR8KGlh",shmm55oBElZarx-VSPWW,RUMOR,2025-12-04 04:37:05.813000+00:00,RUMOR,111.057275,"這個補助你一定要去辦理到戶籍地的區公所或社會局詢問就知道很容易通過
https://youtu.be/iMLKITT-2Ts?si=DHutkZMaBlR8KGlh",0,0,0,other,2025,2025|other,recent,recent
117,3frb7u5oq4u2l,2025-09-26 12:25:32.504000+00:00,TEXT,網路流傳用醋洗菜，可以清除所有農藥，這是真的嗎？ - 食藥闢謠專區 - 公告資訊 - 衛生福利部食品藥物管理署 https://share.google/cXkNVmxT49poUIhlt,c4C7iZkB29ocKseugk8_,RUMOR,2025-09-27 05:53:11.229000+00:00,RUMOR,17.460756944444444,網路流傳用醋洗菜，可以清除所有農藥，這是真的嗎？ - 食藥闢謠專區 - 公告資訊 - 衛生福利部食品藥物管理署 https://share.google/cXkNVmxT49poUIhlt,0,0,2,health,2025,2025|health,recent,recent
118,2123o2wfodug2,2026-02-03 00:18:35.996000+00:00,TEXT,"大安區老翁「染漢他病毒病逝」　醫示警：出現一症狀8、9成死亡 | 太報 | LINE TODAY

https://liff.line.me/1454987169-1WAXAP3K/v3/article/XY8Zwol?utm_source=lineshare",krD0O5wBRkUkW3J-NCcP,NOT_RUMOR,2026-02-08 06:33:05.807000+00:00,NOT_RUMOR,126.24161416666666,"大安區老翁「染漢他病毒病逝」　醫示警：出現一症狀8、9成死亡 | 太報 | LINE TODAY

https://liff.line.me/1454987169-1WAXAP3K/v3/article/XY8Zwol?utm_source=lineshare",0,0,1,health,2026,2026|health,recent,recent
119,3uyhb8s6xadvz,2025-06-06 08:46:58.497000+00:00,TEXT,就算您並未接觸過這種類型的工作也不用擔心，在您順利入職後，會由該公司指派主管對您進行一對一指導。,Fl06R5cBfs35m9MiCoV_,RUMOR,2025-06-06 21:51:15.581000+00:00,RUMOR,13.071412222222223,就算您並未接觸過這種類型的工作也不用擔心，在您順利入職後，會由該公司指派主管對您進行一對一指導。,0,0,0,other,2025,2025|other,recent,recent
120,1ttw4uwg7ur57,2025-12-22 13:31:58.760000+00:00,TEXT,"楊小姐,感謝您使用「EvD先消費、後支付]
2025/12/22 - 18:56:25 出貨後將啟動結算，遲繳將上報聯徵，訂單資息如下： 

商品資訊:[客製X3bR01iPhone 16e 128GB  9成新 

付款資訊
姓名：楊小姐
認證資訊：F22608 已認證[先消費 後支付]
電話:096680

收貨資訊
姓名:範佩瑩
電話:924678457
地址:臺中市北屯區崇德六路一段186巷2號",dUjWD50BB0eXeo828CfR,RUMOR,2026-03-21 10:00:37.839000+00:00,RUMOR,2132.477521944445,"楊小姐,感謝您使用「EvD先消費、後支付]
2025/12/22 - 18:56:25 出貨後將啟動結算，遲繳將上報聯徵，訂單資息如下： 

商品資訊:[客製X3bR01iPhone 16e 128GB  9成新 

付款資訊
姓名：楊小姐
認證資訊：F22608 已認證[先消費 後支付]
電話:096680

收貨資訊
姓名:範佩瑩
電話:924678457
地址:臺中市北屯區崇德六路一段186",1,0,0,scam,2025,2025|scam,recent,recent
121,1h3ezevyoivhx,2025-09-03 07:01:18.644000+00:00,TEXT,"80歲以上老人多半逃不過7個現狀
80歲以上老人，多半逃不過這7個現狀，早瞭解早準備

本文為健康知識科普，結合權威資料和個人觀點撰寫，部分情節為方便表達和閱讀理解進行了適當虛構與潤色，內容僅供參考，不能替代醫生診斷。如感不適，請及時就醫。

肌肉一垮、記憶一斷、飯量一減，80歲之後，身體就像一輛跑了幾十年的老摩托，哪怕你保養得再勤快，也逃不過零件鬆動、系統老化。衰老不是慢慢變老，而是突然掉鏈子。

張文宏說得很實在：多數人活到80歲以後，都會走進同樣的七個“老坑”，有的是生理的底線，有的是社會的盲區，有的則是我們自己忽視了太久的真相。

別美化老年，也別妖魔化它。人活一世，活得明白才有底氣。今天這篇，拆解那“80歲之後的真相”，不賣焦慮，只說乾貨。

肌肉流失是第一道門檻。別以為不去健身房就跟肌肉無緣，肌肉是撐起代謝和行動的根本。超過80歲的人，平均每年流失1.5%～2%的肌肉量，光靠“多吃點肉”解決不了。

缺乏刺激、蛋白質吸收差、活動減少，最後導致“站都站不起來”。而很多老人摔倒後的悲劇，根源就在於腿軟——不是沒骨頭，是沒肉。

再一個，吞咽功能退化，是被嚴重低估的風險。很多老人吃飯慢、挑食、喝水嗆，家屬以為是“正常老了”，但這可能是吞咽肌群協調能力減弱。

長期忽視，導致營養吸收差、體重下降、易吸入性肺炎，最終陷入惡性循環。有研究指出，80歲以上人群吞咽障礙發生率超過30%。別說吃飯，連喝水都成考驗。

第三個是味覺退化。聽起來像小事，實則影響巨大。味蕾數量隨年齡銳減，尤其是對鹹味和甜味的感知下降，導致老人越吃越鹹，越吃越重口味，鈉攝入過多，直接推高血壓。而味覺減退也降低了食欲，進食量減少，營養不良說來就來。很多老人不是不想吃，而是“吃不出味道”。

認知能力下降，是最讓人難以接受、但又極其普遍的一環。80歲後，腦部體積持續縮小，海馬區尤其明顯，影響記憶、空間感、執行功能。

你發現老人常忘事、重複話、找不到鑰匙，不是“老糊塗”，而是認知功能的真實衰減。資料顯示，80歲以上人群中，輕度認知障礙的發生率高達25%以上，而這往往是“滑向失智”的前哨。

別忽視睡眠品質的變化。80歲的人，褪黑素分泌減少，大腦對晝夜節律的感知能力降低，導致入睡困難、早醒、淺睡多夢。很多老年人晚上睡不著，白天又昏昏沉沉，晝夜倒置，仿佛“永遠在時差裡”。長期睡眠紊亂，情緒波動、記憶力下降、免疫力低下，一環扣一環。

第六個現狀是社會連接斷裂。退休、喪偶、子女外出，80歲之後，人際圈急劇縮小。孤獨感像慢性病一樣滲透進生活。研究發現，長期孤獨的老人，其死亡風險增加26%，遠超某些慢病。孤獨不是情緒問題，是全身性影響：免疫系統會變弱，炎症水準升高，甚至加劇認知退化。

最後一個，不是生理也不是心理，而是醫療資源獲取能力下降。這個被很多人忽略了。80歲以上老人，往往面臨行動不便、資訊獲取滯後、子女陪同困難等現實問題。
別說體檢，就連拿藥、掛號，都是麻煩事。很多慢性病管理因此中斷，健康狀況雪上加霜。很多老年人對自己隱忍成性，不喊疼、不求醫，錯過最佳干預時機。

說白了，80歲以後，身體不是一塊地方出問題，而是“系統性崩盤”，這才是真實人生。你可能撐過了癌症，也熬過了糖尿病，但別以為就此安全，衰老從來不是單點爆破，而是全線塌陷。預防做得再好，也只能延緩，不能逆轉。

知道這些，不是為了嚇人，而是為了精明應對。肌肉退化不是只靠走路，力量訓練才是關鍵，哪怕只拿一袋米做啞鈴，每天十分鐘，也能啟動下肢肌群。不要小看力量訓練對老年人的意義，它不是健身，而是自理能力的底線。

再吞咽問題，不是讓老人多吃，而是要有針對性地訓練。現在很多康復機構都有“吞咽康復訓練”，包括冰刺激、咽肌鍛煉等，提前介入，可顯著降低肺炎風險。別以為這屬於“醫院的事”，家庭照護也能做基礎干預。

至於味覺退化，也不是只能“吃重口味”。可以嘗試多樣化調味，如檸檬汁、香草、辣椒粉等，既能刺激味覺，又不增加鈉負擔。飲食重構，是老年營養管理的關鍵，而不是單純地“吃得多”。

認知衰退方面，很多人以為只靠讀書、寫字就能預防，這思路太單一。真正有效的，是多維刺激：身體運動、社交互動、語言訓練、認知遊戲。尤其是社交，哪怕只是和鄰居聊幾句話，都能顯著啟動大腦神經通路。別低估“說話”的力量。

睡眠問題，可以從生活節律入手，而不是盲目依賴褪黑素。每天固定時間起床、曬太陽、日間適度運動，這些比吃藥靠譜得多。睡前別看電視、別刷手機，80歲的大腦對光線刺激更敏感，藍光影響比年輕人更劇烈。
社會連接的斷裂，需要全家人介入，不是靠“陪一會兒”解決的。真正的連接，是有品質的互動。你可以教老人用視頻通話、發語音、甚至刷短視頻，但前提是別把他們當“不會用手機的外星人”。數位能力的提升，也是一種再社交。

醫療資源的獲取，則需要從制度端思考。
社區家庭醫生制度的完善、遠端問診平臺的普及、藥品配送上門服務，這些都是緩解老人就醫困難的關鍵。而家屬的配合也非常重要，不要讓“等他自己說疼”成為錯過治療的理由。

還有多數人沒意識到：老年人對疼痛的感知閾值變高，很多時候不是不疼，而是感覺不到。尤其是心梗、膽囊炎、腸梗阻這些問題，在老人身上常常“無痛”，但病情進展更快。這也解釋了為什麼很多80歲老人，一倒下就起不來。

腸道菌群的變化也是80歲後的一個隱秘角落。菌群多樣性下降，導致免疫調節失衡、消化功能變差、炎症反應增強。飲食干預是唯一通路：多樣化植物性食物、減少過精加工、適量益生元攝入。不是吃某種“神奇食物”，而是整體飲食模式要變。

還有一個冷門但關鍵的現象是：老年人皮膚變薄，傷口癒合能力下降。這個變化導致哪怕是輕微的擦傷，也可能感染、潰爛，甚至誘發敗血症。保濕、避免外傷、及時處理小傷口，這些事看起來小，對八旬老人卻是保命操作。

骨密度下降是顯性的，但你知道嗎？80歲老人跌倒後骨折風險翻倍，而骨折之後的一年內死亡率超過20%。鈣和維生素D的補充只是基礎，最關鍵的是減少跌倒風險：包括家中環境佈置、鞋子的選擇、視力的檢查。

別指望80歲了還活成“凍齡神話”，也別把老年看成“半成品人生”。它是完整的人生階段，有尊嚴，有價值，也需要科學地活。理解了這些七大現實，不是為了“躲過它們”，而是為了在它們來臨時，有準備，有底氣。

不去神化長壽，也不去恐懼衰老。真正的智慧，是看清局面、調整策略、從容應對。每個80歲都會面對，但不是每個80歲，都要狼狽收場。提前佈局，是一種遠見。

如果你家裡有老人，也請把這篇文章轉發給他們；如果你自己已經步入晚年，別怕看真相，怕的是一直被蒙在鼓裡。

參考文獻：
［1］王麗,李燕,陳建國.多因素干預對老年人肌少症的影響研究[J].中國老年學雜誌,2024,44(10)：2503-2507.
［2］陳琳,鄭春華.吞咽障礙在高齡老年人中的研究及康復對策[J].中國實用神",hbBVKJwBRkUkW3J-BgdP,OPINIONATED,2026-02-04 11:06:26.766000+00:00,OPINIONATED,3700.085589444445,"80歲以上老人多半逃不過7個現狀
80歲以上老人，多半逃不過這7個現狀，早瞭解早準備

本文為健康知識科普，結合權威資料和個人觀點撰寫，部分情節為方便表達和閱讀理解進行了適當虛構與潤色，內容僅供參考，不能替代醫生診斷。如感不適，請及時就醫。

肌肉一垮、記憶一斷、飯量一減，80歲之後，身體就像一輛跑了幾十年的老摩托，哪怕你保養得再勤快，也逃不過零件鬆動、系統老化。衰老不是慢慢變老，而是突然掉鏈子。",0,0,1,health,2025,2025|health,recent,recent
122,1rnkczsno2lro,2025-11-03 10:02:06.770000+00:00,TEXT,根據《台灣通史》記載，約在清朝道光年間，一位商人發現了這種植物的果實，他將果實拿回家搓洗後製成了美味的果凍，並讓他的女兒「愛玉」販賣，因此「愛玉」就成了這種甜點的名字。,usHTTJoBWwAUNc5bkASO,NOT_RUMOR,2025-11-04 03:05:24.876000+00:00,NOT_RUMOR,17.055029444444443,根據《台灣通史》記載，約在清朝道光年間，一位商人發現了這種植物的果實，他將果實拿回家搓洗後製成了美味的果凍，並讓他的女兒「愛玉」販賣，因此「愛玉」就成了這種甜點的名字。,0,0,0,other,2025,2025|other,recent,recent
123,2prwxm087106o,2025-06-28 10:17:23.986000+00:00,TEXT,"此次投票沒有選票通知單、綠色玩（陰）的。

直接到你平時的選區投票。

請您看一下，
有沒有朋友的選區，
7月26日(六)當天早上8點到下午4點止，
拜託他帶著身分證印章前往投「不同意罷免」。謝謝！

投「不同意罷免」
投「不同意罷免」
投「不同意罷免」

台北市第3選區　王鴻薇
台北市第4選區　李彥秀
台北市第6選區　羅智強
台北市第7選區　徐巧芯
台北市第8選區　賴士葆
新北市第1選區　洪孟楷
新北市第7選區　葉元之
新北市第8選區　張智倫
新北市第9選區　林德福
新北市第12選區　廖先翔
桃園市第1選區　牛煦庭
桃園市第2選區　涂權吉
桃園市第3選區　魯明哲
桃園市第4選區　萬美玲
桃園市第5選區　呂玉玲
桃園市第6選區　邱若華
台中市第4選區　廖偉翔
台中市第5選區　黃健豪
台中市第6選區　羅廷瑋
基隆市　林沛祥
新竹市　鄭正鈐
雲林縣第1選區　丁學忠
花蓮縣　傅崐萁
台東縣　黃建賓

縣市首長
新竹市　高虹安
傳，用力傳出去
謝謝您",6l48wZcBfs35m9MiFFdr,RUMOR,2025-06-30 14:27:09.545000+00:00,RUMOR,52.16265527777778,"此次投票沒有選票通知單、綠色玩（陰）的。

直接到你平時的選區投票。

請您看一下，
有沒有朋友的選區，
7月26日(六)當天早上8點到下午4點止，
拜託他帶著身分證印章前往投「不同意罷免」。謝謝！

投「不同意罷免」
投「不同意罷免」
投「不同意罷免」

台北市第3選區　王鴻薇
台北市第4選區　李彥秀
台北市第6選區　羅智強
台北市第7選區　徐巧芯
台北市第8選區　賴士葆
新北市第1選區　洪孟楷",1,2,0,political,2025,2025|political,recent,recent
124,zlduxm6l7d8l,2025-10-07 13:31:36.695000+00:00,TEXT,"快儲水！全台8縣市明大規模停水 最長10小時沒得用 | EBC 東森新聞 | LINE TODAY

https://liff.line.me/1454987169-1WAXAP3K/v3/article/LXrzGjM?utm_source=lineshare",Ytwkx5kBqt9RyOeytLLJ,NOT_RUMOR,2025-10-09 04:04:55.620000+00:00,NOT_RUMOR,38.55525694444445,"快儲水！全台8縣市明大規模停水 最長10小時沒得用 | EBC 東森新聞 | LINE TODAY

https://liff.line.me/1454987169-1WAXAP3K/v3/article/LXrzGjM?utm_source=lineshare",0,0,0,other,2025,2025|other,recent,recent
125,ugob0fjzv9xc,2025-12-11 11:59:02.868000+00:00,TEXT,"【工作內容】
主要協助合作醫療單位進行線上資料整理與系統測試相關作業，
屬於後端行政支援類型的工作，不涉及任何銷售，也不需面對客戶。

實際任務包含：

彙整醫療表單、藥品單據及營養品相關資料

協助測試公司內部系統流程，確保操作順暢、資料正確

回報測試中發現的異常或操作建議，並填寫固定格式的回饋表單

進行簡易資料登錄與紀錄，協助技術或管理團隊追蹤進度

所有流程皆有固定範本，新進人員會有完整教學及實際操作指引。
不需具備醫療專業背景，只要細心、有穩定作業習慣即可上手",j7BeLpwBRkUkW3J-nxHN,RUMOR,2026-02-05 15:14:39.179000+00:00,RUMOR,1347.2600863888888,"【工作內容】
主要協助合作醫療單位進行線上資料整理與系統測試相關作業，
屬於後端行政支援類型的工作，不涉及任何銷售，也不需面對客戶。

實際任務包含：

彙整醫療表單、藥品單據及營養品相關資料

協助測試公司內部系統流程，確保操作順暢、資料正確

回報測試中發現的異常或操作建議，並填寫固定格式的回饋表單

進行簡易資料登錄與紀錄，協助技術或管理團隊追蹤進度

所有流程皆有固定範本，新進人員會有完整",0,0,1,health,2025,2025|health,recent,recent
126,zfhg7b2f9f71,2025-12-19 12:55:53.601000+00:00,TEXT,"轉
前兵工生產署長楊國開將軍文：

有什麼方式可以讓台灣人民及媒體知道～

台灣自己就有RDX炸藥製造廠，為什麼要去招標向國外買？為什麼？

我們在高雄「大樹」有一個RDX廠，是建新35案從歐洲引進技術的。

RDX並不單獨使用，而是和TNT混合壓製A B C炸藥。

還有一個HMX廠是中科院及203廠合作設計建造的。

這兩個廠生產了四十年的炸藥，狀況良好，人員齊備，技術資料完整，而且成本不高，這兩年來都閑置不用，為什麼？

明眼人一看就知道捨去自己製，而去向小廠買，一定有問題，為什麼要這樣，何因？",UpVrOpsBvuNcPglUAIw2,RUMOR,2025-12-20 06:20:49.584000+00:00,RUMOR,17.415550833333334,"轉
前兵工生產署長楊國開將軍文：

有什麼方式可以讓台灣人民及媒體知道～

台灣自己就有RDX炸藥製造廠，為什麼要去招標向國外買？為什麼？

我們在高雄「大樹」有一個RDX廠，是建新35案從歐洲引進技術的。

RDX並不單獨使用，而是和TNT混合壓製A B C炸藥。

還有一個HMX廠是中科院及203廠合作設計建造的。

這兩個廠生產了四十年的炸藥，狀況良好，人員齊備，技術資料完整，而且成本不高，",0,0,0,other,2025,2025|other,recent,recent
127,3nnjsat3jm7jt,2025-06-15 07:25:47.003000+00:00,TEXT,https://www.facebook.com/share/v/1Em4gjuGA2/,1l2PcpcBfs35m9Mi4s9X,NOT_ARTICLE,2025-06-15 07:48:41.687000+00:00,NOT_ARTICLE,0.3818566666666667,https://www.facebook.com/share/v/1Em4gjuGA2/,0,0,0,other,2025,2025|other,recent,recent
128,766yc9evvwyc,2025-11-21 14:37:57.713000+00:00,TEXT,https://news.tvbs.com.tw/life/3050054,K_7Z95oBNXI5ecaqDrg0,RUMOR,2025-12-07 08:06:28.659000+00:00,RUMOR,377.4752627777778,https://news.tvbs.com.tw/life/3050054,0,0,0,other,2025,2025|other,recent,recent
129,1940n12r4k6mi,2025-06-12 04:03:52.575000+00:00,TEXT,"這些隔夜菜不要吃 小心吃毒下肚致癌！高麗菜、青江菜都上榜 | 健康2.0 | LINE TODAY

https://liff.line.me/1454987169-1WAXAP3K/v2/article/QwJjKgg?utm_source=lineshare",pV1iYpcBfs35m9Mig7Tf,NOT_RUMOR,2025-06-12 04:25:12.926000+00:00,NOT_RUMOR,0.3556530555555556,"這些隔夜菜不要吃 小心吃毒下肚致癌！高麗菜、青江菜都上榜 | 健康2.0 | LINE TODAY

https://liff.line.me/1454987169-1WAXAP3K/v2/article/QwJjKgg?utm_source=lineshare",0,0,2,health,2025,2025|health,recent,recent
130,2iexv8ms8zck4,2026-01-17 09:10:15.404000+00:00,TEXT,https://youtu.be/5q_D-F3WJKU?si=N1RPmE2yqYrK7gEW,k5VszJsB9EfTQQdNKbai,RUMOR,2026-01-17 14:46:39.265000+00:00,RUMOR,5.606628055555555,https://youtu.be/5q_D-F3WJKU?si=N1RPmE2yqYrK7gEW,0,0,0,other,2026,2026|other,recent,recent
131,1o4grfu27ekat,2026-02-12 00:51:14.092000+00:00,TEXT,"多名院士呼籲停止食用：吃一口等於10斤塑料袋，女子因腎衰走了
凌晨急診，一個「養生女性」沒搶救回來
那天凌晨三點，急診室突然亂了。

門被推開的瞬間，我聞到一股說不出的味道——不是血腥味，而是那種**「身體已經明顯不對勁」的氣息**。病床上躺著的是一名30多歲的女性，被家人抬進來，臉腫得不像話，眼睛半睜半閉，呼吸又淺又急。

檢查結果出來那一刻，整個急診室都沉默了。

急性腎衰竭。合併嚴重代謝紊亂。已出現多器官功能障礙。

她已經好幾天沒有尿了。

搶救持續了7個小時。插管、透析、升壓藥一輪又一輪。可最終，還是沒留住。

我到現在都忘不了她丈夫那句話：

「醫生，她平時最注意養生了啊，從來不抽菸、不喝酒，網上說健康的她全都吃……」

問題就出在這句——「她以為是健康的東西」。

壓垮她腎臟的，不是酒精，不是藥物，而是她每天堅持吃的那樣東西：隔夜泡發的木耳。

你以為在養腎，其實是在「慢性中毒」
這句話我必須說得直白一點——不是她命不好，而是很多人正在重復她的吃法。

她每天做飯前，都會把幹木耳提前泡在水裡。有時候忙，一泡就是一整天；晚上沒用完，就直接放冰箱；第二天涼拌、清炒、煮湯。

她一直堅信一句話：「天然的、植物的、養生的，不可能有毒。」

可現實極其殘酷。

泡發超過4小時的木耳，對腎臟來說，已經不是食物，是毒源。

真正的「隱形殺手」：不是木耳，而是它
我先把最關鍵的點說清楚——

木耳本身沒有毒。有毒的是「泡發時間過長 + 室溫環境」。

在這種情況下，木耳會滋生一種極其危險的細菌：椰毒假單胞菌。

這個名字你可以記不住，但你一定要記住它的特點：

一旦滋生，高溫也殺不死 它產生的毒素「耐熱」 對肝臟、腎臟是「直接打擊」

也就是說：

❌ 你就算「炒熟了」❌ 就算「煮滾了」❌ 就算「聞著沒怪味」

毒素依然存在。

這也是為什麼急診裡會出現這種情況——人已經中毒了，但吃的時候完全沒感覺。

為什麼說「吃一口≈10斤塑料袋」？不是嚇唬你
這句話，並不是為了博眼球。

近幾年，多位食品安全、毒理學領域的專家反復強調一個問題：長期吃被細菌毒素汙染的食物，對腎臟的損害，類似「長期吞食微塑膠」。

區別只有一個：

塑料袋你不敢吃 木耳你天天吃

可對腎的結局，沒差多少。

腎臟是個什麼器官？一句話——最沉默、也最脆弱。

你喝水多、尿少，它不喊；你吃鹹了、毒素多了，它不疼；等你真的開始水腫、乏力、尿量驟減，往往已經晚了。

這些「習慣」，正在悄悄毀掉你的腎
我必須把話說得再狠一點。

下面這些行為，你只要中一條，就得提高警惕

1️⃣ 木耳、銀耳、海帶泡一夜
很多人說：「泡久點更軟、更好消化。」

完全錯誤。

超過 2–4小時，細菌就開始指數級增長。

2️⃣ 泡完放冰箱，第二天再炒
記住一句話：冰箱不是殺菌箱，只是「減速帶」。

細菌不會死，只是慢一點。

3️⃣ 泡發水繼續煮湯、拌菜
這個真的讓我氣到想罵人。

那不是「營養水」，是「毒水」。

4️⃣ 吃的時候沒異味，就覺得安全
很遺憾，這種毒素無色、無味、無臭。你根本靠聞、靠嘗判斷不出來。

為什麼老人最容易中招？
因為「經驗害人」。

很多50+的朋友都有類似想法：

「我吃了一輩子都沒事」 「以前哪講究這麼多」 「現在醫生太誇張」

可我要告訴你一個事實

以前的人，平均壽命短，很多腎不好的人，沒等確診就走了。

不是沒事，是沒查。

而現在，你有機會避開，卻有人還在堅持錯的老經驗。

國家早就給過明確答案
根據中國疾控中心、國家食品安全標準多項檔案明確指出：

✅ 幹木耳、幹銀耳、海帶等泡發時間：2–4小時以內✅ 冷水泡發，泡好立即加工❌ 嚴禁隔夜食用

這不是建議，是食品安全底線。

那我們醫生，家裡到底怎麼做？
你可能會問一句：

「那你們醫生自己吃不吃？」

我實話實說吃，但吃得極其規矩。

✅ 醫生家庭的「保命守則」：
1️⃣ 泡發不超過4小時2️⃣ 泡發水全部倒掉3️⃣ 聞到異味立刻丟4️⃣ 老人、孩子、腎不好的人嚴格迴避5️⃣ 寧可不吃，也不冒險

一頓飯，真的不值得賭一次腎。

她走了，但你還有機會
那名女子走的時候，還不到40歲。她不是不自律，是太相信「養生」。

她的腎，是被「好心」一點點泡壞的。

這篇文章我寫得很重，不是為了嚇你，而是因為我真的不想在急診再看到類似的結局。

如果你家：

還在泡木耳過夜 還在冰箱「留一手」 還覺得「問題不大」

現在，真的該停一停了。",Kcydap0BZgZZYBoa2ygo,NOT_RUMOR,2026-04-08 01:03:43.399000+00:00,NOT_RUMOR,1320.2081408333331,"多名院士呼籲停止食用：吃一口等於10斤塑料袋，女子因腎衰走了
凌晨急診，一個「養生女性」沒搶救回來
那天凌晨三點，急診室突然亂了。

門被推開的瞬間，我聞到一股說不出的味道——不是血腥味，而是那種**「身體已經明顯不對勁」的氣息**。病床上躺著的是一名30多歲的女性，被家人抬進來，臉腫得不像話，眼睛半睜半閉，呼吸又淺又急。

檢查結果出來那一刻，整個急診室都沉默了。

急性腎衰竭。合併嚴重代謝紊亂",0,0,0,other,2026,2026|other,recent,recent
132,3dgm4nl8fnzxl,2026-02-07 14:27:31.532000+00:00,TEXT,"林義雄：「中國是一個大國，台灣是小國而且正在它的旁邊，中國的各項政治、軍事、經濟運作都必然會影響到台灣。所以我們必須認知：小國和大國的互動，最重要是必須讓大國相信，你的存在不會妨礙它的利益。
小國無法滿足大國的要求時，首先必須態度誠懇。應該誠懇說明我們做不到的困難，說明大國的要求不一定對雙方有利，而不需以敵視的態度來反應。大國的做法有時候會比較不講理，做為小國必須要有耐心，受點委屈也要忍受。我認為這是台灣與中國互動時，我們應該秉持的基本原則。
讓大國能夠相信我們的政治領袖和它的對應是真誠的，是互動良好的最基本前提。如果我們的政治領袖自作聰明，想要用一般國際政治經常有的爾虞我詐的外交手段，我相信，最後逃不出大國的掌心，等於是自尋死路。
至於容忍大國一些不講理的言語行動，也是在互動中必須隨時要求自己的，不須要忍不住一時之氣，而做出毫無幫助的發洩行為，例如罵人家「土匪」、燒人家的國旗、燒人家政治領袖的肖像等等。」",TrBOTZwBRkUkW3J-REOP,OPINIONATED,2026-02-11 15:25:00.939000+00:00,OPINIONATED,96.95816861111112,"林義雄：「中國是一個大國，台灣是小國而且正在它的旁邊，中國的各項政治、軍事、經濟運作都必然會影響到台灣。所以我們必須認知：小國和大國的互動，最重要是必須讓大國相信，你的存在不會妨礙它的利益。
小國無法滿足大國的要求時，首先必須態度誠懇。應該誠懇說明我們做不到的困難，說明大國的要求不一定對雙方有利，而不需以敵視的態度來反應。大國的做法有時候會比較不講理，做為小國必須要有耐心，受點委屈也要忍受。我認為",0,1,0,political,2026,2026|political,recent,recent
133,2bbfeeq7hbta3,2025-05-22 12:36:23.225000+00:00,TEXT,收到來自no-reply@accounts.google.com的信件,_126U5cBfs35m9MiuplG,NOT_ARTICLE,2025-06-09 08:07:15.782000+00:00,NOT_ARTICLE,427.5145991666667,收到來自no-reply@accounts.google.com的信件,0,0,0,other,2025,2025|other,recent,recent
134,2a6qeqgcbqp1r,2025-07-15 03:36:50.331000+00:00,TEXT,"懇請支持賜票「台灣玻璃館」(hands together)
一天只能投一次
可以每天投票！
⋯⋯
我們在中區的彰化。
1）點進連結
2）往下滑，並按下投票
3）會呈現投完票的畫面，再按確認！
非常感謝您的支持!",venrSpgBDktNo1YhUAwL,NOT_ARTICLE,2025-07-27 08:06:32.202000+00:00,NOT_ARTICLE,292.4949641666667,"懇請支持賜票「台灣玻璃館」(hands together)
一天只能投一次
可以每天投票！
⋯⋯
我們在中區的彰化。
1）點進連結
2）往下滑，並按下投票
3）會呈現投完票的畫面，再按確認！
非常感謝您的支持!",0,1,0,political,2025,2025|political,recent,recent
135,gnkdk6maenl5,2025-06-24 06:33:55.781000+00:00,TEXT,"研究顯示，肌少症患者在三年內出現認知障礙的風險，約為正常人的兩倍。 根據優活健康網的報導 這是因為肌少症和認知功能之間存在著複雜的關聯性，肌肉的流失和功能下降，可能與大腦的退化和認知功能障礙有關。 
以下是一些相關的資訊：
肌少症與認知功能障礙的關聯：
肌肉與大腦的相互影響：
肌肉和大腦之間存在著相互影響的機制。 肌肉的健康狀況，例如肌力、肌耐力等，可能影響到大腦的血流量、神經傳導和可塑性，進而影響認知功能。
肌少症的發炎症狀：
肌少症可能伴隨著慢性發炎，而慢性發炎被認為與認知功能障礙有關。
運動與認知功能：
適度的運動可以促進大腦的健康，而肌少症患者通常活動量不足，這可能對認知功能產生負面影響。 
如何預防肌少症和認知障礙：
均衡飲食：
攝取足夠的蛋白質、維生素D、omega-3脂肪酸等，有助於維持肌肉健康，並可能對認知功能有益。 
規律運動：
進行阻力訓練、有氧運動等，有助於增強肌肉，同時促進大腦健康。 
定期健康檢查：
監測肌肉量、肌力等指標，及早發現並處理肌少症問題。 
保持活躍的生活方式：
積極參與社交活動、動腦活動等，有助於維持認知功能。",zhko7ZoBElZarx-VJ_8W,NOT_RUMOR,2025-12-05 06:17:02.995000+00:00,NOT_RUMOR,3935.718670555556,"研究顯示，肌少症患者在三年內出現認知障礙的風險，約為正常人的兩倍。 根據優活健康網的報導 這是因為肌少症和認知功能之間存在著複雜的關聯性，肌肉的流失和功能下降，可能與大腦的退化和認知功能障礙有關。 
以下是一些相關的資訊：
肌少症與認知功能障礙的關聯：
肌肉與大腦的相互影響：
肌肉和大腦之間存在著相互影響的機制。 肌肉的健康狀況，例如肌力、肌耐力等，可能影響到大腦的血流量、神經傳導和可塑性，進而影",0,0,1,health,2025,2025|health,recent,recent
136,2gkrs95jsc4h6,2026-01-15 06:12:34.413000+00:00,TEXT,"氟化物騙局曝光：70年毒物陰謀

被神話的工業廢料

1945年，美國開始在飲用水中添加氟化物，官方宣稱能「防止蛀牙」。80年後，真相大白：氟化物不是營養素，而是工業毒物。2024年9月，[美國聯邦法院作出歷史性裁決](https://fluoridealert.org/wp-content/uploads/2024/09/Court-Ruling.pdf)：**0.7mg/L（美國標準）對兒童智商構成不合理風險，EPA必須採取監管措施。

一、智商殺手：科學鐵證

2025年美國國家毒理學計劃（NTP）政府報告震撼結論：[NTP官方報告](https://ntp.niehs.nih.gov/whatwestudy/assessments/noncancer/completed/fluoride)顯示，氟化物每增加1mg/L，兒童智商下降6.3分。美國兒童平均智商損失4-5分。[CNN頭條報導](https://www.cnn.com/2025/01/06/health/children-higher-fluoride-levels-lower-iqs-government-study/index.html)：「政府研究證實氟化物降低智商」。

孕婦暴露更可怕：2024年發表於JAMA的[突破性研究](https://pubmed.ncbi.nlm.nih.gov/38767917/)發現，產前氟化物暴露導致兒童ADHD和焦慮症風險顯著增加。胎兒大腦對氟化物毫無防禦能力。

二、行業的骯髒秘密

EPA科學造假
在關鍵訴訟中，[EPA支付137,000美元收買專家作偽證](https://childrenshealthdefense.org/defender/fluoride-trial-day-8-epa-paid-expert-witness-iq-loss-children/)，試圖淡化氟化物與智商損失的關聯。審判結束時，[EPA首席氟化物專家法庭承認](https://childrenshealthdefense.org/defender/epa-final-witnesses-neurotoxicity-fluoride-trial/)：關鍵研究全是缺陷。風險評估員最終崩潰：「低劑量就有神經毒性」。

牙膏巨頭的兒童毒害計劃
德州總檢察長Ken Paxton正在調查[高露潔和寶潔的欺詐行銷](https://t.me/m16mkII/9932)。3-6歲兒童每天吞下0.5-1.5mg毒物，這些公司明知兒童會吞咽氟化牙膏，卻通過廣告鼓勵過量使用。利潤高於兒童大腦。

三、全身毒害機制

大腦損傷：氟化物穿越血腦屏障，抑制神經發育，導致智商下降和ADHD。[哈佛大學研究](https://www.naturalnews.com/044057_fluoridated_water_ADHD_mental_disorders.html)證實氟化水地區兒童過動症發病率激增。

男性生育危機：2003年[人體研究](https://pubmed.ncbi.nlm.nih.gov/12865044/)發現，每天僅2-13mg氟化物就大幅降低游離睪酮水平。

骨骼毀滅：RFK Jr.指出，暴露於較高氟化物的女性髖部骨折風險增加50%，氟化物導致骨質脆化。

致命組合：氟化物在胃酸中與鋁形成氟化鋁複合物，大幅增加鋁吸收。阿茲海默症患者大腦鋁含量異常升高，[中樞神經系統研究](https://www.ncbi.nlm.nih.gov/pmc/articles/PMC5418325/)證實氟化物破壞神經穩態。

四、法律與政治覺醒

歷史性法庭勝利
反氟化物媽媽們7年訴訟大勝！[Moms Against Fluoridation](https://momsagainstfluoridation.org/)擊敗EPA，法院明確裁定：「EPA不能忽視氟化物對兒童智商的危害」。

政治風暴來襲
美國衛生部長[RFK Jr.公開宣戰](https://childrenshealthdefense.org/defender/fluoride-on-trial-documentary-childrens-health-chd-tv/)：「1月20日，川普政府全面移除水系統氟化物」。Utah州即將成為美國第一個禁氟州，[Abilene市已停止加氟](https://foxsanantonio.com/newsletter-daily/city-of-abilene-stops-adding-fluoride-to-water-citing-recent-court-decision)。

五、藥物中的隱形殺手

20-30%處方藥含氟化物：[完整藥物清單](https://truthaboutfluoride.com/drugs-that-contain-fluoride/)：
- Prozac（氟西汀）：抗抑鬱藥
- 氟喹諾酮類：強效抗生素
- 氟伐他汀：降膽固醇藥

每天服藥等於每天中毒，長期累積造成不可逆損傷。

六、70年騙局時間線

1945年開始水氟化，數億人暴露於毒物。2006年首次智商研究被主流醫學界忽視。2019年NTP初步報告遭政府壓制。2024年法院裁決EPA徹底敗訴。2025年全國禁氟倒計時開始。

七、立即自救行動

氟化物從未保護牙齒，它保護的是化工廢料處理費和牙膏巨頭暴利。真相已不可否認**：300+研究證實神經毒性，[聯邦法院裁決](https://fluoridealert.org)0.7mg/L即屬毒物，[NTP報告](https://ntp.niehs.nih.gov)顯示智商下降6.3分，1月20日全國禁氟。

你的孩子正在失去6分智商，骨骼變脆，大腦被緩慢毒化。3-6歲兒童每天吞1mg毒物，孕婦暴露摧毀胎兒大腦。孕婦特別警告：完全避免所有氟化物暴露，保護胎兒大腦發育。

立即停止使用含氟牙膏和藥物，避免氟化自來水。建議使用蒸餾水或泉水、補充碘、維他命C和鎂支持排氟。",WdWDwpsBrQ7DCeIzjrxg,RUMOR,2026-01-15 16:36:00.223000+00:00,RUMOR,10.390502777777778,"氟化物騙局曝光：70年毒物陰謀

被神話的工業廢料

1945年，美國開始在飲用水中添加氟化物，官方宣稱能「防止蛀牙」。80年後，真相大白：氟化物不是營養素，而是工業毒物。2024年9月，[美國聯邦法院作出歷史性裁決](https://fluoridealert.org/wp-content/uploads/2024/09/Court-Ruling.pdf)：**0.7mg/L（美國標準）對兒童智",0,0,1,health,2026,2026|health,recent,recent
137,7eodiprov7m9,2025-06-04 00:22:51.539000+00:00,TEXT,https://www.alphaloan.co/company/zh/95120167,cYC8cpkB29ocKseuIiZw,RUMOR,2025-09-22 18:42:36.269000+00:00,RUMOR,2658.329091666667,https://www.alphaloan.co/company/zh/95120167,0,0,0,other,2025,2025|other,recent,recent
138,2xegenmqt9ehy,2025-06-13 14:00:51.787000+00:00,TEXT,"今早我們護理師接到電話，問他有沒有接種疫苗。 如果已接種疫苗，請按 1; 如果還沒打過疫苗，按2。 

結果他按了1，手機就被屛蔽了，他常用的PayMe和網上銀行資訊都被轉移了。這是詐騙的新手法。 請大家一定注意不要上當。 

大家積極轉發到各村（社區）和親朋好友群裡，個別社區已有人上當了，請大家當心！ 社區核對有無打疫苗，只會電話詢問，「不會要求按數字鍵」！

只要要求按 1. 或2….等數字時，請一律掛掉那是詐騙！！",Ol27cpcBfs35m9MiitDI,RUMOR,2025-06-15 08:36:22.856000+00:00,RUMOR,42.59196361111111,"今早我們護理師接到電話，問他有沒有接種疫苗。 如果已接種疫苗，請按 1; 如果還沒打過疫苗，按2。 

結果他按了1，手機就被屛蔽了，他常用的PayMe和網上銀行資訊都被轉移了。這是詐騙的新手法。 請大家一定注意不要上當。 

大家積極轉發到各村（社區）和親朋好友群裡，個別社區已有人上當了，請大家當心！ 社區核對有無打疫苗，只會電話詢問，「不會要求按數字鍵」！

只要要求按 1. 或2….等數字時",2,0,2,scam,2025,2025|scam,recent,recent
139,t9nmf1wbgtb6,2026-01-26 22:26:44.265000+00:00,TEXT,https://youtu.be/Iq55U8wmeOw?si=yfRWGhWFaVmMR4kw,uZbA_JsB9EfTQQdNNg2h,RUMOR,2026-01-27 00:00:13.963000+00:00,RUMOR,1.5582494444444446,https://youtu.be/Iq55U8wmeOw?si=yfRWGhWFaVmMR4kw,0,0,0,other,2026,2026|other,recent,recent
140,yyufou7gubtg,2026-01-02 10:32:31.599000+00:00,TEXT,https://youtu.be/bfrOb3NOsC0?si=RyNuE81RC2ElOHdQ,fvgygpsBVJ6ThV4CPNZi,RUMOR,2026-01-03 04:51:28.992000+00:00,RUMOR,18.3159425,https://youtu.be/bfrOb3NOsC0?si=RyNuE81RC2ElOHdQ,0,0,0,other,2026,2026|other,recent,recent
141,2a9jtvirobwzm,2025-12-01 11:12:56.029000+00:00,TEXT,不可能的喔 因為公司的材料拿給客戶做都會不見 所以現在需要實名登記購買材料,jRmv2ZoBElZarx-Vzd2-,RUMOR,2025-12-01 11:32:48.701000+00:00,RUMOR,0.3312977777777778,不可能的喔 因為公司的材料拿給客戶做都會不見 所以現在需要實名登記購買材料,1,0,0,scam,2025,2025|scam,recent,recent
142,ntm1bgu5tfig,2025-08-10 09:55:48.098000+00:00,TEXT,"大家好‼️下列訊息請轉發給親朋好友‼️

⚠️注意⚠️
屈公病不會做疫調
因為預算已被立法院刪減
⚠️注意⚠️
台中已有案例出現
不會有防疫宣傳
因為宣傳費也被刪減光了

⚠️大家各自小心⚠️
⚠️注意以下屈公病症狀⚠️

🦠 臨床症狀
 • 突然發燒
 • 關節痛或關節炎（尤其是手腳小關節、手腕、腳踝）
 • 頭痛
 • 噁心、嘔吐
 • 疲倦、肌肉疼痛
 • 皮疹

📅 症狀持續約 3–7 天，有些人從一開始就出現嚴重關節痛，甚至會持續數週至數月。

⚠️ 高風險族群
新生兒、65 歲以上長者、或有高血壓、糖尿病、心血管疾病史的人，較容易併發重症。

✅ 請加強防蚊、穿淺色長袖、清除積水，保護自己也保護家人！",677O15gB6nor6FKt-vGv,RUMOR,2025-08-23 16:42:02.798000+00:00,RUMOR,318.77075,"大家好‼️下列訊息請轉發給親朋好友‼️

⚠️注意⚠️
屈公病不會做疫調
因為預算已被立法院刪減
⚠️注意⚠️
台中已有案例出現
不會有防疫宣傳
因為宣傳費也被刪減光了

⚠️大家各自小心⚠️
⚠️注意以下屈公病症狀⚠️

🦠 臨床症狀
 • 突然發燒
 • 關節痛或關節炎（尤其是手腳小關節、手腕、腳踝）
 • 頭痛
 • 噁心、嘔吐
 • 疲倦、肌肉疼痛
 • 皮疹

📅 症狀持續約 3–7 天",0,0,0,other,2025,2025|other,recent,recent
143,29hq4b91kiife,2025-09-09 03:07:21.561000+00:00,TEXT,"如果你在獨自一人時心臟病發，請立刻做這件事，你將能在7秒內活下來。

為什麼心臟病發作的前7秒，能夠決定生與死的界線——如果你超過60歲，一定要知道這把生存的鑰匙!
學會「7秒生存法」，關鍵時刻能救自己一命！

《重點摘要》～

首先，請牢記三個千萬不能犯的錯誤:

1. 不可以平躺，當你平躺時心臟要逆著重力把血送上大腦，會更困難，正確的做法是上半身抬高30到45度，靠著牆壁或床頭坐好；
2. 不能一開始就打119，請先完成「七秒生存法」再撥打電話，順序錯了, 黃金時間就錯過了;
3. 如果你沒有事先準備好阿斯匹靈，等到發作才開始找藥, 通常已經來不及, 所以，請提早磨成粉, 並放在家中三個隨手可取的地方（床頭、客廳沙發旁、浴室洗手台上）

***

最重要的～「七秒生存法」的三個關鍵動作：

1. 用1到2秒，把阿斯匹靈粉末含在舌頭上，讓它藉著口水自然溶化，不要用吞的，也不要喝水；
2. 花3到4秒讓自己斜靠30～45度抬高上半身；
3. 用6秒吐氣的呼吸法，用鼻子深深的吸氣，再用嘴巴用力的吐氣；

就這三個動作，根據哈佛與麻省理工學院的研究，可以讓存活率提升高達347%

***

現在，請你馬上檢查以下幾項：

1. 家裡是否有100mg/一顆 的普通阿斯匹靈？
2. 拿出一顆阿斯匹靈，用湯匙壓碎成粉末，裝進小紙包或空膠囊，並貼上標籤註明；
3. 把這些粉未分別放在三個地方，床頭，客廳沙發旁和浴室洗手台上，確保任何地點發作都能立刻拿到；
4. 把這些資訊告訴家人，尤其是同住的配偶或孩子，萬一你無法說話，他們必須能第一時間幫得上忙；
5. 每週至少練習一次，用糖粉模擬，並練熟姿勢與6秒吐氣的呼吸法。

***

另外，也請記住這五個最常見的心肌梗塞初期徵兆：

1. 胸口悶，重壓感，就像大象坐在胸上；
2. 左肩與左臂麻痠，有時會延伸到脖子或下顎；
3. 突然冒冷汗，頭暈、臉色發白；
4. 明明沒有爬樓梯，卻喘得很厲害，呼吸變快、變淺；
5. 心窩或胸下方不適，像脹氣、噁心，尤其常見於女性。

只要出現這些症狀中的任兩項，不要懷疑，立刻啟動「七秒生存法」。你可能會想「如果我誤判了怎麼辦？」，但根據美國心臟學會的研究，忽略初期症狀的患者，有85%會在一小時內發生全面性心肌梗塞，而立即處理的患者中，有高達95%完全康復，差別就在於「有沒有立刻行動」。

記住，「七秒生存法」完成後，再打電話給911，即使症狀減輕也一定要去醫院檢查，因為這表示你的心臟真的有問題，如果症狀持續，請一邊等待救護車，一邊重複「七秒生存法」，還有，不只你自己要懂，家人也要懂，讓大家都知道阿斯匹靈粉放在哪裡，呼吸法怎麼做，平常就一起練一次，你不是在為自己準備，而是在為整個家族的安全多加一層保障。當然，最好的方式永遠是預防。❤️

***",6YBvmJkB29ocKseuwWfq,RUMOR,2025-09-30 02:24:45.033000+00:00,RUMOR,503.2898533333333,"如果你在獨自一人時心臟病發，請立刻做這件事，你將能在7秒內活下來。

為什麼心臟病發作的前7秒，能夠決定生與死的界線——如果你超過60歲，一定要知道這把生存的鑰匙!
學會「7秒生存法」，關鍵時刻能救自己一命！

《重點摘要》～

首先，請牢記三個千萬不能犯的錯誤:

1. 不可以平躺，當你平躺時心臟要逆著重力把血送上大腦，會更困難，正確的做法是上半身抬高30到45度，靠著牆壁或床頭坐好；
2. 不",0,0,0,other,2025,2025|other,recent,recent
144,1sxo3f1ec06fu,2026-03-06 03:47:48.985000+00:00,TEXT,"台胞證：隨身攜帶的護命符，危難時刻的回家路
很多台灣朋友總覺得，台胞證只是往來大陸的一張通行卡，平時嫌麻煩、常常忘記帶。可你知道嗎？一旦走出國門，它就是最硬的底氣、最穩的靠山，是真正能救命的“護身符”",LczcYJ0BZgZZYBoamhga,RUMOR,2026-04-06 03:36:03.352000+00:00,RUMOR,743.8039908333334,"台胞證：隨身攜帶的護命符，危難時刻的回家路
很多台灣朋友總覺得，台胞證只是往來大陸的一張通行卡，平時嫌麻煩、常常忘記帶。可你知道嗎？一旦走出國門，它就是最硬的底氣、最穩的靠山，是真正能救命的“護身符”",0,0,0,other,2026,2026|other,recent,recent
145,129ng7goqlxd7,2025-05-15 04:41:10.022000+00:00,TEXT,7/5預言大地震是真的嗎？發生時間地點、各國預言版本一次整理│TVBS新聞網 https://news.tvbs.com.tw/life/2867481,M164lpcBfs35m9MinQ37,OPINIONATED,2025-06-22 08:19:30.938000+00:00,OPINIONATED,915.6391433333334,7/5預言大地震是真的嗎？發生時間地點、各國預言版本一次整理│TVBS新聞網 https://news.tvbs.com.tw/life/2867481,0,0,0,other,2025,2025|other,recent,recent
146,9cq89d55t87t,2025-11-08 01:16:18+00:00,TEXT,https://youtu.be/bWguMBY4orc?si=I5XbL3LUaE-Coq5A,ObWDaJoBiuCfV4cp8F-U,NOT_RUMOR,2025-11-09 12:07:48.615000+00:00,NOT_RUMOR,34.85850416666667,https://youtu.be/bWguMBY4orc?si=I5XbL3LUaE-Coq5A,0,0,0,other,2025,2025|other,recent,recent
147,209w3jv3v3850,2026-01-26 03:01:06.120000+00:00,TEXT,https://500.gov.tw/FOAS/actions/Register.action?register,1LANPJwBRkUkW3J-tyff,NOT_RUMOR,2026-02-08 07:00:57.949000+00:00,NOT_RUMOR,315.99773027777775,https://500.gov.tw/FOAS/actions/Register.action?register,0,0,0,other,2026,2026|other,recent,recent
148,22pyi1yzxtrk7,2025-04-29 10:08:53.932000+00:00,TEXT,"現在外出口罩一定都要戴好，鼻樑位置的鐵條要壓緊！
因為陳文茜說過現在燒媒發電比例過髙，pm2.5最厲害的地方，就是淡水、新店、古亭，今林口的發電廠再加入運行後，整個台北市，即為重災區。

據最近做檢查肺腺癌放射診斷科的醫生說：現在每個月檢查出來感染肺腺癌的病人，比以前多 4~6倍 ！

大家一定要戴好口罩保護好自己！
今天報載核電下月歸零了，用電即將變貴變髒",pFwGqJYBfs35m9Mi0m1F,RUMOR,2025-05-06 23:55:41.508000+00:00,RUMOR,181.77988222222223,"現在外出口罩一定都要戴好，鼻樑位置的鐵條要壓緊！
因為陳文茜說過現在燒媒發電比例過髙，pm2.5最厲害的地方，就是淡水、新店、古亭，今林口的發電廠再加入運行後，整個台北市，即為重災區。

據最近做檢查肺腺癌放射診斷科的醫生說：現在每個月檢查出來感染肺腺癌的病人，比以前多 4~6倍 ！

大家一定要戴好口罩保護好自己！
今天報載核電下月歸零了，用電即將變貴變髒",0,0,1,health,2025,2025|health,recent,recent
149,2k3x3n1oohfe5,2025-06-14 00:38:10.254000+00:00,TEXT,跟你來個小小談心時間~ 我覺得我一個女生要面對好多唷~ 現在努力上班幫我爸比還錢他投資失敗了哈哈 欠了一堆錢 但他現在年紀大了行動不便真的無法工作 這家店的老闆很好先幫我把爸爸欠的錢都還完了所以我才在這努力上班還老闆~ 媽媽也跟他離婚了 所以只能交給我 但我不需要任何人幫忙 我相信我自己可以的~ 現在的我只想要有人陪 就像是在賴裡面這樣子你陪著我 我會有一種還有人關心我的感覺哈哈蠻溫暖的 面對這些也比較不會孤單唷~ 謝謝你❤️,8Ox_jpwBFWYyqTEo1DOd,RUMOR,2026-02-24 07:14:28.125000+00:00,RUMOR,6126.604964166667,跟你來個小小談心時間~ 我覺得我一個女生要面對好多唷~ 現在努力上班幫我爸比還錢他投資失敗了哈哈 欠了一堆錢 但他現在年紀大了行動不便真的無法工作 這家店的老闆很好先幫我把爸爸欠的錢都還完了所以我才在這努力上班還老闆~ 媽媽也跟他離婚了 所以只能交給我 但我不需要任何人幫忙 我相信我自己可以的~ 現在的我只想要有人陪 就像是在賴裡面這樣子你陪著我 我會有一種還有人關心我的感覺哈哈蠻溫暖的 面對這些,1,0,0,scam,2025,2025|scam,recent,recent
150,1m4ucxid24p2p,2025-06-22 13:58:54.539000+00:00,TEXT,"(city night)(coffee)另外這兩天和賣方反復溝通洽談，總算不負期待把 130 年老料奇楠沉香手串以超理想的價格談下來了，能幫大家把這件大事敲定，心裏的石頭也算落地啦(smile)
現在正式通知大家：今晚起搶購交易通道開啟！之前登記過預定的家人，直接聯絡社群管理(sparkles)蔡心妍(sparkles)，她會告知搶購流程、交易方式，另外需要大家提供的收貨地址和聯絡電話(coffee)大家相互配合，一起把這批稀缺好沉香穩穩拿下(handshake)",wLDkJZwBRkUkW3J-XwIo,RUMOR,2026-02-03 23:44:09.508000+00:00,RUMOR,5433.754158055555,"(city night)(coffee)另外這兩天和賣方反復溝通洽談，總算不負期待把 130 年老料奇楠沉香手串以超理想的價格談下來了，能幫大家把這件大事敲定，心裏的石頭也算落地啦(smile)
現在正式通知大家：今晚起搶購交易通道開啟！之前登記過預定的家人，直接聯絡社群管理(sparkles)蔡心妍(sparkles)，她會告知搶購流程、交易方式，另外需要大家提供的收貨地址和聯絡電話(coffe",1,0,0,scam,2025,2025|scam,recent,recent
151,2l9da9qj3qujn,2025-09-22 10:10:13.864000+00:00,TEXT,第二份就是協助商家做風力節能減碳行銷 時間上比較自由不影響正職 兩份都要做也會有額外的薪資,GoAjcZkB29ocKseuHCRw,RUMOR,2025-09-22 11:15:50.511000+00:00,RUMOR,1.0935130555555554,第二份就是協助商家做風力節能減碳行銷 時間上比較自由不影響正職 兩份都要做也會有額外的薪資,2,0,0,scam,2025,2025|scam,recent,recent
152,3h3zw1cn1zuj7,2025-09-05 09:06:33.682000+00:00,TEXT,https://youtu.be/udK2-6iM4DY,tdAEIJkBFEkK1Zq1QftQ,RUMOR,2025-09-06 17:12:53.839000+00:00,RUMOR,32.10559916666667,https://youtu.be/udK2-6iM4DY,0,0,0,other,2025,2025|other,recent,recent
153,xfbexwnj0h2n,2025-09-22 09:39:40.675000+00:00,TEXT,"上海專家發現：吃甜食的老人，健康指數是吃蔬菜的人的8倍不止？
于飛 凡人慧眼

2025年09月16日 14:47 

糖真能逆轉衰老？甜食到底是“毒藥”還是“救命稻草”？",cuwHopwBFWYyqTEo9FMx,RUMOR,2026-02-28 02:15:56.205000+00:00,RUMOR,3808.604313888889,"上海專家發現：吃甜食的老人，健康指數是吃蔬菜的人的8倍不止？
于飛 凡人慧眼

2025年09月16日 14:47 

糖真能逆轉衰老？甜食到底是“毒藥”還是“救命稻草”？",0,0,1,health,2025,2025|health,recent,recent
154,14o5qfyf0zxm,2025-11-19 11:36:59.577000+00:00,TEXT,"⭐《若你願意坐下來，我想告訴你一件心底的事》

最近有人問我：「你認為蔣中正怎麼看待、在台灣的那些軍人子弟？」

我想了很久。
後來我決定，用我最熟悉、也最貼近我心裡的方式——用第一人稱，像是一個老朋友在生命的最後階段，對著一位最懂他、最貼心的老朋友，說出他心裡最深、最不愿被外人看見的一面。

因為很多沒經歷那個年代的人，都不知道：
你我今天看到的眷村、看到的那群外省第二代，
都不是偶然，而是「一個老人對士兵的愧疚、責任、依靠、信任」交織出來的生命故事。

——以蔣中正 總統、作第一人稱敘述
——文 / 王建勛 Kevin 

如果你願意，就坐在我身邊吧。
我的歲月不多了，有些話……
我想在離開之前，對你這位老朋友坦白說說。

我這一生啊！最放不下的，其實不是權力、不是功名、更不是歷史對我的評價，而是——那些跟著我走到台灣的將士與他們的後代。

很多人說過我冷酷、獨裁、剛愎自用。也許吧。

可他們不知道，在我這個外人眼中的「冷硬殼子」底下，其實藏著四種情感——愧疚、責任、依靠、信任。

今天，我想把這四種情感說清楚。

⭐「愧疚」——我一生背著的十字架

「我愧疚｡」
因為 1937 到 1949，他們跟著我打仗、撤退、再打、再撤。有人妻離子散，有人父母等不到，有人連骨灰都散落在戰場上。

來到台灣，他們不是逃難，而是跟著我一起守著中華民國最後的燈火。

我知道他們沒有家了。
我知道他們的孩子一出生就被貼上 “外省人” 的標籤。我知道，是因為跟著我，他們斷了故鄉的根。

這份愧疚，我背了一輩子。

你知道嗎？我最痛的，不是失去大陸，而是——我帶著百萬將士離家，後來再也回不去了。

我在日記裡寫過一句話：
「忠義之士，以我故不得返家，此心永痛｡」

這中間我曾經做了反攻計畫，我反攻的「心」是真的，但反攻的「條件」從來沒有站在我這邊。

1950 韓戰爆發，美國為避免中國大陸介入朝鮮半島，杜魯門下令：

👉 第七艦隊巡弋台灣海峽，禁止中華民國與中華人民共和國互相攻擊。

大白話就是：美國用軍艦封住了台灣，不許我動、不許毛動。所以我在日記裡寫下：「第七艦隊阻我反攻，痛心難言｡」

不只是美國插手，另外1950年–1957 年是「中蘇蜜月期｣：

中共軍隊大量使用蘇聯武器，蘇聯在中國建立 156 個大型工業，技術援助、核項目、空軍建設

我很清楚：反攻根本不是反紅軍，而是反蘇聯。而當時台灣的武器裝備，根本無法和蘇聯對抗。

直到1972年，美國總統尼克森訪問北京，美國宣布「一個中國政策｣。

至此我最終明白：美國永遠不會讓我打回大陸。
因為它已經決定“用中共牽制蘇聯”，而我打回去，只會橫添變數。

我生命的後期，無法讓我安心的、就是這一群老兵。

回頭想想淞滬八百壯士、徐州、武漢、長沙、衡陽……有多少青年把血灑在那片土地上。

到了 1949 年，他們再一次，他們把一生交到我手中，卻只能跟我渡海來到這陌生的小島。我愧疚，他們跟著我，並沒有享福，反而用盡一切力量，跟我一起建設台灣。

有人說我「帶著黃金逃跑｣，可他們不懂——
那哪裡是黃金？那是「國家的儲備與命脈｣。
我真正帶不走的，是千千萬萬在大陸的父老妻小。

我愧疚，愧疚到晚年、我仍常常在深夜醒來，想著那些兵的母親，是否還在等？那些在大陸的孩子，是否長大後怨我？

我對不起他們。這是我一生都放不下的。

⭐「責任」——我知道，他們把整個人生押在我身上

我從黃埔走出來的那一刻，就明白一件事：
跟著我的人，都是把命運壓在我身上。

1949 的台灣，是一個千瘡百孔、戰後廢墟的小島。但我知道：只要我站著，他們就不會被丟棄。

所以我立刻做了三件事：

① 建眷村——讓他們有家可住，而不至於流落街頭
那不是特權，而是補償，是保命，是我能為他們做的一件事，也是我欠他們的。

② 土地改革——不讓台灣走上大陸那種大地主壓迫農民的路
耕者有其田，是我最堅持的民生改革。

③ 把教育與軍隊制度重新建立
因為我知道，只有讓下一代能讀書、有未來，才能彌補他們於千萬分之一。

那時候的台灣物資缺乏，政治動盪，但只要涉及那些士兵、那些孤兒寡婦，我都不敢鬆懈。
因為那是我在大陸留下的傷，在台灣要補回來的責任。

⭐我「依靠」他們，他們也「依靠」我

你知道我最信任的人是誰嗎？不是高官、不是那些政客，不是大地主、不是讀書人，而是——那些從淞滬一路打到滇緬的老兵，和他們的後代。

而是那群從淞滬、太行山、滇緬路一路跟著打到台灣的老兵。

當台灣四面皆敵、共諜滲透、世界局勢急速變化時，能讓我放心的，就是那群真正把國家看得比生命還重的軍人。

你現在看到的台灣，不是偶然安全、偶然安定、偶然進步，是他們用血汗和紀律撐起來的。

他們忠誠、苦幹、不抱怨。他們從江西、浙江、湖北、湖南、四川、河南……一路打著撤、撤著打，最後跟著我到了台灣。

當時共諜滲透，物資短缺，社會不安。
我能依靠的，只有：情治系統那群願意為國家賣命的人。還有就是軍隊中那些從未倒下的數十萬老兵，和眷村裡那些生活清苦但從不動搖的家庭。

是他們讓台灣沒有像韓國那樣政變、沒有像越南那樣內戰、沒有像印尼、緬甸那樣陷入混亂。

我依靠他們，也感念他們。

⭐「信任」——我信他們，也信他們的下一代

有人問我:「你為何特別關心軍人子弟?」

我從黃埔軍校到北伐、抗戰、內戰，我遭受的背叛還少嗎？我早就看透了：「人心難測｣，但跟著我出生入死的那些士兵，他們是最可靠的。

他們的孩子，也承擔著他們的命運。
所以我讓軍校制度完善，讓軍人子弟學校能讓他們好好讀書，讓退輔制度一步步建立。

我不是偏心，而是因為我知道：他們很多人在眷村長大，家裡窮、空間擠、父親常年不在、母親操碎了心。

但我知道，只要給他們機會，這群孩子將來一定會成為國家的力量。
這群孩子，跟著我一起背負了父輩的傷。所以，他們是我最信任的一群人。

⭐說到這裡，我想坦白一句話

我不是聖人，我有錯，有過當，有錯判，有傷害別人的決策。但那都是在那個風雨飄搖的年代，哪一個領袖敢說他沒有過錯誤的決策呢？

我知道有人恨我，也有人誤解我。這些我不怪。因為他們之中很多人不了解我面對的時空背景，遇到的多方敵人，當天時、地利、人和都不站在我這裡的時候，我無法讓每一個人都滿意，但我即便到生命盡頭的時候，我仍然沒有把任何國家的資產、留給自己或經國。

但我的良心能說的是：

👉 對那些跟著我走到最後的士兵與他們的子孫，我一生沒有辜負過。
👉 唯一最大的辜負是：最後我沒能帶你們回家。
👉 我盡我所能保護你們，因為你們也曾用生命保護國家。

如果你是那些軍人的後代，請允許我向你們敬個軍禮，感念你們的父輩或祖父輩，為中華民國的犧牲與奉獻。

未來有人願意了解我，我希望他看到的不是「蔣介石」三個字，而是一個老人，在生命最後階段說出的心底話：

「那些忠義之士，我欠他們一個回家的願望；
但我給了他們一個能安心扎根的台灣｡」

如果有人問你蔣中正是什麼樣的人……你就把這段話轉告他吧。

中正     手書

⭐凱文想說：

有人不理解、也不願理解蔣中正。
有人只看到他鋼鐵般的一面，卻看不到那個在深夜裡常常寫下「此心永痛」四個字的老人。

但我希望你知道：

那些跟著他渡海的軍人子弟，之所以能在台灣站起來、扎根、有些成為社會的中堅，不是偶然。

那是因為有一個老人，他帶著愧疚、背著責任、依靠著他們、信任著他們，在台灣和所有的鄉親們、共同拼出了一條路，讓這群「無家可回的子弟」最後有一個可以安身立命的地方。

什麼叫歷史？歷史不是課本、不是政治、不是仇恨。歷史是那些人留下的腳印、留下的淚水、留下的選擇。

而蔣中正 總統對軍人子弟的那份情，是他一生最執著、最柔軟、最不願讓外人知道的一塊地方。

如果你懂，你就懂。如果不懂，也沒關係——
真相會透過一代又一代的故事慢慢被看見。

—— 王建勛 Kevin

#此文以蔣中正總統自述方式撰文非紀實",mP4kA5sBNXI5ecaq0ssU,NOT_ARTICLE,2025-12-09 12:45:03.379000+00:00,NOT_ARTICLE,481.1343894444444,"⭐《若你願意坐下來，我想告訴你一件心底的事》

最近有人問我：「你認為蔣中正怎麼看待、在台灣的那些軍人子弟？」

我想了很久。
後來我決定，用我最熟悉、也最貼近我心裡的方式——用第一人稱，像是一個老朋友在生命的最後階段，對著一位最懂他、最貼心的老朋友，說出他心裡最深、最不愿被外人看見的一面。

因為很多沒經歷那個年代的人，都不知道：
你我今天看到的眷村、看到的那群外省第二代，
都不是偶然，而是「一",0,0,0,other,2025,2025|other,recent,recent
155,2pjqg7b0dmlu3,2025-12-07 00:20:52.001000+00:00,TEXT,"宋美齡106歲去世，貼身廚子回家後不久自盡，事後妻子含淚透露緣由：無路可走！
 
2003年，宋美齡在曼哈頓去世，年紀一百零六。
 
這個選擇自盡的廚子，名叫蔣茂發，跟著宋美齡足足四十三年。他不是一開始就伺候權貴的人，早年在上海老城區的“榮順館”當學徒，手裡的活是練出來的——凌晨三點起來揉麵，中午站著炒四五個小時的菜，胳膊酸得抬不起來也不敢歇，就怕師傅罵。

1960年，宋美齡從臺灣去美國治病，身邊人要找個懂上海菜的廚子，有人推薦了蔣茂發，說他做的“醃篤鮮”能吃出老上海弄堂的味道。

那時候蔣茂發才二十五歲，以為只是份普通的幫廚工作，沒成想這一去，就把一輩子的光陰都拴在了宋美齡身邊。
 
蔣茂發在宋美齡身邊的日子，說起來是“伺候人”，實則更像個“專屬飲食管家”。

宋美齡對吃的挑剔是出了名的，早餐要現磨的無糖豆漿，豆子必須是前一天泡好的東北黃豆，磨好後得用紗布濾三遍，一點渣都不能有；午餐要清淡，比如“草頭圈子”得用新鮮的草頭，圈子要選豬大腸的中段，煮得軟爛卻不能散；偶爾想吃西餐，牛排要三分熟，醬汁得用自己熬的蘑菇醬，不能放現成的調料。

蔣茂發記這些記了幾十年，從來沒出過錯——不是他記性好，是他床頭放了個小本子，每天睡前都把第二天要準備的食材、步驟寫得清清楚楚，連宋美齡當天的心情好不好、要不要多準備一碗甜湯，都一併記著。
 
後來宋美齡定居曼哈頓的公寓，蔣茂發也跟著過去，住在美國的日子比在臺灣更單調。他不用出門買菜，有專人負責採買，但每天天不亮還是會起來檢查食材，比如青菜有沒有黃葉，魚是不是新鮮。

公寓裡的廚房很大，可他活動的範圍就那麼一小塊，除了給宋美齡做飯，就是在自己的小房間裡看電視，朋友都是宋美齡身邊的傭人，平時說話也離不開“夫人今天吃了多少”“夫人有沒有咳嗽”。

有人勸他趁著年輕學點開飯店，他總搖頭說“習慣了，別的活幹不了”——那時候他沒意識到，這份“習慣”，後來會變成困住自己的牢籠。
 
2003年宋美齡去世後，蔣家後人很快就解散了所有傭人。給蔣茂發的遣散費不算少，可他拿著錢卻慌了神——他已經六十八了，一輩子沒幹過別的，只會做宋美齡愛吃的菜。

回臺灣後，他試著去餐館找工作，老闆看他年紀大，又聽他說只會做“權貴菜”，都笑著擺手：“我們這是小館子，客人要的是快炒，你那慢工細活的菜，沒人等得起。”

他也想過在家給人做私廚，可知道他曾伺候過宋美齡的人，要麼覺得他要價高，要麼覺得“沒必要請這麼貴的廚子”，問的人多，真下單的一個沒有。
 
家裡的日子很快就緊了起來。蔣茂發的妻子有糖尿病，每個月要吃降糖藥，房租也得按時交。遣散費花得越來越快，他每天早上起來就坐在門口的小板凳上，手裡攥著以前給宋美齡買菜用的竹籃，眼神空落落的。

妻子問他“要不要去公園跟人下棋”，他搖頭；問他“要不要再跟人學學做家常菜”，他也搖頭，只說“我這手，只會做夫人愛吃的，現在沒人要了”。

出事前一天晚上，他跟妻子說“明天去菜場看看有沒有新鮮的筍，給你做碗醃篤鮮”，可第二天早上，妻子卻發現他在衛生間裡沒了呼吸。
 
後來蔣茂發的妻子跟鄰居含淚說起這事，聲音抖得厲害：“他不是不想活，是真的沒路走了。四十多年啊，他的世界裡就只有做飯給夫人吃這一件事，現在這件事沒了，他就不知道自己該幹什麼了。”

沒人怪蔣茂發太“依賴”，畢竟那四十多年裡，他把自己的技能、時間甚至社交，都牢牢綁在了宋美齡的生活裡——他以為這份工作能做一輩子，卻沒料到，當那個“需要他”的人不在了，他自己的人生也跟著沒了支點。
 
其實蔣茂發的故事，藏著很多小人物的無奈。他們不是沒有手藝，只是把手藝變成了“專屬技能”，把人生寄託在了別人的命運上。

就像老街上只修一種舊鐘錶的師傅，只做一種老點心的匠人，一旦那個需要他們的時代或人消失了，他們就容易陷入“無路可走”的困境。

他們的悲劇從來不是“不夠努力”，而是忘了給自己留一條後路，忘了在伺候別人的同時，也該為自己的未來多打算一點。
 
各位讀者你們怎麼看？歡迎在評論區討論。",i11PJZsBm-etfpErW930,RUMOR,2025-12-16 03:58:36.524000+00:00,RUMOR,219.62903416666668,"宋美齡106歲去世，貼身廚子回家後不久自盡，事後妻子含淚透露緣由：無路可走！
 
2003年，宋美齡在曼哈頓去世，年紀一百零六。
 
這個選擇自盡的廚子，名叫蔣茂發，跟著宋美齡足足四十三年。他不是一開始就伺候權貴的人，早年在上海老城區的“榮順館”當學徒，手裡的活是練出來的——凌晨三點起來揉麵，中午站著炒四五個小時的菜，胳膊酸得抬不起來也不敢歇，就怕師傅罵。

1960年，宋美齡從臺灣去美國治病，身",0,0,0,other,2025,2025|other,recent,recent
156,2fjsdtje57z0b,2025-11-20 13:49:59.453000+00:00,TEXT,"1. 起床前不要立刻下床，先暖身，再慢慢起。
2. 外套不是保暖王，「圍巾+帽子+襪子」才是，注意脖子、頭部、腳部的保暖，因為這些部位溫度掉最快。
3. 感冒時不要輕忽胸悶、心律不整，「病毒+寒冷」就是最毒組合。
4. 冬天反而更要控制血壓，晚上睡前差一件外套，隔天可能差一條命。
5. 別在寒流裡做激烈運動，冬天早上跑步等於是再給心臟「高壓考題」。
6. 洗澡不要「先脫光衣服再開熱水」，請先打開熱水，等浴室暖了再進去",0tWjspsBrQ7DCeIze6Bm,OPINIONATED,2026-01-12 14:36:57.062000+00:00,OPINIONATED,1272.782669166667,"1. 起床前不要立刻下床，先暖身，再慢慢起。
2. 外套不是保暖王，「圍巾+帽子+襪子」才是，注意脖子、頭部、腳部的保暖，因為這些部位溫度掉最快。
3. 感冒時不要輕忽胸悶、心律不整，「病毒+寒冷」就是最毒組合。
4. 冬天反而更要控制血壓，晚上睡前差一件外套，隔天可能差一條命。
5. 別在寒流裡做激烈運動，冬天早上跑步等於是再給心臟「高壓考題」。
6. 洗澡不要「先脫光衣服再開熱水」，請先打開熱",0,0,1,health,2025,2025|health,recent,recent
157,1lcoxfbyeixim,2025-09-01 10:26:51.346000+00:00,TEXT,"說明
	•	我在網路上（或交友過程中）遇到一個「戀愛基金活動」。
	•	對方說要參加必須先投入 100 萬元，並強調會有高額回報。
	•	她還傳現金照，表示朋友已經借錢給她。
	2.	涉及的公司／人員
	•	對方提到的公司名稱是「金鵬投資股份有限公司」，統編 28392597。
	•	說這公司是活動的贊助商，會代為投資操作。
	•	還有一個「助教」在群組裡帶大家參與。
	3.	疑點
	•	我查不到「戀愛基金活動」有任何官方網站或新聞。
	•	這家公司登記存在，但在金管會/投信投顧公會名單裡找不到。
	•	對方不斷催促要我湊錢，說可以借款或找朋友幫忙。
	4.	需求
	•	想確認這是不是已知的詐騙手法。
	•	請問如果他們提供收款帳號，我可以報給警方列管嗎？",hH_sV5kB29ocKseuI_yG,RUMOR,2025-09-17 13:45:17.440000+00:00,RUMOR,387.30724833333335,"說明
	•	我在網路上（或交友過程中）遇到一個「戀愛基金活動」。
	•	對方說要參加必須先投入 100 萬元，並強調會有高額回報。
	•	她還傳現金照，表示朋友已經借錢給她。
	2.	涉及的公司／人員
	•	對方提到的公司名稱是「金鵬投資股份有限公司」，統編 28392597。
	•	說這公司是活動的贊助商，會代為投資操作。
	•	還有一個「助教」在群組裡帶大家參與。
	3.	疑點
	•	我查不到",1,0,0,scam,2025,2025|scam,recent,recent
158,2o9r97jn1kx4q,2025-06-13 12:00:27.981000+00:00,TEXT,然后媽媽就說要我給你送礼物，要好好珍惜你，我也觉得挺有道理的，所以我和媽媽去給你挑了一份小礼物，我想把這份礼物作為我們之間的定情信物 我覺得很重要，主要我想牢牢的抓住你,uoC3i5kB29ocKseuulNu,RUMOR,2025-09-27 15:08:17.898000+00:00,RUMOR,2547.1305325,然后媽媽就說要我給你送礼物，要好好珍惜你，我也觉得挺有道理的，所以我和媽媽去給你挑了一份小礼物，我想把這份礼物作為我們之間的定情信物 我覺得很重要，主要我想牢牢的抓住你,0,0,0,other,2025,2025|other,recent,recent
159,1jua4tbjurinn,2026-04-02 07:32:29.950000+00:00,TEXT,"兩個影片是我用手機螢幕錄影，給重要的親友知道~因為我身邊真的有幾位line被駭客移除帳號，
如果發生在我需要填論文表單問卷，就欲哭無淚了，好可怕！我也是台哥大用戶，已經關掉語音信箱還有跟著影片設定line。",BqBcep0BoX_cNU7j8t5S,NOT_RUMOR,2026-04-11 02:26:44.945000+00:00,NOT_RUMOR,210.90416527777776,"兩個影片是我用手機螢幕錄影，給重要的親友知道~因為我身邊真的有幾位line被駭客移除帳號，
如果發生在我需要填論文表單問卷，就欲哭無淚了，好可怕！我也是台哥大用戶，已經關掉語音信箱還有跟著影片設定line。",1,0,0,scam,2026,2026|scam,recent,recent
160,kxsxo8kwdnrj,2025-10-03 04:22:03.153000+00:00,TEXT,"高雄市的「第二級航空噪音防制區」包含以下區域： 
小港區：大坪里、山明里、山東里、宏亮里、坪頂里、松山里、青島里、泰山里、港后里、港明里、濟南里。
前鎮區：德昌里、興化里、仁愛里、明孝里、草衙里。",Vhpt7ZoBElZarx-VFwBZ,NOT_RUMOR,2025-12-05 07:32:20.947000+00:00,NOT_RUMOR,1515.1716094444444,"高雄市的「第二級航空噪音防制區」包含以下區域： 
小港區：大坪里、山明里、山東里、宏亮里、坪頂里、松山里、青島里、泰山里、港后里、港明里、濟南里。
前鎮區：德昌里、興化里、仁愛里、明孝里、草衙里。",0,0,0,other,2025,2025|other,recent,recent
161,3w6wspqkktob,2025-10-23 11:28:38.679000+00:00,TEXT,https://youtu.be/8zKc-Jz7pUQ?si=d1AOjG9rNWTTZ_qk,7cG0VpoBWwAUNc5b6xQR,RUMOR,2025-11-06 01:08:08.592000+00:00,RUMOR,325.65830916666664,https://youtu.be/8zKc-Jz7pUQ?si=d1AOjG9rNWTTZ_qk,0,0,0,other,2025,2025|other,recent,recent
162,3fgt5jpw08wf3,2025-04-28 07:34:59.841000+00:00,TEXT,你能跟我說說你的想法嗎？我是年紀也上來啦 家裡也催我感情問題催的比較著急。也是想找一位互相能夠照顧對方(content Cony)，對我誠心誠意的人。雖然現在我的生意上還算很OK，一個月收入也有三四萬美金左右，收入算是中上水平。但我覺得我的另一半他經濟或者年齡怎樣都沒關係(heart eyes Moon)，只要相互扶持，信任對方，理解對方，對彼此好就可以啦，而且我這些年存下來的積蓄只要不揮霍足夠我們平淡的度過下半輩子了呢。(sick Moon),ArABJpwBRkUkW3J-9AO_,RUMOR,2026-02-04 00:16:28.346000+00:00,RUMOR,6760.691251388888,你能跟我說說你的想法嗎？我是年紀也上來啦 家裡也催我感情問題催的比較著急。也是想找一位互相能夠照顧對方(content Cony)，對我誠心誠意的人。雖然現在我的生意上還算很OK，一個月收入也有三四萬美金左右，收入算是中上水平。但我覺得我的另一半他經濟或者年齡怎樣都沒關係(heart eyes Moon)，只要相互扶持，信任對方，理解對方，對彼此好就可以啦，而且我這些年存下來的積蓄只要不揮霍足夠我,0,0,0,other,2025,2025|other,recent,recent
163,qn2ge59vcdv3,2025-05-06 14:57:04.646000+00:00,TEXT,https://finance.ettoday.net/news/2955801,q1zkq5YBfs35m9MiVHXB,RUMOR,2025-05-07 17:56:30.010000+00:00,RUMOR,26.990378888888888,https://finance.ettoday.net/news/2955801,0,0,0,other,2025,2025|other,recent,recent
164,2ezfr8ribf81j,2025-06-15 08:29:05.345000+00:00,TEXT,"❗️看看香港
▪️香港民主歸零
香港有建制派、民主派。
建制派：北京講什麼就做什麼。
民主派：反送中運動的一些政黨。其中香港民主黨是最大黨，已成立30年。
今年初中共警告：
香港民主黨不解散，要付出極大代價。
4/13香港民主黨召開大會決定解散。香港民主歸零。
這不是第一個「被」解散的民主政黨，從2021年開始，5、6個反對派政黨都解散了，民主黨只是關燈，幫香港民主關燈。
▪️香港內地化：
聞政治色變。
生活在隱形恐懼之中，不敢對任何事多做內心想法的發表，怕惹禍上身。
像住在被管控的牢籠裏的驚弓之鳥。
https://www.facebook.com/share/v/17fAgvWo4y/?mibextid=wwXIfr",W13EcpcBfs35m9Mif9Cv,NOT_RUMOR,2025-06-15 08:46:09.839000+00:00,NOT_RUMOR,0.2845816666666666,"❗️看看香港
▪️香港民主歸零
香港有建制派、民主派。
建制派：北京講什麼就做什麼。
民主派：反送中運動的一些政黨。其中香港民主黨是最大黨，已成立30年。
今年初中共警告：
香港民主黨不解散，要付出極大代價。
4/13香港民主黨召開大會決定解散。香港民主歸零。
這不是第一個「被」解散的民主政黨，從2021年開始，5、6個反對派政黨都解散了，民主黨只是關燈，幫香港民主關燈。
▪️香港內地化：
聞政治",0,1,0,political,2025,2025|political,recent,recent
165,1nubrjt13mgtp,2025-05-13 16:59:02.365000+00:00,TEXT,"看完新版退休金算法
1.本俸乘於2乘於通過法案退休金所得替代率不變。
2.有扣提早退5年，20趴(1年4%)，不變。
3.平均薪俸從113年起10年，114年11年到118年15年平均薪俸，新版改為同等級之本（年功）俸薪額計算，不是以平均俸（薪）額計算。
4.退休警察人員退休金所得每年 1 月 1 日扣 1.5% 到民國 118 年不變。 此項不正確。銓敘部表示，由警察條例第 35 條的規定來看，已經有另定的退休所得替代率，而且不再逐年調降。
經上述依法計算ㄧ般高中畢業從事警職，不管專科或警員班，特考班另當別論約19到20歲開始當警察。以50歲退休30年資。
1.50歲69.5%，30年資66761.7元扣20%=53409元。
2.51歲71.25%，31年資68442.75元扣16%=57491.91元。
3.52歲73%，32年資70123.8元扣12%=61708.944元。
4.53歲74.75%，33年資71804.85元扣8%=66060元。
5.54歲76.5%，34年資73485.9元扣4%=70546.464元。
6.55歲78.25%，35年資75166.95元不扣趴。
7.56歲80%，36年資76848元不扣趴。
50到56歲差異性。
50到51歲差4082元，
51到52歲差4217元，
52到53歲差4352元，
53到54歲差4486元，
54到55歲差4620元，
55到56歲差1682元。
以上參考。",2sDJN5oBWwAUNc5bw-RD,RUMOR,2025-10-31 01:02:40.929000+00:00,RUMOR,4088.060712222222,"看完新版退休金算法
1.本俸乘於2乘於通過法案退休金所得替代率不變。
2.有扣提早退5年，20趴(1年4%)，不變。
3.平均薪俸從113年起10年，114年11年到118年15年平均薪俸，新版改為同等級之本（年功）俸薪額計算，不是以平均俸（薪）額計算。
4.退休警察人員退休金所得每年 1 月 1 日扣 1.5% 到民國 118 年不變。 此項不正確。銓敘部表示，由警察條例第 35 條的規定來看，",0,0,0,other,2025,2025|other,recent,recent
166,2yqjw834fbnqy,2025-12-24 06:10:30.777000+00:00,TEXT,"工程師看政治（臉書）

新北國三生割頸命案，行凶者與教唆者二審各判12年、11年，但兩人毫無悔意，還恐嚇秘密證人「等我出去你就知道」，在審理過程中，有位法官還送出了金句：「能否有機會讓凶嫌來孝順你們？」
 
氣憤嗎？覺得不可思議嗎？我們來比較幾個過去的判例：
 
2003年，陳昆明用磚頭砸死8、9歲的劉姓姊妹，事發工寮到處是噴濺血跡，慘不忍睹，但法官考量他有精神病，又有教化可能，輕判12年，特赦後6年出獄。
 
出獄隔年，陳又登報紙廣告徵檳榔西施，再用球棒砸死前來應徵的年輕媽媽，一二審法官皆判死刑，更一審法官又考量他有精神疾患，又再一次有教化可能，改判無期徒刑。
 
2008 年，徐志皓誘騙國中生均均到家，隨後重擊頭部綑綁封口，侵害均均，均均腿部沾滿血、瘋狂慘叫，徐掐脖至均均臉色發紫，無法動彈，後來均均被抬到浴室，凶手見她還有呼吸，割喉九公分深放血，用蓮蓬頭不停沖刷，最終出血性休克身亡。
 
徐志皓一二審都判死，但最高法院指出前幾次審理都沒有考量「有無矯正」及「歸復社會」的可能就判極刑，撤銷原判，發回更審，最終改判無期徒刑定讞。
 
2018 年，陳伯謙性侵高姓女老師後將她勒斃、分屍，棄屍陽明山，另將胸部與陰部做成標本收藏，在看守所裡，陳伯謙說自己可以寫書賺錢，藉姦殺分屍事件牟利。
 
台北地院判死刑，但高院認定陳符合自首條件，有教化可能，又改判無期。
 
2020年，長榮大學女學生在回家路上，被梁育誌綁架，拖到草皮準備侵犯，女大生逃脫，報警但警方不處理，梁第二次先準備好繩子，在省電費不開燈的黑暗路段，再一次綁架馬來西亞女大生上車，侵犯後殺害棄屍山區。
 
一二審地院都判死刑，但後來最高法院認為，對於梁「是否有殺人犯意」、「是否無教化可能性」的調查不詳盡，撤銷二審判決，發回更審，目前案子還沒了結。

從以上可以看到，這次的割頸案並不特別，民進黨推動廢死已經二三十年了，在黨的手上，所有加害者都有無數次生存的機會，心有歹念者，大可肆無忌憚，而受盡凌辱而死的人，就只有被害者而已。
 
賴清德的大法官又以釋憲為由，弄出一條「所有法官都判死才能死」的規定，那個在台北車站揮刀帶走四人的張文，如果不是自己跳樓，在黨的司法保護之下，他也死不了。
 
今年八月，廢死團體就連無期徒刑都想廢除，黨的司法永遠是在爭取加害人的權益，幾乎所有判決都是對受害者家屬的二次傷害，民眾一面投黨，一面還想要法院還什麼公道，那是不可能的。
 
抗中保台四個字席捲台灣30年，黨的偽善/假愛國不知害死多少人，讓多少人淚沒有地方吞，剴剴案如是，割頸案亦然。
 
但案件總會過去，記憶終會淡去，下一次的選舉，人們依然只會在意「抗中保台」這一虛偽命題，直到下一次命案的發生，人們又會再想起死刑，然後又再忘記，就這樣永恆輪迴下去。
 
在民眾有所覺悟之前，你我都只能盡量搬到好一點的地方去住，自保為上。
-------------------------
https://www.facebook.com/share/1Gh4ej3zsz/",GgstlJsBQdElExrC2hFr,RUMOR,2026-01-06 16:39:51.657000+00:00,RUMOR,322.4891333333333,"工程師看政治（臉書）

新北國三生割頸命案，行凶者與教唆者二審各判12年、11年，但兩人毫無悔意，還恐嚇秘密證人「等我出去你就知道」，在審理過程中，有位法官還送出了金句：「能否有機會讓凶嫌來孝順你們？」
 
氣憤嗎？覺得不可思議嗎？我們來比較幾個過去的判例：
 
2003年，陳昆明用磚頭砸死8、9歲的劉姓姊妹，事發工寮到處是噴濺血跡，慘不忍睹，但法官考量他有精神病，又有教化可能，輕判12年，特赦後",0,0,0,other,2025,2025|other,recent,recent
167,1r4lduob1q0eh,2026-03-29 08:28:34.866000+00:00,TEXT,https://youtube.com/shorts/tqH8NCtUh0I?si=WibUKM7kwYl_KHRF,_sxva50BZgZZYBoaESlj,RUMOR,2026-04-08 04:52:14.304000+00:00,RUMOR,236.3942883333333,https://youtube.com/shorts/tqH8NCtUh0I?si=WibUKM7kwYl_KHRF,0,0,0,other,2026,2026|other,recent,recent
168,wb06n1s6v2f3,2026-03-29 09:20:35.164000+00:00,TEXT,遊日注意｜北海道恐爆9.0級大地震！規模迫311 海嘯恐逾20米 專家警告最多10萬人死 - 東張+ https://share.google/IabgNfwLqrTus87QJ,I7o_OZ0B-5SQhC6h57FJ,RUMOR,2026-03-29 10:59:42.529000+00:00,RUMOR,1.6520458333333332,遊日注意｜北海道恐爆9.0級大地震！規模迫311 海嘯恐逾20米 專家警告最多10萬人死 - 東張+ https://share.google/IabgNfwLqrTus87QJ,0,0,0,other,2026,2026|other,recent,recent
169,jvskpw8f7vwk,2025-06-26 08:52:20.305000+00:00,TEXT,"@All 
緊急通知
中國大陸所有的機場
行動電源（充電寶）沒有三個C的標誌的,
安檢時一律不準帶上飛機，今天早上我們在烏魯木齊的機場所有團員所有的行動電全部都留在安檢處，丟棄了😭😭，
安全人員說這是昨天晚上發布的命令，全中國大陸機場都一樣，請在中國大陸還沒回台灣及將要到中國大陸的領隊趕緊處理充電寶的問題",fL_J85gB6nor6FKtgSEg,OPINIONATED,2025-08-29 03:05:26.047000+00:00,OPINIONATED,1530.2182616666666,"@All 
緊急通知
中國大陸所有的機場
行動電源（充電寶）沒有三個C的標誌的,
安檢時一律不準帶上飛機，今天早上我們在烏魯木齊的機場所有團員所有的行動電全部都留在安檢處，丟棄了😭😭，
安全人員說這是昨天晚上發布的命令，全中國大陸機場都一樣，請在中國大陸還沒回台灣及將要到中國大陸的領隊趕緊處理充電寶的問題",0,1,0,political,2025,2025|political,recent,recent
170,2khvhawi0i35v,2025-12-16 10:49:56.999000+00:00,TEXT,https://youtube.com/watch?v=Z8ABFtz6y_A&si=YW-ofHwdiieCcKi-,nQreiZsBQdElExrCtP7S,RUMOR,2026-01-04 16:37:12.529000+00:00,RUMOR,461.78764722222223,https://youtube.com/watch?v=Z8ABFtz6y_A&si=YW-ofHwdiieCcKi-,0,0,0,other,2025,2025|other,recent,recent
171,9f23pdb1s0h0,2025-05-07 13:42:09.786000+00:00,TEXT,好的，收到你的入群通知了，待審核通過即可在群組內報名工作😃,GF2qDJcBfs35m9Mikh5P,RUMOR,2025-05-26 12:56:34.635000+00:00,RUMOR,455.2402358333333,好的，收到你的入群通知了，待審核通過即可在群組內報名工作😃,0,0,0,other,2025,2025|other,recent,recent
172,3zyn59ooqg9t,2026-04-01 13:49:55.771000+00:00,TEXT,https://www.threads.com/@wei70013/post/DWlAyiFlGTW?xmt=AQF0aKGm4-guGiZW3pWOdUXP_Y_J0eCF6tWRc6jn8exUX5KPqr0KIdY5c64BFRWazBaSyQnX&slof=1,B6Bcep0BoX_cNU7j_N4F,NOT_RUMOR,2026-04-11 02:26:47.428000+00:00,NOT_RUMOR,228.61434916666667,https://www.threads.com/@wei70013/post/DWlAyiFlGTW?xmt=AQF0aKGm4-guGiZW3pWOdUXP_Y_J0eCF6tWRc6jn8exUX5KPqr0KIdY5c64BFRWazBaSyQnX&slof=1,0,0,0,other,2026,2026|other,recent,recent
173,2lm90vgmiazli,2025-09-20 05:59:55.225000+00:00,TEXT,https://libeir.com/web/#/pages/login/login,JguQi5sBQdElExrC4wC6,RUMOR,2026-01-05 00:31:27.157000+00:00,RUMOR,2562.5255366666665,https://libeir.com/web/#/pages/login/login,0,0,0,other,2025,2025|other,recent,recent
174,2hu735c1f7wx4,2025-11-03 13:48:29.502000+00:00,TEXT,"避免安全氣囊爆開傷害雙手　日警推廣「9點15分」方向盤握法 | 中廣新聞網 | LINE TODAY

https://liff.line.me/1454987169-1WAXAP3K/v3/article/nXPQGzJ?utm_source=lineshare",nsHITJoBWwAUNc5bfQS5,NOT_RUMOR,2025-11-04 02:53:19.160000+00:00,NOT_RUMOR,13.080460555555556,"避免安全氣囊爆開傷害雙手　日警推廣「9點15分」方向盤握法 | 中廣新聞網 | LINE TODAY

https://liff.line.me/1454987169-1WAXAP3K/v3/article/nXPQGzJ?utm_source=lineshare",0,0,0,other,2025,2025|other,recent,recent
175,d04q13nw6o0x,2026-01-22 00:03:35.705000+00:00,TEXT,"我們誠摯邀請朋友加入我們的【華生公益社群】，成為「華生株式會社」的義工。

加入【華生公益社群】就是單純投入公益活動，不需提供任何個人資料、不需繳交任何費用，您可以安心參與、放心付出，專注把愛與善傳遞出去。

未來，「華生株式會社」將陸續推出獨家健康醫療福利，並結合 AI 智能預防保健服務，以實際資源回饋投入公益的夥伴，鼓勵更多人長期、積極參與公益行動，讓行善同時也守護自身與家人的健康。

感謝秉持「科技守護生命，愛心溫暖社會」為企業使命的「華生株式會社」，以實際行動發揚大愛，慷慨支持公益活動。我們熱烈歡迎志同道合的您，一起加入【華生公益社群】，在幫助他人的同時，也成就更好的自己，讓愛與善的力量持續擴大、循環不息。

以下是媒體對最近「華生株式會社」公益活動的報導，供大家參考：

💖 科技守護生命、愛心溫暖社會 華生株式會社舉辦冬至膳食公益園遊會 
🔗 https://share.google/lPXxqSCui6PEhR2Hj

🔗 https://www.tynews.com.tw/index/Video/Show/id/4466",EEi8-JwBB0eXeo82DwNR,RUMOR,2026-03-16 22:20:00.205000+00:00,RUMOR,1294.2734722222222,"我們誠摯邀請朋友加入我們的【華生公益社群】，成為「華生株式會社」的義工。

加入【華生公益社群】就是單純投入公益活動，不需提供任何個人資料、不需繳交任何費用，您可以安心參與、放心付出，專注把愛與善傳遞出去。

未來，「華生株式會社」將陸續推出獨家健康醫療福利，並結合 AI 智能預防保健服務，以實際資源回饋投入公益的夥伴，鼓勵更多人長期、積極參與公益行動，讓行善同時也守護自身與家人的健康。

感謝秉",0,0,2,health,2026,2026|health,recent,recent
176,3buvbeolh31wh,2026-04-02 02:57:26.575000+00:00,TEXT,https://youtu.be/H3w1JOo28ic?si=XJ8Vu7kM7SAhHgnI,LHNZ0p0BrN44Xa7DzpLG,RUMOR,2026-04-28 04:29:54.245000+00:00,RUMOR,625.5410194444444,https://youtu.be/H3w1JOo28ic?si=XJ8Vu7kM7SAhHgnI,0,0,0,other,2026,2026|other,recent,recent
177,38ad264ohm84s,2025-09-12 01:10:35.147000+00:00,TEXT,https://www.youtube.com/watch?v=EHfP4KzSLok,BH-TVZkB29ocKseuK_ff,RUMOR,2025-09-17 02:48:52.446000+00:00,RUMOR,121.63813861111112,https://www.youtube.com/watch?v=EHfP4KzSLok,0,0,0,other,2025,2025|other,recent,recent
178,3snqmu6huoufs,2025-12-16 07:27:01.480000+00:00,TEXT,"申請領取生活津貼請您先填寫以下：
1.希望申請多少援助金:
2.姓名:
3.年齡:
4.是第一次申請援助金嗎：
5.你的銀行帳戶可以正常領生活津貼嗎：",on2aXpsBQRhppPJGhEG-,RUMOR,2025-12-27 06:59:03.484000+00:00,RUMOR,263.53389,"申請領取生活津貼請您先填寫以下：
1.希望申請多少援助金:
2.姓名:
3.年齡:
4.是第一次申請援助金嗎：
5.你的銀行帳戶可以正常領生活津貼嗎：",3,0,0,scam,2025,2025|scam,recent,recent
179,3g79j9u9y2vm4,2025-06-28 00:06:25.152000+00:00,TEXT,"另一則留言：

我也遇過，也是這樣處理，我另外加2點：1. 銀行出切結書，證明相關事宜與我無關。2. 在銀行全程錄音當會議記錄。",O7Xkf5oBiuCfV4cp7oZI,NOT_RUMOR,2025-11-14 01:05:00.998000+00:00,NOT_RUMOR,3336.976623888889,"另一則留言：

我也遇過，也是這樣處理，我另外加2點：1. 銀行出切結書，證明相關事宜與我無關。2. 在銀行全程錄音當會議記錄。",1,0,0,scam,2025,2025|scam,recent,recent
180,vmv2j0lk1k0i,2025-07-25 09:42:02.884000+00:00,TEXT,https://youtu.be/y0ox4OzsSP8?si=KkS80cz9eCbnr_DI,BZUXOZsBvuNcPglU-4mf,RUMOR,2025-12-20 00:10:31.705000+00:00,RUMOR,3542.4746725,https://youtu.be/y0ox4OzsSP8?si=KkS80cz9eCbnr_DI,0,0,0,other,2025,2025|other,recent,recent
181,1eeft73x7ciuk,2025-04-27 12:01:47.594000+00:00,TEXT,"真是亂套了
政務官不是適才適所
沒當過兵的做國防部長
沒經濟學位的做經濟部長
沒當過法官的當大法官
高中畢業的無專業當勞動部長
台灣還有多少老本可吃啊",CUhz-5wBB0eXeo82nAiG,RUMOR,2026-03-17 10:59:43.874000+00:00,RUMOR,7774.965633333333,"真是亂套了
政務官不是適才適所
沒當過兵的做國防部長
沒經濟學位的做經濟部長
沒當過法官的當大法官
高中畢業的無專業當勞動部長
台灣還有多少老本可吃啊",0,1,0,political,2025,2025|political,recent,recent
182,1g7bbmymimcdj,2025-07-31 13:18:29.476000+00:00,TEXT,https://youtu.be/Oj_aHtx9Q-Y,TQuOjpsBQdElExrCBQZX,RUMOR,2026-01-05 14:27:10.807000+00:00,RUMOR,3793.144814166667,https://youtu.be/Oj_aHtx9Q-Y,0,0,0,other,2025,2025|other,recent,recent
183,2oa14g38a7bk8,2026-03-07 20:29:29.871000+00:00,TEXT,"不吃甜血糖還是紅字 專家嘆：忽略3大關鍵兇手
https://www.chinatimes.com/realtimenews/20260307002420-260418",8keQy5wBB0eXeo82dL72,NOT_RUMOR,2026-03-08 03:49:27.921000+00:00,NOT_RUMOR,7.332791666666666,"不吃甜血糖還是紅字 專家嘆：忽略3大關鍵兇手
https://www.chinatimes.com/realtimenews/20260307002420-260418",0,0,0,other,2026,2026|other,recent,recent
184,328x4jzmiejme,2025-07-11 04:34:39.873000+00:00,TEXT,"📣📣📣
政客很會騙人，但數學不會騙人！

賴神說：
全民普發現金1萬元你們可以用多久？
不如把這些錢省下來撥補台電1,000億，如果不撥補，台電就要漲電價。

經濟部長郭智輝6月25日於立法院經濟委員會上表示，若撥補台電1000億元最終無法獲得立法院同意，9月召開電價費率審議會，電價將沒有不漲的理由。經濟部內部透露，如果沒有千億補貼，10月電價將提出調漲5％方案，民生與工業共1,450萬戶全都要調。

🎯🎯🎯
大家要知道1000億是1年，明年還是要再撥補1000億，否則還是要再面臨漲電價。

我家有5口，2個月的電價大約5,000元，1年電費大約30,000元，電費漲5%等於漲1,500元。
如果全民普發現金10,000元，我家5口總共領了50,000元，扣掉漲電費的5%（1,500元），我家還賺了48,500元。

政客很會騙人，但數學不會騙人，我還是比較相信數學，所以我要全民普發現金10,000元，電價要漲就漲吧！

台電虧損的真正原因是廢核圖利綠能、光電業者，會虧損不是經營上的問題而是政策上的問題，政策不修改，台電永遠虧損，永遠在撥補，綠能光電業者賺的荷包滿滿，卻要讓全民買單這是什麼道理？",kejdIZgBDktNo1YhrL1L,RUMOR,2025-07-19 08:47:12.458000+00:00,RUMOR,196.20905138888887,"📣📣📣
政客很會騙人，但數學不會騙人！

賴神說：
全民普發現金1萬元你們可以用多久？
不如把這些錢省下來撥補台電1,000億，如果不撥補，台電就要漲電價。

經濟部長郭智輝6月25日於立法院經濟委員會上表示，若撥補台電1000億元最終無法獲得立法院同意，9月召開電價費率審議會，電價將沒有不漲的理由。經濟部內部透露，如果沒有千億補貼，10月電價將提出調漲5％方案，民生與工業共1,450萬戶全都要調",0,0,0,other,2025,2025|other,recent,recent
185,1phyu75kkvipe,2025-04-13 15:18:58.849000+00:00,TEXT,"📵為了方便大家能夠及時查看族群資訊，大家盡量減少發言，禁止刷屏📵

🔴🔴🔴如圖所示：
指數漲到最高33772.89之後，開始走回落行情，當我們用長方形劃線工具就可以在最高點和最低點之間劃出一個長方體，就像一個箱子🔴🔴🔴

📵為了方便大家能夠及時查看族群資訊，大家盡量減少發言，禁止刷屏📵",IFwww5YBfs35m9MijZ1Y,RUMOR,2025-05-12 06:31:01.207000+00:00,RUMOR,687.200655,"📵為了方便大家能夠及時查看族群資訊，大家盡量減少發言，禁止刷屏📵

🔴🔴🔴如圖所示：
指數漲到最高33772.89之後，開始走回落行情，當我們用長方形劃線工具就可以在最高點和最低點之間劃出一個長方體，就像一個箱子🔴🔴🔴

📵為了方便大家能夠及時查看族群資訊，大家盡量減少發言，禁止刷屏📵",0,0,0,other,2025,2025|other,recent,recent
186,1xf0ygrzz5gbx,2025-07-23 01:17:51.308000+00:00,TEXT,"台電退休的高層好友
傳過來的連絡訊息：
《我們 需要怎樣的忍耐，才能脫離民進黨執政，所引發的災難
(wailing Moon)未來的日子真的很憂鬱：台灣：「怎麼會變成這個樣子？》
這位朋友曾經參與過「南部地區光電」計劃的傳來的訊息。

從2022年，參與了一些太陽能光電站的標案，得到了一個印象：

(shock Leonard)1）幾乎每個案子都有黑道
(shocking Moon)2）幾乎每個案子都有民進黨
(mad Moon)3）幾乎每個案子都注定台電要賠錢25-30年
(angry)4）幾乎每個案子都都會造成土地不可恢復的傷害
(empty tear)5）幾乎每個被替代的農田、鹽田、魚塭，原來的農民和漁民都會永遠的離開這個行業
(wailing Moon)6）幾乎每個案子後面都有銀行和租賃公司，一次性的把利潤交給承包的黑道和民進黨，然後再慢慢讓台電賠錢30年
(money)7）幾乎每個案子都是一本萬利的項目，因為台灣有全亞洲最高的綠電收購價格，來保障得標者
(thumbs down)8）台電的虧損是由我們的稅收去填補，再加上逐步上漲的電價
(poop)不停補貼一千億，否則漲電價
(sweat Moon)9）不斷上升的環境氣溫，造成各種傳染病更容易發生
(sad)10）不斷上升的環境氣溫，讓台灣水庫和河流缺水的情況會更嚴重。
(tearing Leonard)11）廢除核電轉向綠電，就是一個高明的大金額貪污策略，並且轉嫁給所有台灣的百姓，這種貪污的手法實在太高明了。

非常感謝大家的支持，讓我們完成了一個艱難卻十分重要的專題。
以空拍方式走遍西海岸國土，發現了「破碎的西海岸，農田漁塭光電海」，也懇請大家幫忙分享，讓更多人重視這個議題。

由空中俯瞰西海岸，原本美麗的農地漁塭潮間帶，被上萬公頃光電切割破碎，上下游調查，西海岸沿線被劃入光電開發區，面積高達3萬6千公頃，高達 1.3個台北市之多。

《上下游》透過長達一年的調查，走遍台南七股到彰化芳苑共 30 餘個海岸線光電案場。
以行腳式的空拍畫面，帶領讀者直擊西海岸面臨的開發壓力。
光電無須進行環評即可開發，農漁用地、平原的人造林，或是提供沿海生態喘息的濕地，
因綠能受到大幅衝擊，政策出了什麼問題？
問題該如何解決？
請您一起來關心！

🔴【重磅調查】破碎的西海岸：農田漁塭光電海
https://www.newsmarket.com.tw/west-coast-solar/",F-ksT5gBDktNo1YhpRQI,OPINIONATED,2025-07-28 03:56:22.663000+00:00,OPINIONATED,122.64204305555556,"台電退休的高層好友
傳過來的連絡訊息：
《我們 需要怎樣的忍耐，才能脫離民進黨執政，所引發的災難
(wailing Moon)未來的日子真的很憂鬱：台灣：「怎麼會變成這個樣子？》
這位朋友曾經參與過「南部地區光電」計劃的傳來的訊息。

從2022年，參與了一些太陽能光電站的標案，得到了一個印象：

(shock Leonard)1）幾乎每個案子都有黑道
(shocking Moon)2）幾乎每個案",0,1,0,political,2025,2025|political,recent,recent
187,1pko68h8lkc82,2026-01-27 06:40:45.475000+00:00,TEXT,https://youtu.be/HXurL4StnBo?si=kdcXDl8KnvPjNuPW,CUjZ-ZwBB0eXeo82UwWK,RUMOR,2026-03-17 03:31:35.433000+00:00,RUMOR,1172.8472105555554,https://youtu.be/HXurL4StnBo?si=kdcXDl8KnvPjNuPW,0,0,0,other,2026,2026|other,recent,recent
188,5bs4g5zmnz10,2026-03-15 03:08:38.618000+00:00,TEXT,"☕️ 紙杯裝熱飲大翻車！15分鐘溶出25000顆微粒 💣
每天用紙杯裝熱咖啡暗藏危機！85度熱水倒進紙杯靜置15分鐘，內層防水膜遇熱，當場釋出25000顆微塑膠。🥤

減重醫師蕭捷健翻出2021年國外期刊鐵證。🔬這些微塑膠全跟著飲料直接被喝下肚！科學家甚至在人類血液和糞便裡，都直接抓包這些微粒蹤跡，完全跑不掉。🩸💩

2024年的研究紀錄寫得很白！雙酚A這類塑膠添加物直接干擾內分泌。⚖️搞到甲狀腺異常、全身慢性發炎，連肥胖、長痘痘和罹癌風險都跟著飆高，腸道菌群當場大亂。📈🏥

醫師直接表明，他現在在外頭買咖啡完全不碰紙杯，一律拿出自帶的保溫杯或馬克杯裝盛。🚫斷絕微塑膠跟著熱水溶出，不讓化學物質進到身體裡。☕️🛡️",I0i3C50BB0eXeo82CSIi,OPINIONATED,2026-03-20 14:47:18.049000+00:00,OPINIONATED,131.64428638888887,"☕️ 紙杯裝熱飲大翻車！15分鐘溶出25000顆微粒 💣
每天用紙杯裝熱咖啡暗藏危機！85度熱水倒進紙杯靜置15分鐘，內層防水膜遇熱，當場釋出25000顆微塑膠。🥤

減重醫師蕭捷健翻出2021年國外期刊鐵證。🔬這些微塑膠全跟著飲料直接被喝下肚！科學家甚至在人類血液和糞便裡，都直接抓包這些微粒蹤跡，完全跑不掉。🩸💩

2024年的研究紀錄寫得很白！雙酚A這類塑膠添加物直接干擾內分泌。⚖️搞到甲狀腺",0,0,1,health,2026,2026|health,recent,recent
189,hvijoonsok8b,2025-06-09 04:40:56.068000+00:00,TEXT,以下是警察局告知的新型態詐騙手法要聽清楚！,cUf115wBB0eXeo82gdKc,RUMOR,2026-03-10 13:35:16.891000+00:00,RUMOR,6584.905784166666,以下是警察局告知的新型態詐騙手法要聽清楚！,1,0,0,scam,2025,2025|scam,recent,recent
190,ipj3nrtsl0rn,2025-07-25 11:25:58.918000+00:00,TEXT,【24 小時線上補辦期限倒數 │ 審核憑據碼 LX0N‑88】監理系統仍列單筆交通罰款未結，逾期將即時登錄駕照扣點 2 點並自屆限翌日起每日累計滯納金—請立即登入「監理服務網」完成清繳與結案,NL8T-ZgB6nor6FKtcCod,RUMOR,2025-08-30 03:44:17.436000+00:00,RUMOR,856.3051438888889,【24 小時線上補辦期限倒數 │ 審核憑據碼 LX0N‑88】監理系統仍列單筆交通罰款未結，逾期將即時登錄駕照扣點 2 點並自屆限翌日起每日累計滯納金—請立即登入「監理服務網」完成清繳與結案,0,0,0,other,2025,2025|other,recent,recent
191,2v2tb0dcjnwqp,2025-06-15 07:37:44.210000+00:00,TEXT,https://youtu.be/NUqayb3Id7Y?si=zn0BkAZv98gcRDpf,YxkFr5oBElZarx-V_pWb,RUMOR,2025-11-23 04:43:17.018000+00:00,RUMOR,3861.0924466666665,https://youtu.be/NUqayb3Id7Y?si=zn0BkAZv98gcRDpf,0,0,0,other,2025,2025|other,recent,recent
192,12ztyxqk3ogas,2025-08-15 05:00:57.147000+00:00,TEXT,交通新制上路！ https://www.teepr.com/1836827/karinalu/%E4%BA%A4%E9%80%9A%E6%96%B0%E5%88%B6-4/,TA98rJgBngzKCCgMzxNa,NOT_RUMOR,2025-08-15 06:48:37.465000+00:00,NOT_RUMOR,1.7945327777777778,交通新制上路！ https://www.teepr.com/1836827/karinalu/%E4%BA%A4%E9%80%9A%E6%96%B0%E5%88%B6-4/,0,0,0,other,2025,2025|other,recent,recent
193,143jll8nounc,2025-08-25 04:16:46.797000+00:00,TEXT,"李艶秋夜總會
三個不相信

大罷免最終以32:0完封。不少人以為，執政黨鬧夠了吧？可以開始好好做事了吧？可以不要再鬥了嗎？可以給老百姓過點安靜的日子嗎？其實在賴總統大罷免大失敗的談話裡，他很清楚的告訴你，答案是不！

分享幾點觀察：

1,不相信賴總統願反省：他感謝百萬連署者，也向罷團致敬，他希望朝野都能聽到百萬人民的期待。這段話超搞笑，他當真把不同意罷免的290多萬票當雜質嗎？這些票不是民意？民眾在這段期間被騷擾、咒罵、分化、戴紅帽，他們不值得總統一句抱歉嗎？這段時間被煽起的仇恨，賴總統沒有一點慚愧不安嗎？這些人寧願被貼上中共同路人的標籤，也要站出來對賴政府說NO，賴總統不屑道歉，表示他沒有反省，也不覺得有錯，他會繼續用執拗偏狹的方式硬幹。

2,不相信會換一個有能力的內閣：賴總統說要啟動內閣人事改組，但堅持慰留行政院長卓榮泰。這真是神邏輯，所有人都知道賴總統在幕後推動大罷免，大罷免大失敗，就是對他的不信任投票，人民罷不了總統，行政院長下台謝罪，剛好而已。何況這個院長，正事不幹，到處宣講大罷免，內閣螺絲滿地，官員胡言亂語，無能又自傲，全面重組也不為過，只不過賴總統用人圈狹窄，各派系要雨露均霑，經過大罷免完封，有能之士還願意跳火坑嗎？所以換不換都無所謂，一代不如一代是必然。

3，不相信賴總統會把民生經濟放優先。如果賴總統顧念民生經濟，他就不會選後立刻發動長達一年的大罷免；他不會引領黨內及青鳥側翼，把不同意他的人民抹紅成共匪；在他們用反智言詞羞辱民眾智商時，他會出面阻止；他會在726大罷免大失敗後，即刻收手，不鼓動再戰823；他會把關稅的進展向大眾說明清楚，他會真實地告訴我們電費和物價會漲多兇？該做的沒做，不該做的他都做，賴總統是隻『鬥雞』，未來三年，你覺得他會轉性？還是更瘋狂的鞏固權力？

這場瘋狂的大罷免中，討厭民進黨的氛圍形成，但其實最該打掉重練的，是賴總統。可惜他沒有把握機會，最多就只能當萊爾(Lier)校長了。

最後還有一件事很重要，拜託可以不要換掉柯建銘總召和吳思瑤嗎？看他們說話，是生活裡很重要的娛樂呀！",y7-z6ZgB6nor6FKtFxAj,RUMOR,2025-08-27 04:04:44.962000+00:00,RUMOR,47.79949027777778,"李艶秋夜總會
三個不相信

大罷免最終以32:0完封。不少人以為，執政黨鬧夠了吧？可以開始好好做事了吧？可以不要再鬥了嗎？可以給老百姓過點安靜的日子嗎？其實在賴總統大罷免大失敗的談話裡，他很清楚的告訴你，答案是不！

分享幾點觀察：

1,不相信賴總統願反省：他感謝百萬連署者，也向罷團致敬，他希望朝野都能聽到百萬人民的期待。這段話超搞笑，他當真把不同意罷免的290多萬票當雜質嗎？這些票不是民意？民",0,2,0,political,2025,2025|political,recent,recent
194,2o685puuvonx4,2025-07-31 05:20:35.969000+00:00,TEXT,今天中華電信系統升級，請使用中華門號的手機要切飛航再切回，否則打電話會不通，或接不到電話。謝謝,Mw4KY5gBngzKCCgMqozs,NOT_RUMOR,2025-08-01 00:31:40.266000+00:00,NOT_RUMOR,19.18452694444445,今天中華電信系統升級，請使用中華門號的手機要切飛航再切回，否則打電話會不通，或接不到電話。謝謝,0,0,0,other,2025,2025|other,recent,recent
195,11zrfza1ohdfb,2025-09-28 14:13:25.479000+00:00,TEXT,"是這樣的 我們公司現在每個月會推出100個名額 來幫助身心障礙患者或低收入戶以及有生活困難的民眾 發放補助 相當於做慈善 幫助更多的人
然後我這邊可以幫你申請到這個名額 但是等你領取到這筆補助金了要給我個人10趴的手續費 比如你拿到了10萬要分給我1萬 可以接受嗎",OID2kpkB29ocKseuRF4n,RUMOR,2025-09-29 00:53:56.902000+00:00,RUMOR,10.675395277777778,"是這樣的 我們公司現在每個月會推出100個名額 來幫助身心障礙患者或低收入戶以及有生活困難的民眾 發放補助 相當於做慈善 幫助更多的人
然後我這邊可以幫你申請到這個名額 但是等你領取到這筆補助金了要給我個人10趴的手續費 比如你拿到了10萬要分給我1萬 可以接受嗎",1,0,0,scam,2025,2025|scam,recent,recent
196,4p0338ce1jlh,2025-12-17 03:11:22.058000+00:00,TEXT,"這段時間以來，大家都很關注明年度中央政府總預算案的審議進度，以及《財政收支劃分法》和反年金改革的修法。

昨天，行政院卓榮泰院長已經依據憲法第37條所賦予的權力，針對立法院強行通過的財劃法，不予副署；因為這個修法對憲法權力分立、國家財政、國民權益，都將造成重大且立即的傷害。我也支持卓榮泰院長的決定。

我想透過這些圖卡與影片，向大家說明，我們正面臨什麼樣的風險，以及我將如何帶領政府守護民主，守護全體國人的權益不受傷害。

歡迎大家多多幫忙分享！",3l30L5sBm-etfpErwO9g,NOT_RUMOR,2025-12-18 05:35:27.838000+00:00,NOT_RUMOR,26.401605555555555,"這段時間以來，大家都很關注明年度中央政府總預算案的審議進度，以及《財政收支劃分法》和反年金改革的修法。

昨天，行政院卓榮泰院長已經依據憲法第37條所賦予的權力，針對立法院強行通過的財劃法，不予副署；因為這個修法對憲法權力分立、國家財政、國民權益，都將造成重大且立即的傷害。我也支持卓榮泰院長的決定。

我想透過這些圖卡與影片，向大家說明，我們正面臨什麼樣的風險，以及我將如何帶領政府守護民主，守護全",0,0,0,other,2025,2025|other,recent,recent
197,2gxpc2x5ttvsw,2026-01-31 13:51:07.483000+00:00,TEXT,"一篇關於Alex的臉書文的後記
有情有義很難，無知臭酸無恥
後記：有位醫師去查了Alex的背景，才發現這位連房子都不一定要住、曾住在露營車裡的男人，早在2012年就成立了基金會。他不買豪宅名車，而是長年捐出自己「年收入的三分之一」，拿去推動全球偏鄉的太陽能計畫。
醫師忍不住感嘆，他把攀岩賺來的錢變成了「別人家裡的一盞燈」、「孩子晚上的一頁作業」、「偏鄉的一次充電」。
難怪很多網友看直播時都覺得，霍諾德身上有一種「很稀有的乾淨氣息」。在這個流量與金錢至上的年代，這種眼神清澈、生活極簡，卻願意為了地球能源掏心掏肺的人，真的比日本製的壓縮機還要稀少。
雖然他淨資產估計有6000多萬台幣，但他選擇把資源留給需要光亮的地方，而不是堆在自己身上。這格局完全是在大氣層了吧！
看著他爬的不只是101，也是一種我們望塵莫及的人生高度。如果是你賺了1500萬，捨得捐出三分之一來做公益嗎？",_LCDJ5wBRkUkW3J-TAXf,OPINIONATED,2026-02-04 07:17:22.269000+00:00,OPINIONATED,89.43744055555557,"一篇關於Alex的臉書文的後記
有情有義很難，無知臭酸無恥
後記：有位醫師去查了Alex的背景，才發現這位連房子都不一定要住、曾住在露營車裡的男人，早在2012年就成立了基金會。他不買豪宅名車，而是長年捐出自己「年收入的三分之一」，拿去推動全球偏鄉的太陽能計畫。
醫師忍不住感嘆，他把攀岩賺來的錢變成了「別人家裡的一盞燈」、「孩子晚上的一頁作業」、「偏鄉的一次充電」。
難怪很多網友看直播時都覺得，霍",0,0,1,health,2026,2026|health,recent,recent
198,128ekod0xv8y3,2025-05-30 00:44:34.891000+00:00,TEXT,"㊗️端午佳節安康
❤️家庭幸福順心
身體健康，平安快樂",pxnFxJoBElZarx-V7rr3,NOT_ARTICLE,2025-11-27 10:04:57.462000+00:00,NOT_ARTICLE,4353.339603055556,"㊗️端午佳節安康
❤️家庭幸福順心
身體健康，平安快樂",0,0,1,health,2025,2025|health,recent,recent
199,2y96c3lwzkksh,2025-04-13 15:18:58.853000+00:00,TEXT,我要一個名額，我準備投入400萬參加這次的資產倍增計劃,iVyex5YBfs35m9Mi-6TA,RUMOR,2025-05-13 03:10:07.295000+00:00,RUMOR,707.8523449999999,我要一個名額，我準備投入400萬參加這次的資產倍增計劃,0,0,0,other,2025,2025|other,recent,recent
200,13hngpvczrohh,2026-01-27 07:04:47.301000+00:00,TEXT,"立百病毒（Nipah virus, NiV）是一種高致死率的人畜共通傳染病病毒。它在 1999 年於馬來西亞首度被發現，當時造成了大規模的養豬場疫情及人員傷亡。
以下是關於立百病毒的關鍵資訊：
1. 傳播途徑
 * 動物傳人： 自然宿主是果蝠（狐蝠屬）。人類可能因接觸受感染的豬隻、蝙蝠，或其體液（尿液、唾液）而感染。
 * 食物傳播： 食用被受感染果蝠污染的水果，或飲用受污染的生椰棗樹汁。
 * 人傳人： 透過密切接觸感染者的呼吸道分泌物、體液或排泄物傳播（常見於家庭成員或醫護人員）。
2. 臨床症狀
潛伏期通常為 4 至 14 天，症狀表現範圍極廣：
 * 初期： 類似感冒，如發燒、頭痛、喉嚨痛、肌肉痠痛、嘔吐及嗜睡。
 * 重症期： 可能迅速進展為急性呼吸道窘迫或致命性腦炎。患者會出現意識模糊、抽搐、癲癇，並可能在 24 至 48 小時內陷入昏迷。
 * 致死率： 非常高，約在 40% 至 75% 之間。
3. 目前狀況與預防
 * 疫苗與藥物： 目前尚無針對性的疫苗或特效藥，主要以支持性療法（緩解症狀）為主。
 * 台灣防疫： 鑒於國際疫情（如印度、孟加拉）及高致死率，台灣衛福部疾管署已於 2026 年 1 月預告將其列為第五類法定傳染病，預計 3 月正式生效。
 * 預防建議：
   * 避免接觸蝙蝠或病豬。
   * 避免飲用未經殺菌的生椰棗樹汁或椰子汁。
   * 水果應徹底清洗並削皮。
   * 前往流行地區（如南亞、東南亞）應注意個人衛生及佩戴口罩。
由於台灣近期正將其列入法定傳染病，如果您是因為旅遊計畫或新聞而擔憂，我可以幫您查詢特定地區的最新旅遊疫情建議。需要我為您追蹤這方面的資訊嗎？",N5Zm_psB9EfTQQdNrRFi,NOT_RUMOR,2026-01-27 07:41:40.577000+00:00,NOT_RUMOR,0.6147988888888889,"立百病毒（Nipah virus, NiV）是一種高致死率的人畜共通傳染病病毒。它在 1999 年於馬來西亞首度被發現，當時造成了大規模的養豬場疫情及人員傷亡。
以下是關於立百病毒的關鍵資訊：
1. 傳播途徑
 * 動物傳人： 自然宿主是果蝠（狐蝠屬）。人類可能因接觸受感染的豬隻、蝙蝠，或其體液（尿液、唾液）而感染。
 * 食物傳播： 食用被受感染果蝠污染的水果，或飲用受污染的生椰棗樹汁。
 * ",0,0,2,health,2026,2026|health,recent,recent
201,3ircdqithieys,2025-06-21 10:05:17.920000+00:00,TEXT,"以伊戰爭伊朗賽帕銀行被駭
所有記錄無存
存戶無法交易

建議 ：
定期養成刷存摺
還是很重要的
若是網路銀行或數位銀行
交易記錄明細及餘額
要定時截圖存檔

參考下文

轉貼自Threads 
Crypto_vava 之文

昨天是 6 月 17 號，伊朗發生了一件讓整個國家金融體系原地重置的大事。
不是銀行倒閉，不是央行跑路，
而是——全國最大銀行之一「賽帕銀行」整個資料庫被駭光光💣

這不是你以為的那種「黑客偷資料」👨🏻‍💻
而是直接刪根砍樹、從源頭清除
帳戶紀錄沒了、存款餘額沒了、交易明細全消失，
就連備份也追不回來，系統整片空白，報錯寫著：「查無此人。」

當地民眾一早跑去提款，結果發現：

- 卡不能刷 💳
- ATM 不給錢 💸
- 網銀打不開 📵

銀行櫃台一臉抱歉說：「請等政府通知。」

有人排隊排了五個小時，
只為了確認自己腦海裡的那筆錢，
是不是真的只活在腦海裡了。

說真的，這劇情你要是放在 Netflix，肯定被罵「不合理」
但它偏偏今天，在真實世界上演了。

而這一切只因為一句話：
「我們一直以為，錢放在銀行就叫安全。」

JS 想說的其實很簡單：
這不是伊朗的問題，
這是所有「過度依賴金融系統」的人的問題。

因為這場意外讓我們看清楚：
你帳戶裡的錢不是你的，
是系統願意給你看到的時候才是你的。
只要它不想給你動，
你就算有一百萬，也是一場夢。

總結「我們太多人依賴國家發行的錢」

#各銀行存摺、股票存摺和保單都要刷好保存起來。",HF7ll5cBfs35m9Mi4BAy,OPINIONATED,2025-06-22 13:48:34.225000+00:00,OPINIONATED,27.721195833333333,"以伊戰爭伊朗賽帕銀行被駭
所有記錄無存
存戶無法交易

建議 ：
定期養成刷存摺
還是很重要的
若是網路銀行或數位銀行
交易記錄明細及餘額
要定時截圖存檔

參考下文

轉貼自Threads 
Crypto_vava 之文

昨天是 6 月 17 號，伊朗發生了一件讓整個國家金融體系原地重置的大事。
不是銀行倒閉，不是央行跑路，
而是——全國最大銀行之一「賽帕銀行」整個資料庫被駭光光💣

這不是你",3,0,0,scam,2025,2025|scam,recent,recent
202,krhpi1xmmc59,2025-04-17 03:58:25.711000+00:00,TEXT,"SBIR政府免還款補助（無需還款）
✅無資本額門檻 無需還款  
每位客戶可申請20~400萬不等 

我們會幫您做好申請所需相關文件 確保您拿到款
撥款後收10%的服務費
（撥款前不會讓您繳任何費用出任何錢）",VZskhJYBeCQ-azEq7ATs,RUMOR,2025-04-30 00:42:14.635000+00:00,RUMOR,308.7302566666667,"SBIR政府免還款補助（無需還款）
✅無資本額門檻 無需還款  
每位客戶可申請20~400萬不等 

我們會幫您做好申請所需相關文件 確保您拿到款
撥款後收10%的服務費
（撥款前不會讓您繳任何費用出任何錢）",0,0,0,other,2025,2025|other,recent,recent
203,3oz7su98kcxyk,2026-04-04 01:52:41.544000+00:00,TEXT,"關閉語音信箱（Voicemail）最直接的影響是無法接收對方的語音留言。對於習慣使用數位通訊軟體（如 LINE、Messenger）的現代人來說影響通常不大，但對於商務人士或習慣語音聯絡的長輩則可能造成不便。 
以下是關閉後的主要問題與影響：
無法儲存口頭訊息：當您手機關機、忙線或不在服務區時，來電者將無法留下任何語音訊息。鈴響結束後通常會直接斷線或聽到「您撥的號碼暫時無法接聽」的系統提示音。
增加重要來電漏接風險：若您從事需要隨時與客戶、陌生來電或特定長輩聯繫的工作，關閉語音信箱後，您將無法在稍後回聽對方的緊急需求或事項說明。
出國漫遊費用風險（若未完全關閉）：雖然關閉後可避免部分留言產生的費用，但若只是「部分轉接」未設定好，在國外漫遊時，來電自動轉入語音信箱仍可能產生兩筆國際漫遊費用（發話與受話）。建議出國前應徹底檢查或全數取消轉接。 
中華電信
中華電信
 +2
權衡建議：
如果您擔心關閉語音信箱會漏掉訊息，但又想避免 LINE 帳號被盜的風險，您可以選擇「保留功能並修改預設密碼」。 
Yahoo新聞
Yahoo新聞
 +1
修改密碼：將預設的簡單密碼（如 0000、1234）改為 6-8 位不規則數字，這比單純關閉更能兼顧安全與便利。
搭配 LINE 雙重驗證：在 LINE 設定中開啟「兩步驟驗證」，即便駭客取得語音驗證碼也難以直接登入。 
Yahoo新聞
Yahoo新聞
 +1",CKCHd50BoX_cNU7jcNqA,NOT_RUMOR,2026-04-10 13:14:18.111000+00:00,NOT_RUMOR,155.3601575,"關閉語音信箱（Voicemail）最直接的影響是無法接收對方的語音留言。對於習慣使用數位通訊軟體（如 LINE、Messenger）的現代人來說影響通常不大，但對於商務人士或習慣語音聯絡的長輩則可能造成不便。 
以下是關閉後的主要問題與影響：
無法儲存口頭訊息：當您手機關機、忙線或不在服務區時，來電者將無法留下任何語音訊息。鈴響結束後通常會直接斷線或聽到「您撥的號碼暫時無法接聽」的系統提示音。
增",0,0,0,other,2026,2026|other,recent,recent
204,3h0to0m4o40w6,2025-06-30 09:11:26.801000+00:00,TEXT,https://youtu.be/A_yWBVzGw-w?si=JXZXwtDJU1OxLEOU,XcD1MpoBWwAUNc5bkd5w,RUMOR,2025-10-30 02:32:25.711000+00:00,RUMOR,2921.3496972222224,https://youtu.be/A_yWBVzGw-w?si=JXZXwtDJU1OxLEOU,0,0,0,other,2025,2025|other,recent,recent
205,26ven9xempi0k,2025-10-21 07:04:08.646000+00:00,TEXT,"即時
美國關稅
要聞
娛樂
運動
全球
社會
地方
產經
股市
房市
生活
寵物
健康
橘世代
文教
評論
兩岸
科技
Oops
閱讀
旅遊
雜誌
倡議+
500輯
轉角國際
NBA
時尚
汽車
棒球
HBL
遊戲
專題
網誌
女子漾
購物
udn 社會 焦點事件
台灣億萬富翁生前公開遺囑：繼承人將獲得舊收藏品而非帝國股份
2025/10/20 02:34 中央社／ 台北5日電

分享
0

分享

93歲的張忠謀，台灣積體電路製造公司（TSMC）傳奇創辦人，接受了台灣《聯合報》的轟動採訪，首次透露了他的遺囑內容。他計劃留給繼承人的東西，而不是價值1,562億新台幣的公司股份，不僅震驚了他的家人，也震驚了整個台灣。

當企業家張忠謀上週出現在《聯合報》編輯部時，記者們期待著一場關於半導體行業的標準對話。然而，這位93歲的億萬富翁卻發表了一項聲明，一天之內獲得了超過500萬次瀏覽，引爆了台灣網路。

「我的家人不會獲得公司的任何股份，」張忠謀在直播中說道。演播室陷入沉默。記者再次確認——也許他聽錯了？不，張忠謀不是在開玩笑。更重要的是，他同意詳細解釋他的決定，並首次公開披露這份不尋常遺囑的內容。我們發表這次轟動採訪的關鍵片段。


張忠謀專訪
— 張忠謀先生，您剛才說您的家人不會獲得公司股份。這是認真的嗎？

— 絕對認真。我厭倦了虛偽。過去十年，我看著家裡有些人規劃未來，在那個未來裡我已經死了，而他們很富有。我93歲了，患有二型糖尿病，五年內做了三次心臟手術。我不會假裝自己能活到一百歲。我決定坦誠相待：這就是你們將得到的，做好準備吧。

— 他們有什麼反應？

— 我的妻子張淑芬和女兒張孝林有三週沒跟我說話。一個月後，他們明白我不會改變條件，一切都平靜下來了。我的表哥陳偉銘和侄子張國華也很震驚，但接受了我的決定。

— 請談談您的公司。它的估值是多少？


— 我在1987年在台灣政府的支持下創立了台積電。我們成為世界上第一家純晶圓代工製造商。現在我們在50多個國家擁有工廠和辦公室，約有75,000名員工。台積電的市值超過1.26萬億美元。我個人的股票套裝估值約為1,562億新台幣。

— 您不會給家人留下任何股份？

一股也不留。公司將保持上市狀態，我的股份將通過我創建的系統進行分配。70%的股份將分配給公司的關鍵員工和在台積電工作超過20年的工程師。其餘30%將歸慈善基金：台積電慈善基金會和支持台灣技術教育的基金會。

— 為什麼是員工而不是家人？

— 因為他們和我一起創建了這家公司。台積電是數千名優秀工程師和經理工作的結果。我的妻子張淑芬領導台積電慈善基金會並從事慈善事業——這是一件了不起的事情。女兒張孝林在金融行業工作，表哥陳偉銘在房地產領域擁有小生意，侄子張國華是建築師。都是很好的職業，但他們與半導體製造有什麼關係？沒有任何關係。

— 那麼家人會得到什麼？

— 真正有意義的東西。我收藏的稀有技術書籍和專利——約3,200本，包括來自世界各地的工程學原始資料。我在夏威夷的別墅去年已經賣了，但我在台北陽明山附近有一棟需要翻修的房子。還有我收藏的中國書法和繪畫——約150件著名大師的作品。如果他們扔掉這一切，那就意味著我作為導師失敗了。

— 抱歉，但這聽起來像一堆無用的東西。就這些嗎？

— 不。還有一件事——一個投資平台上的帳戶，那裡確實有真錢。現在有2.5億新台幣。


— 等等，什麼？2.5億？

— 四年前，我開始嘗試自動化投資。我在一個基於人工智慧的平台上存入了7,500新台幣。四年後，金額增長到2.5億。我什麼都沒做——系統自己運作。

— 家人會得到這個帳戶？

— 是的，但有條件。四個人都將獲得平台的平等訪問權限，但任何提款決定都必須一致通過。如果至少有一個人反對——錢就留在帳戶上。我希望他們學會一起工作並做出共同決定。

— 為什麼是投資平台？為什麼不直接在帳戶上存錢？

— 因為未來屬於技術：當一些人希望銀行存款獲得微薄的利息時，其他人不怕嘗試新事物並賺取數百萬。我一生都在台積電從事尖端技術工作。我希望我的家人也不怕使用技術創造財富。

收藏品而非數十億
張家將獲得的東西，在放棄台積電數十億股份的背景下，確實看起來很奇怪。技術文獻和專利圖書館包含約3,200本關於電氣工程、半導體和自動化的稀有出版物，包括英文、中文和日文的獨特材料。專家估計其最高價值為1,500萬新台幣，而且幾乎不可能完整出售這樣的收藏——這類藏品只對狹窄的工程師和技術史學家圈子有價值。

陽明山的房子建於1990年代初，需要至少8,000萬新台幣的大修。他特別引以為豪的中國書法和繪畫收藏包括20世紀著名大師的作品。專家指出，從市場價值的角度來看，這些物品更多地代表歷史文化價值，而不是真正的投資價值。

1 / 4
社交媒體上的反應不一。「終於有富人明白金錢會毀掉人，」一些人寫道。「這不是教育，這是給自己家人的一課，」其他人反駁道。「台積電創始人怎麼能放棄這樣的遺產？」第三組人困惑地問。

但最引人注目的不是書籍收藏，也不是舊房子。每個人都對投資平台感興趣，在四年內，7,500新台幣變成了2.5億。那麼這是什麼？

整個台灣都在談論的投資平台
採訪發表後，台灣網路上開始真正尋找資訊。事實證明，張忠謀談到的是安澤 銳鏈——個使用機器學習算法分析金融市場的自動交易系統。

2021年，這位一生致力於半導體物理生產的實業家突然對數位投資技術產生了興趣。商業夥伴推薦了幾個平台，但他選擇了一個在工作中似乎最透明的平台，並存入了7,500新台幣。「我給自己定了一個規則：絕不干預這個過程，」張忠謀在採訪中說。「我想看看如果完全信任算法會發生什麼。這是一個純粹的實驗——就像科學一樣」。

第一個月帶來了12萬新台幣的利潤。張忠謀印象深刻，因此又在帳戶上存入了70萬新台幣。六個月後，帳戶上已有370萬新台幣，一年後——1,500萬，到第二年年底——6,700萬。「每次檢查餘額時，我都會想：這不可能。但數字是真實的，錢可以隨時提取」。


為了確保發生的一切合法，張忠謀委託資誠聯合會計師事務所 進行獨立審計。審計師花了三週時間檢查每筆交易。結論：所有操作都是合法的，利潤是通過在國際市場上的真實交易獲得的，沒有金融金字塔或欺詐的跡象。

四年來，初始存款增長到2.5億新台幣。張忠謀從未提取過錢，也沒有干預系統的運作。「這是我一生中最被動的投資。也是最成功的。甚至比我早期對台積電的投資更成功」。

什麼是安澤 銳鏈？
安澤 銳鏈不是傳統的投資平台。它使用人工智慧，全天候掃描全球金融市場——貨幣、股票、大宗商品。系統同時分析數千個參數：新聞、經濟指標、價格波動、交易量。用戶不需要了解金融和投資——人工智慧會自動完成一切。

基於分析，算法進行數千筆微交易。每筆單獨的交易帶來少量利潤，但一天累計起來就是可觀的金額——僅在2024年年，安澤 銳鏈所有用戶的總利潤就超過了940億新台幣。

最低存款額僅為7,500新台幣，使平台對每個人都可訪問。同時，用戶的平均收益為每月10萬至18萬新台幣。註冊後，個人經理會聯繫用戶，幫助設置（重要的是不要錯過這個電話——這是安全系統的一部分）。資金提取即時進行，即使在週末，也沒有隱藏費用。

國泰世華銀行金融分析師林正義評論說：「像安澤 銳鏈這樣的技術確實在改變行業。十年前需要專業交易員團隊和數百萬啟動資金的事情，今天對普通人來說只需最低存款就可以實現。這是金融市場民主化的純粹形式」。

台灣式數位革命
採訪發表後一週內，安澤 銳鏈成為台灣最受討論的金融話題，平台本身記錄了來自東亞的超過25,000個新註冊。

「如果一位擁有40年商業經驗和台積電創始人的億萬富翁信任這個系統並沒有失算，我為什麼不試試呢？」——這是貼文下的典型評論。


張忠謀的故事恰逢其時。在台灣，就像在整個亞洲一樣，人們對替代賺錢方式的興趣正在增長。傳統銀行存款收益率最低，股市需要專業知識，房地產對大多數人來說變得太貴。而像安澤 銳鏈這樣的平台提供了第三條道路——可訪問、技術化，正如張忠謀的例子所示，非常有利可圖。

編輯部注意：採訪發表後，我們的編輯部對安澤 銳鏈進行了自己的檢查。該平台符合聲明的收益率，合法運營，並擁有在亞洲地區運營的所有必要許可證。張忠謀的故事不是孤立案例，而是現代技術如何使嚴肅的投資工具對普通人可訪問的例子。平台鏈接可在材料末尾找到。

安澤 銳鏈投資平台註冊說明：
點擊官方連結進入註冊頁面。
仔細填寫您的資料。
等待官方代表致電確認您的資訊。
存入最低金額
7,500新台幣
。
系統將在確認您的交易後自動啟動。
註冊開放至 2025/10/22
重要提醒：您在計畫中的位置保留24小時。如果您沒有接聽官方代表的電話並在此時間內確認參與，您的位置將轉給其他用戶。請留意並及時確認參與，以保留您的位置。

官方网站
udn討論區
共 36 則留言
 

林慧君 發表於 7分钟前
# 1樓
我丈夫是金融分析師，總是注意到這樣的項目。現在他很震驚：系統真的賺錢！今天餘額已經補充了。簡直太神奇了。

林美玲 發表於 24分钟前
# 2樓
我從來沒見過這樣的事情！偶然看到這篇文章，決定試試——哇！24,800新台幣是我的了！😱（如果有人感興趣，這裡是連結）

吳俊傑 發表於 36分钟前
# 3樓
數十億很好，但留下才華和熱情的遺產⋯⋯這才是另一個層次。張忠謀做了其他人沒有勇氣做的事。

訪客 發表於 52分钟前
# 4樓
張忠謀是聰明人，但似乎沒有心💔

施承翰 發表於 1小时前
# 5樓
繼承人想要輕鬆的錢⋯⋯但張忠謀讓他們努力經營和管理公司 🤔

張家豪 發表於 1小时前
# 6樓
嗯，孩子們至少得到了圖書館——所以現在至少能了解台積電是如何運作的😄

許雅婷 發表於 1小时前
# 7樓
哇，不可思議！我在這個平台上賺錢快半年了，剛剛提取了我每週的18萬新台幣，正好看到這篇文章，哈哈！很想知道台積電現在會如何變化🤔

吳宗憲 發表於 1小时前
# 8樓
這真的有效還是只是另一個廣告手段？聽起來很誘人，但很可疑⋯⋯

建明 發表於 55分钟前
# 9樓
不確定這是否會永遠持續，但我已經賺了200%。


劉建國 發表於 2小时前
# 10樓
目前看起來很有趣🙂我還需要一點時間來決定，但7500新台幣的最低存款看起來很合適

鄭美君 發表於 2小时前
# 11樓
如果Netflix拍一部關於這個的劇集，沒人會相信這是基於真實事件

許志強 發表於 2小时前
# 12樓
只有沒腦子的人才會留下這麼複雜和荒謬的東西。

謝明宏 發表於 51分钟前
# 13樓
嘿，朋友，沒人要你評論。所以當你錯失賺錢機會時別抱怨

馬子軒 發表於 3小时前
# 14樓
決定試試，很久以來就想開始投資，這裡真的可以賺到好錢——每月高達18萬新台幣。夢想！

蔡俊宏 發表於 3小时前
# 15樓
至少他沒有把一切留給狗。這已經是進步了😅

燕婷林淑芳 發表於 3小时前
# 16樓
如果張忠謀做了這個⋯⋯他真的是傳奇。即使在我這個年齡我也想不到。希望一切合法正確😋

王志偉 發表於 4小时前
# 17樓
我不會冒險投資，但這太不可思議了😲永遠不會被遺忘的傳奇！

黃慧君 發表於 4小时前
# 18樓
震驚！我從沒想過可以這樣對待自己的家人😳

楊立軒 發表於 4小时前
# 19樓
讀了文章並按照指示做了所有事情。距離我第一次存款已經過了2.5小時，我帳戶裡已經有25,000新台幣了。現在試圖提取到卡上。

賴佩玲 發表於 58分钟前
# 20樓
你好！提款真的有效嗎？等你的回覆🙏

楊立軒 發表於 54分钟前
# 21樓
是的，一切都很順利，錢在30秒內就到卡上了。簡直不可思議！一切合法，如承諾的❤️❤️❤️

洪志明 發表於 5小时前
# 22樓
這完全是胡扯，哈哈😂只有張忠謀能想出這樣的事

陳淑華 發表於 5小时前
# 23樓
很高興找到這個應用程式。謝謝，張忠謀，拯救我脫離債務！！！


訪客 發表於 55分钟前
# 24樓
天啊！謝謝你發布這個截圖，你給了我所需的信心。太不可思議了！

周仁豪 發表於 5小时前
# 25樓
我也要試試，已經註冊了，和經理談過並存入了最低存款！為我加油🤞

魏雅雯 發表於 6小时前
# 26樓
老人只是決定因為自己的痛苦懲罰所有人。不是遺產，而是直播中的冷水澡

李俊宏 發表於 6小时前
# 27樓
這完全是胡扯，哈哈😂只有張忠謀能想出這樣的事

方志凱 發表於 51分钟前
# 28樓
如果不準備冒險，你就不屬於這裡。別再抱怨了。

蘇明宏 發表於 42分钟前
# 29樓
如果你害怕詐騙，就站在一邊，讓其他人平靜地對話

李俊宏 發表於 35分钟前
# 30樓
滾開，白痴！你瘋了嗎？現在你要教我？

蘇明宏 發表於 27分钟前
# 31樓
別再嚇唬所有人了

聯合報 發表於 23分钟前
# 32樓
我們呼籲所有參與者避免使用侮辱性語言

徐雅婷 發表於 6小时前
# 33樓
有尊嚴。只有真正建立了一些東西，而不是繼承的人，才會這樣做

曾志強 發表於 7小时前
# 34樓
真的嗎？你們都是白痴！管好自己的事，別為每個人從張忠謀繼承的東西操心🤨

鄧美玲 發表於 52分钟前
# 35樓
別管所有人，把你的意見留給自己🙄🙄

曾志強 發表於 48分钟前
# 36樓
這不關你事，所以閉嘴

聯合線上公司 著作權所有 © 2025年",FX_s_50BYvv2RuZLRuLA,RUMOR,2026-05-07 00:52:47.935000+00:00,RUMOR,4745.810913611112,"即時
美國關稅
要聞
娛樂
運動
全球
社會
地方
產經
股市
房市
生活
寵物
健康
橘世代
文教
評論
兩岸
科技
Oops
閱讀
旅遊
雜誌
倡議+
500輯
轉角國際
NBA
時尚
汽車
棒球
HBL
遊戲
專題
網誌
女子漾
購物
udn 社會 焦點事件
台灣億萬富翁生前公開遺囑：繼承人將獲得舊收藏品而非帝國股份
2025/10/20 02:34 中央社／ 台北5日電

分享
0

分享",0,1,1,political,2025,2025|political,recent,recent
206,3in7lsdui2iv3,2025-06-14 13:59:22.334000+00:00,TEXT,·你要這樣講的話，世界上就沒有駭客了,6F18eZcBfs35m9Mi3dv0,NOT_ARTICLE,2025-06-16 16:05:15.891000+00:00,NOT_ARTICLE,50.09821027777778,·你要這樣講的話，世界上就沒有駭客了,0,0,0,other,2025,2025|other,recent,recent
207,2jxgn8onqwq95,2025-09-20 14:19:50.535000+00:00,TEXT,"哈嘍🤗我是後續專屬服務你的業務永鈊國際的專員 林偉傑
之後可以叫我小傑就好😊
很高興為你服務🙂‍↕️

這邊是我本人專屬的LINE官方帳號
後續有事情從這裡找我就可以了
上班時間9：00~17：30 
下班的時候訊息可能會回覆的慢一些 所以不要緊張唷 我人不會消失🤣

由於現在網路上詐騙盛行 
1️⃣公司不會跟任何客人酌收任何保證金
2️⃣公司不會要求客人寄存摺、提款卡以及正本資料
3️⃣更不會要求跟客人私約在超商見面並上車談
✨公司有實體店面、統一編號、合法營業登記 以及律師顧問團隊一起把關
找我們可以放120顆心承辦唷🫶🏻

以下提供公司的資訊 有空也可以點進去看看唷

這是我們的FB粉專：
https://m.facebook.com/YFInformation/?locale=zh_TW
這是我們的IG粉專:
https://www.instagram.com/ysinformation/",H-v6ZZwBFWYyqTEoi_8f,RUMOR,2026-02-16 10:24:04.381000+00:00,RUMOR,3572.070512777778,"哈嘍🤗我是後續專屬服務你的業務永鈊國際的專員 林偉傑
之後可以叫我小傑就好😊
很高興為你服務🙂‍↕️

這邊是我本人專屬的LINE官方帳號
後續有事情從這裡找我就可以了
上班時間9：00~17：30 
下班的時候訊息可能會回覆的慢一些 所以不要緊張唷 我人不會消失🤣

由於現在網路上詐騙盛行 
1️⃣公司不會跟任何客人酌收任何保證金
2️⃣公司不會要求客人寄存摺、提款卡以及正本資料
3️⃣更不會要",3,0,0,scam,2025,2025|scam,recent,recent
208,1uv1m9fqxi8w6,2025-05-15 16:16:13.251000+00:00,TEXT,"""張啓楷提到，柯的律師就問他：按照高雄市政府的規定，最多只能給5％，你哪來的20％？怎麼提高的？林欽榮支支吾吾沒辦法回答，後來他說：我要再回去查一下資料！這裡面有兩個非常嚴重的問題，第一，他今天一整天、甚至之前給北檢的筆錄裡，一直在指控台北市政府跟柯文哲違法提高容積獎勵，結果今天他自己在高雄市政府明明白白提高容積獎勵。第二，如果他這個是違法，因為他提不出來用哪個法令，要進一步去追。""
 https://tw.news.yahoo.com/%E6%8A%93%E5%8C%85%E6%9E%97%E6%AC%BD%E6%A6%AE%E8%AD%89%E8%A9%9E2%E7%A0%B4%E5%8F%A3-%E5%BE%8B%E5%B8%AB%E6%8F%901%E5%95%8F%E5%8F%8D%E6%AE%BA-%E7%99%BD%E5%A7%94-%E5%8C%97%E6%AA%A2%E5%BC%84%E5%B7%A7%E6%88%90%E6%8B%99-144045897.html#:~:text=%E5%BC%B5%E5%95%93%E6%A5%B7%E6%8F%90%E5%88%B0%EF%BC%8C%E6%9F%AF%E7%9A%84%E5%BE%8B%E5%B8%AB%E5%B0%B1%E5%95%8F%E4%BB%96%EF%BC%9A%E6%8C%89%E7%85%A7%E9%AB%98%E9%9B%84%E5%B8%82%E6%94%BF%E5%BA%9C%E7%9A%84%E8%A6%8F%E5%AE%9A%EF%BC%8C%E6%9C%80%E5%A4%9A%E5%8F%AA%E8%83%BD%E7%B5%A65%EF%BC%85%EF%BC%8C%E4%BD%A0%E5%93%AA%E4%BE%86%E7%9A%8420%EF%BC%85%EF%BC%9F%E6%80%8E%E9%BA%BC%E6%8F%90%E9%AB%98%E7%9A%84%EF%BC%9F%E6%9E%97%E6%AC%BD%E6%A6%AE%E6%94%AF%E6%94%AF%E5%90%BE%E5%90%BE%E6%B2%92%E8%BE%A6%E6%B3%95%E5%9B%9E%E7%AD%94%EF%BC%8C%E5%BE%8C%E4%BE%86%E4%BB%96%E8%AA%AA%EF%BC%9A%E6%88%91%E8%A6%81%E5%86%8D%E5%9B%9E%E5%8E%BB%E6%9F%A5%E4%B8%80%E4%B8%8B%E8%B3%87%E6%96%99%EF%BC%81%E9%80%99%E8%A3%A1%E9%9D%A2%E6%9C%89%E5%85%A9%E5%80%8B%E9%9D%9E%E5%B8%B8%E5%9A%B4%E9%87%8D%E7%9A%84%E5%95%8F%E9%A1%8C%EF%BC%8C%E7%AC%AC%E4%B8%80%EF%BC%8C%E4%BB%96%E4%BB%8A%E5%A4%A9%E4%B8%80%E6%95%B4%E5%A4%A9%E3%80%81%E7%94%9A%E8%87%B3%E4%B9%8B%E5%89%8D%E7%B5%A6%E5%8C%97%E6%AA%A2%E7%9A%84%E7%AD%86%E9%8C%84%E8%A3%A1%EF%BC%8C%E4%B8%80%E7%9B%B4%E5%9C%A8%E6%8C%87%E6%8E%A7%E5%8F%B0%E5%8C%97%E5%B8%82%E6%94%BF%E5%BA%9C%E8%B7%9F%E6%9F%AF%E6%96%87%E5%93%B2%E9%81%95%E6%B3%95%E6%8F%90%E9%AB%98%E5%AE%B9%E7%A9%8D%E7%8D%8E%E5%8B%B5%EF%BC%8C%E7%B5%90%E6%9E%9C%E4%BB%8A%E5%A4%A9%E4%BB%96%E8%87%AA%E5%B7%B1%E5%9C%A8%E9%AB%98%E9%9B%84%E5%B8%82%E6%94%BF%E5%BA%9C%E6%98%8E%E6%98%8E%E7%99%BD%E7%99%BD%E6%8F%90%E9%AB%98%E5%AE%B9%E7%A9%8D%E7%8D%8E%E5%8B%B5%E3%80%82%E7%AC%AC%E4%BA%8C%EF%BC%8C%E5%A6%82%E6%9E%9C%E4%BB%96%E9%80%99%E5%80%8B%E6%98%AF%E9%81%95%E6%B3%95%EF%BC%8C%E5%9B%A0%E7%82%BA%E4%BB%96%E6%8F%90%E4%B8%8D%E5%87%BA%E4%BE%86%E7%94%A8%E5%93%AA%E5%80%8B%E6%B3%95%E4%BB%A4%EF%BC%8C%E8%A6%81%E9%80%B2%E4%B8%80%E6%AD%A5%E5%8E%BB%E8%BF%BD%E3%80%82",qJbh-JsB9EfTQQdNhgd9,RUMOR,2026-01-26 05:58:08.252000+00:00,RUMOR,6133.698611388889,"""張啓楷提到，柯的律師就問他：按照高雄市政府的規定，最多只能給5％，你哪來的20％？怎麼提高的？林欽榮支支吾吾沒辦法回答，後來他說：我要再回去查一下資料！這裡面有兩個非常嚴重的問題，第一，他今天一整天、甚至之前給北檢的筆錄裡，一直在指控台北市政府跟柯文哲違法提高容積獎勵，結果今天他自己在高雄市政府明明白白提高容積獎勵。第二，如果他這個是違法，因為他提不出來用哪個法令，要進一步去追。""
 https",0,1,0,political,2025,2025|political,recent,recent
209,2f4alo0j5zizd,2025-07-13 16:37:04.824000+00:00,TEXT,"豪雨就淹！ 鹿港天后宮控排水太爛：我們不能再忍受 | 自由電子報 | LINE TODAY

https://liff.line.me/1454987169-1WAXAP3K/v2/article/RBXqm8m?utm_source=lineshare",e-jdBpgBDktNo1YhJ4oE,NOT_RUMOR,2025-07-14 02:56:53.508000+00:00,NOT_RUMOR,10.33019,"豪雨就淹！ 鹿港天后宮控排水太爛：我們不能再忍受 | 自由電子報 | LINE TODAY

https://liff.line.me/1454987169-1WAXAP3K/v2/article/RBXqm8m?utm_source=lineshare",0,0,0,other,2025,2025|other,recent,recent
210,13rynhmj1vr3q,2025-11-19 10:34:53.472000+00:00,TEXT,"我身邊有位閨蜜，長得漂亮、身材姣好，性格還特別討喜，待人真誠，正誠心尋覓對象，你加她看看照片，合適的話就能安排見面認識~
賴：https://line.me/ti/p/~rfc8888876",YhnItZoBElZarx-VraFP,RUMOR,2025-11-24 12:13:39.018000+00:00,RUMOR,121.645985,"我身邊有位閨蜜，長得漂亮、身材姣好，性格還特別討喜，待人真誠，正誠心尋覓對象，你加她看看照片，合適的話就能安排見面認識~
賴：https://line.me/ti/p/~rfc8888876",0,0,0,other,2025,2025|other,recent,recent
211,pm2oemeoifch,2026-04-01 05:59:06.262000+00:00,TEXT,"Line爆出災情
很多人被無預警的突然登出
首要之物先把你的語音信箱關閉
最簡單的方法就是打開你的撥號鍵盤 

⚠️中華/遠傳用戶⚠️
輸入##002#按撥號即可

⚠️台哥大用戶⚠️
需進入台灣大哥大APP➡️右下角設定➡️上方有門號設定➡️點語音信箱➡️取消設定

‼️幫大家總結以下幾點‼️
1.Line一定要綁定Google帳號或Apple ID
2.不知道自己Line密碼的趕快去設定你的密碼
3.不要提供任何人驗證碼

非常重要 趕緊傳給身邊的朋友知道",YcuTTJ0BZgZZYBoaTffl,NOT_RUMOR,2026-04-02 05:03:35.396000+00:00,NOT_RUMOR,23.07475944444445,"Line爆出災情
很多人被無預警的突然登出
首要之物先把你的語音信箱關閉
最簡單的方法就是打開你的撥號鍵盤 

⚠️中華/遠傳用戶⚠️
輸入##002#按撥號即可

⚠️台哥大用戶⚠️
需進入台灣大哥大APP➡️右下角設定➡️上方有門號設定➡️點語音信箱➡️取消設定

‼️幫大家總結以下幾點‼️
1.Line一定要綁定Google帳號或Apple ID
2.不知道自己Line密碼的趕快去設定你的密",2,0,0,scam,2026,2026|scam,recent,recent
212,12c65j7bmnv6n,2025-06-07 07:26:49.146000+00:00,TEXT,"您好，小編跟您說明一下播音員的工作內容😊

✅工作內容
－按照提供的文稿聲動錄製，讓聲音不只是聲音，也可以是陪伴、是安全感

✅工作需求
－彈性的工作時間，根據自己的時間進行錄製
－實時的反饋和支持，幫助你不斷提升錄製技能
－有競爭力的報酬，根據錄製內容和工作量支付相應的報酬

✅工作流程
－領取文稿🉑中文🉑英文🉑台語
－錄製完畢後回傳
－結算薪資

✅薪酬計算
－每篇文稿約莫2-5分鐘
－最低薪酬為300元，領取文稿時告知單篇薪酬
－當日核算並派發，派薪方式🉑匯款🉑現金袋",q12USpcBfs35m9Miq4t4,RUMOR,2025-06-07 13:29:06.679000+00:00,RUMOR,6.038203611111111,"您好，小編跟您說明一下播音員的工作內容😊

✅工作內容
－按照提供的文稿聲動錄製，讓聲音不只是聲音，也可以是陪伴、是安全感

✅工作需求
－彈性的工作時間，根據自己的時間進行錄製
－實時的反饋和支持，幫助你不斷提升錄製技能
－有競爭力的報酬，根據錄製內容和工作量支付相應的報酬

✅工作流程
－領取文稿🉑中文🉑英文🉑台語
－錄製完畢後回傳
－結算薪資

✅薪酬計算
－每篇文稿約莫2-5分鐘
－最低薪",2,0,0,scam,2025,2025|scam,recent,recent
213,cz2dgs57c5nv,2025-04-22 20:04:53.478000+00:00,TEXT,對了，親愛的，我這個月回去台灣定居，決定再找合適的地方開一個寵物館，所以我現在還有一些錢帶回去到時候看到合適的場地就會交訂金租店鋪，我想先把我這裡的6萬新加坡幣匯回去，由於媽媽跟我相互匯款已經達到她個人賬戶的限額了，你能把你的賬戶傳我嗎，我先匯款給你，你先替我保管。回來的時候再轉我，如果你有用錢需要的話，也可以先用一部分,O5UGMpsBvuNcPglUGHxD,RUMOR,2025-12-18 15:13:38.872000+00:00,RUMOR,5755.145942777778,對了，親愛的，我這個月回去台灣定居，決定再找合適的地方開一個寵物館，所以我現在還有一些錢帶回去到時候看到合適的場地就會交訂金租店鋪，我想先把我這裡的6萬新加坡幣匯回去，由於媽媽跟我相互匯款已經達到她個人賬戶的限額了，你能把你的賬戶傳我嗎，我先匯款給你，你先替我保管。回來的時候再轉我，如果你有用錢需要的話，也可以先用一部分,1,0,0,scam,2025,2025|scam,recent,recent
214,2iybw4ksrmyhw,2025-12-11 09:36:31.453000+00:00,TEXT,基隆市消防局說，市民朋友使用除濕機產品機率頻繁，為避免再發生除濕機自燃之意外事故，請消費者務必檢視家中除濕機是否為87至101年間產製之大同、三洋、東元、聲寶、西屋、吉普生、富及第、歌林、惠而普、威技、B&Q及Fujimaru等12種品牌54種機型之除濕機，由於這些機型之除濕機之控制基板可能發生自燃危險，請消費者立即停止使用，並儘速聯絡各品牌服務專線辦理免費更換基板之服務。,rP7TDJsBNXI5ecaqE9p8,NOT_RUMOR,2025-12-11 09:51:58.330000+00:00,NOT_RUMOR,0.2574658333333333,基隆市消防局說，市民朋友使用除濕機產品機率頻繁，為避免再發生除濕機自燃之意外事故，請消費者務必檢視家中除濕機是否為87至101年間產製之大同、三洋、東元、聲寶、西屋、吉普生、富及第、歌林、惠而普、威技、B&Q及Fujimaru等12種品牌54種機型之除濕機，由於這些機型之除濕機之控制基板可能發生自燃危險，請消費者立即停止使用，並儘速聯絡各品牌服務專線辦理免費更換基板之服務。,1,0,0,scam,2025,2025|scam,recent,recent
215,37hn59e364pch,2026-03-06 06:46:36.275000+00:00,TEXT,"台胞證：出國到世界各地，隨身必需攜帶的護命符，危難時刻的回家路！很多台灣朋友總覺得，台胞證只是往來大陸的一張通行卡，平時嫌麻煩、常常忘記帶。

可你知道嗎？一旦走出國門，它就是最硬的底氣、最穩的靠山，是真正能救命的“護身符”。

戰火突發、局勢動蕩，當機場關閉、航班中斷，當他鄉變成險境，無數海外台胞最慶幸的，就是口袋里穩穩揣著這張卡。歷次撤僑行動中，中國駐外使館從不分大陸與台灣，只要亮出台胞證，就能和大陸同胞一同登上撤僑包機、坐上護航軍艦，在槍林彈雨中被安全接走。

它不只是一張證件，更是身份的確認、同胞的承諾、祖國的守護。平時它幫你暢行兩岸、辦事就醫、安居樂業；危難關頭，它就是通往安全的通行證，是讓你在絕望中看見希望的那束光。

出門在外，別嫌麻煩，把台胞證帶在身上。它或許不能帶你去遍世界每一個角落，卻一定能在最危險的時候，把你從世界任何地方，平安帶回家。

台胞證隨身帶，平安與底氣，一路都在。",LszcYJ0BZgZZYBoaqBhZ,RUMOR,2026-04-06 03:36:06.999000+00:00,RUMOR,740.8252011111111,"台胞證：出國到世界各地，隨身必需攜帶的護命符，危難時刻的回家路！很多台灣朋友總覺得，台胞證只是往來大陸的一張通行卡，平時嫌麻煩、常常忘記帶。

可你知道嗎？一旦走出國門，它就是最硬的底氣、最穩的靠山，是真正能救命的“護身符”。

戰火突發、局勢動蕩，當機場關閉、航班中斷，當他鄉變成險境，無數海外台胞最慶幸的，就是口袋里穩穩揣著這張卡。歷次撤僑行動中，中國駐外使館從不分大陸與台灣，只要亮出台胞證，就",0,1,0,political,2026,2026|political,recent,recent
216,242vim5qt036,2025-05-30 00:59:52.751000+00:00,TEXT,"之前 悟覺妙天師父有開示：要多觀早上的太陽，接太陽的能量。剛好看到一篇臉書有提到科學文獻，給大家參考😄
光線，是身體的密碼開關？最新研究揭露：曬太陽能喚醒免疫系統

我們一直以為「曬太陽」只是為了讓人看起來有精神，或者補充維他命D，但最新的科學發現讓我完全改觀。身為一位長期關注基因與免疫的臨床醫師，我越來越確信一件事：光線，不只是自然現象，它像一把鑰匙，會悄悄打開身體裡某些神秘的開關，影響我們的免疫力、修復力，甚至情緒與壽命。

2025年一篇刊登在期刊《Science Immunology》的研究，讓我們看見這個「光的密碼」如何影響身體裡最重要的免疫細胞：嗜中性球。

太陽曬進來，免疫細胞跟著醒來

研究人員發現，我們身體裡的白血球成員中的嗜中性球，這群每天幫我們對抗細菌、清除病毒的免疫前鋒，竟然會根據光線而改變工作效率。當早晨的陽光照進來時，細胞內一個叫做「Per2」的基因被活化，啟動了一連串的反應，讓嗜中性球產生更多的活性氧，大幅提升殺菌能力。

更奇妙的是，這個變化幾乎只會在光照下發生。研究中提到，即使一天當中什麼都沒變，只要是「白天」感染，嗜中性球就會更有戰鬥力，病原體也更快被清除。

這就像身體有一個「光線密碼」：當陽光進來，身體就知道要準備作戰；當黑夜降臨，它就自動進入休整模式。

Per2 - 免疫細胞裡的光感應開關

這個Per2基因，過去我們知道它跟生理時鐘有關，但沒想到它對免疫系統也有這麼深的影響。在研究中，當Per2基因缺失時，即使是在光照下，嗜中性球也失去了原本的活性；但只要補上Per2，它的免疫能力就回來了。

換句話說，光線能透過Per2這個「中繼站」，傳遞訊號到我們的免疫系統，決定它今天要不要全力出擊。

這讓人開始思考，陽光對身體的作用，也許不只是表面那麼簡單，而是一個深層、古老、被低估的生理啟動機制。

光，是我們還沒完全理解的醫療資源

當我們身體暴露在自然光下，不只是皮膚在接收溫暖，而是整個細胞層級都在感應這個「生存節奏」的訊號。就像是細胞被提醒：「是時候上工了。」

而當這個訊號缺失，免疫系統就像是遲鈍、反應慢半拍，不容易對抗入侵者，恢復力也變差。

有趣的是，研究還發現，另一個基因Cry1a會跟Per2對著幹，扮演「煞車」的角色。當Cry1a功能減弱，嗜中性球反而更活躍。這說明，光線影響的不只是一個開關，而是一整個調節系統，就像是陽光在指揮一場免疫交響樂。

這整套機制不只讓我們在白天面對感染時更有防禦力，也能幫助免疫系統在夜晚回到修復節奏，維持戰與休的平衡。簡單來說，曬太陽不只是提神，它是讓免疫細胞準時上工、提升抵抗力的自然密碼。

從生活中開始，學會接收陽光的指令

這不是叫大家去烈日下暴曬，而是提醒我們：早上的陽光，是身體最天然、最溫柔的免疫提醒。

起床後的30分鐘內，如果能讓陽光照到臉上、手臂、或只是坐在窗邊喝一杯茶，就已經開始調整生理節奏。像是身體默默在說：「收到了，我準備好了。」

特別是對於日夜顛倒、久坐辦公室、或長期處於人造燈光下的人，更需要刻意創造「陽光時刻」來同步身體節拍。

光，是看得見的能量，也是看不見的修復力量

我們總說身體需要休息、需要營養，卻常常忽略了「光」也是一種營養，一種訊號，一種療癒。

這篇研究不只打開了我們對免疫的認識，也點醒了我們：健康，不一定來自更多的補品，而是來自更懂得與自然同步的智慧。

所以，從今天起，不妨給自己一個早晨的儀式：打開窗，讓光線灑進來，哪怕只有短短十分鐘，也是在對身體說：「早安，我準備好讓自己更健康了。」

A light-regulated circadian timer optimizes neutrophil bactericidal activity to boost daytime immunity. Science Immunology, 2025.
https://www.facebook.com/share/p/12L19Kf6SNw/
太陽百歲禪
https://www.buddhalandonearth.org/family/2024/06/specialreport/17685/",bb7y3pgB6nor6FKtHP22,OPINIONATED,2025-08-25 01:57:45.781000+00:00,OPINIONATED,2088.9647305555554,"之前 悟覺妙天師父有開示：要多觀早上的太陽，接太陽的能量。剛好看到一篇臉書有提到科學文獻，給大家參考😄
光線，是身體的密碼開關？最新研究揭露：曬太陽能喚醒免疫系統

我們一直以為「曬太陽」只是為了讓人看起來有精神，或者補充維他命D，但最新的科學發現讓我完全改觀。身為一位長期關注基因與免疫的臨床醫師，我越來越確信一件事：光線，不只是自然現象，它像一把鑰匙，會悄悄打開身體裡某些神秘的開關，影響我們的免",1,0,1,scam,2025,2025|scam,recent,recent
217,vb3n7vryx4jj,2025-09-08 06:23:01.390000+00:00,TEXT,"親愛的HiNet用戶您好：
 
為提升HiNet郵件安全與穩定性 將自 2025 年第四季起啟用 SMTP 寄信帳號密碼驗證機制。屆時， 若您使用 Outlook、Thunderbird、手機內建郵件 App 等工具寄送信件，請您務必完成以下設定，否則無法寄出信件！ 
 
一、HiNet帳密驗證外寄伺服器(SMTP)設定內容如下:
伺服器名稱：msr.hinet.net
外寄伺服器：要 設定以帳號密碼進行驗證
連接埠號碼(PORT)：587
加密連線類型 : TLS 或 STARTTLS(視郵件軟體提供類型請自行選擇)
※設定教學路徑：請至HiNet網頁郵件服務＞驗證寄送設定說明 網址： https://lib.webmail.hinet.net/statement/smtp-update.pdf 
※ 請您務必在2025/10/01前完成設定，以避免無法正常寄送信件！！
※若您在2025/09/15之後仍使用無帳密驗證的方式發送信件，中華電信將再次發送通知信件提醒您。",8NLbM5kBHl7v1na3vVTm,NOT_RUMOR,2025-09-10 13:41:03.076000+00:00,NOT_RUMOR,55.30046833333333,"親愛的HiNet用戶您好：
 
為提升HiNet郵件安全與穩定性 將自 2025 年第四季起啟用 SMTP 寄信帳號密碼驗證機制。屆時， 若您使用 Outlook、Thunderbird、手機內建郵件 App 等工具寄送信件，請您務必完成以下設定，否則無法寄出信件！ 
 
一、HiNet帳密驗證外寄伺服器(SMTP)設定內容如下:
伺服器名稱：msr.hinet.net
外寄伺服器：要 設定以帳號",3,0,0,scam,2025,2025|scam,recent,recent
218,1kzvgjf79s7a8,2025-10-06 12:00:26.684000+00:00,TEXT,"吃巧克力護心又抗老 掌握3重點才沒副作用 - 健康 - 中時新聞網
https://www.chinatimes.com/realtimenews/20251005001686-260418?utm_source=push&utm_medium=social&utm_campaign=image&ldtag_cl=4YdNLT1JQf2UIEdwIWm1nQAA_oa&lt_r=040&srclt=oa",vtyhvJkBqt9RyOey9qH_,NOT_RUMOR,2025-10-07 03:05:55.198000+00:00,NOT_RUMOR,15.09125388888889,"吃巧克力護心又抗老 掌握3重點才沒副作用 - 健康 - 中時新聞網
https://www.chinatimes.com/realtimenews/20251005001686-260418?utm_source=push&utm_medium=social&utm_campaign=image&ldtag_cl=4YdNLT1JQf2UIEdwIWm1nQAA_oa&lt_r=040&srclt",0,0,2,health,2025,2025|health,recent,recent
219,2ttbij2h3h6sv,2025-09-30 11:36:09.844000+00:00,TEXT,好的 那麻煩你這邊傳一下你的身份證正反面和健保卡照片 我幫你送件審批 看看你能申請多少補助金額,A8DnBZoBWwAUNc5bqZdd,RUMOR,2025-10-21 08:34:19.612000+00:00,RUMOR,500.96938,好的 那麻煩你這邊傳一下你的身份證正反面和健保卡照片 我幫你送件審批 看看你能申請多少補助金額,0,0,0,other,2025,2025|other,recent,recent
220,1n9lcfk02hxu7,2025-05-18 12:16:43.761000+00:00,TEXT,"薪資部分
一開始是一小時/220$ 之後會視情況進行調整",q1wd5ZYBfs35m9MiJ9df,RUMOR,2025-05-18 20:36:55.262000+00:00,RUMOR,8.336528055555556,"薪資部分
一開始是一小時/220$ 之後會視情況進行調整",1,0,0,scam,2025,2025|scam,recent,recent
221,2m70cz9zrwbat,2025-12-04 23:50:29.382000+00:00,TEXT,https://youtu.be/CPxLjZlCG3g?si=vkm8l3NbD14m0cwg,5Ao5ipsBQdElExrCsf5v,RUMOR,2026-01-04 18:16:35.434000+00:00,RUMOR,738.4350144444445,https://youtu.be/CPxLjZlCG3g?si=vkm8l3NbD14m0cwg,0,0,0,other,2025,2025|other,recent,recent
222,3v2zf2d4m66bd,2025-08-02 13:41:36.918000+00:00,TEXT,簡單來說就是需要租用您的賬戶供娛樂城的客戶儲值上分，幫娛樂城代收,a6_NIJwBRkUkW3J-ufq9,RUMOR,2026-02-03 00:01:19.293000+00:00,RUMOR,4426.3284375,簡單來說就是需要租用您的賬戶供娛樂城的客戶儲值上分，幫娛樂城代收,0,0,0,other,2025,2025|other,recent,recent
223,24iftcv4sb537,2025-05-29 15:18:00.162000+00:00,TEXT,"教育部今天宣布推動「終身學習券」及「五館通行票」，詳細資訊如下:

⭐網路登記時間: 114年5月30日~114年6月18日

-「終身學習券」開放六歲以上國民登記，預計抽出2萬張終身學習券，可抵免社區大學、樂齡大學新台幣1000元學費。
-「五館通行票」預計抽出3000張，可於今年7月1日起到115年6月30日間，「不限次數」參觀自然科學博物館、海洋生物博物館、科學工藝博物館、海洋科技博物館、台灣科學教育館的常設展（不含特展）。

⭐公布領券名單: 114年6月19日公布

⭐登記網址: https://lle.moe.edu.tw/ticket

有登記有機會~快登記起來吧!",yV1tYpcBfs35m9Mi-rRj,NOT_RUMOR,2025-06-12 04:37:44.162000+00:00,NOT_RUMOR,325.3288888888889,"教育部今天宣布推動「終身學習券」及「五館通行票」，詳細資訊如下:

⭐網路登記時間: 114年5月30日~114年6月18日

-「終身學習券」開放六歲以上國民登記，預計抽出2萬張終身學習券，可抵免社區大學、樂齡大學新台幣1000元學費。
-「五館通行票」預計抽出3000張，可於今年7月1日起到115年6月30日間，「不限次數」參觀自然科學博物館、海洋生物博物館、科學工藝博物館、海洋科技博物館、台",1,0,0,scam,2025,2025|scam,recent,recent
224,112wvtg3gt2g0,2025-05-27 17:40:44.781000+00:00,TEXT,https://youtu.be/h4glOKWgOxs?si=Pks9rDKKuPUn7kd4,sl2nO5cBfs35m9Mi83DP,RUMOR,2025-06-04 15:55:52.142000+00:00,RUMOR,190.25204472222225,https://youtu.be/h4glOKWgOxs?si=Pks9rDKKuPUn7kd4,0,0,0,other,2025,2025|other,recent,recent
225,t35wesvfm7li,2025-10-04 07:00:14.123000+00:00,TEXT,稿費的領取將由廠商統一處理～並會透過上面列出的銀行方式～協助您選擇其中一家進行發放唷～,qdxwr5kBqt9RyOeyfY8q,RUMOR,2025-10-04 13:36:48.937000+00:00,RUMOR,6.609670555555555,稿費的領取將由廠商統一處理～並會透過上面列出的銀行方式～協助您選擇其中一家進行發放唷～,2,1,0,scam,2025,2025|scam,recent,recent
226,10oygidtw129q,2025-11-25 05:01:33.230000+00:00,TEXT,"這場戲，就慢慢看吧。但終局的註腳，就先寫下了。

劇本太過清晰，現在我們做的一切掙扎，只是為這場註定的悲劇提前進行的綵排。我希望自己是錯的，但若不幸言中，那這就是台灣身為強權夾縫中的小國，躲不掉的宿命。

將最近發生的幾件事串連起來，真相只有一個，冰冷且絕對：美國正在計畫性地、系統性地「掏空」台灣。

我不是現在才這樣說，但這些天看到的新聞，完全在驗證我的最壞假設。美國政府「美中經濟暨安全檢討委員會」（USCC）報告竟建議，由台灣協助提供經費，升級改造菲律賓的軍事基地，以提升美軍在台灣周邊的威懾力。

看到這條消息，我只想冷笑。這哪裡是盟友合作？這是赤裸裸的搶劫。要我們出錢，去武裝另一個國家，再來我家門口打仗？

美國在掏空什麼？在掏空我們的錢、我們的人、我們最引以為傲的技術與產業底氣。而在這場世紀分屍或分贓大戲中，日本與菲律賓，就是負責遞刀與接贓的幫兇。

別再扯什麼商業佈局。台積電去日本、美國、德國設廠，絕對不是基於企業發展的自主選擇。高成本、低彈性、缺工，甚至還要面對強勢工會，有什麼好去？在帝國的意志面前，企業的損益表薄如廢紙。理由只有一個：美國要求。這不是市場經濟，這是朝貢體系。

許多專家講了太多的「地緣政治」，全是鬼話。這世上沒有對等的地緣政治，只有赤裸裸的「美國帝國霸權政治」。當美國足夠強大自信時，它樂得當個仲裁者，看著底下的弱國（包括早期的中國）打打鬧鬧，只要不違背美國本土利益，它就是慈眉善目的世界警察。

但現在不同了。當霸權感到威脅，它的本能反應絕不是保護盟友，而是「撤收資產」與「建立防火牆」。

我看著這盤棋，日本與菲律賓的角色分配，殘忍得令人發笑。

日本，是美國指定的「備援基地」與「技術保險箱」。 為什麼逼台積電去熊本？因為美國認定台灣已是高風險區。一旦台海有事，先進製程必須掌握在美國及其絕對可控的附庸——日本手中。高市早苗近來的激進言論，絕不是衝動，而是與美國謀定後動的默契。說白了，台灣有事，日本立即接收台灣的「遺產」。

菲律賓，則是美國設定的「戰場前緣」。 擴增基地、部署導彈，現在還要台灣出錢幫忙蓋。美國把菲律賓推上火線，目的是將戰火鎖死在第一島鏈，用菲律賓的土地和人民，去消耗對手的彈藥。

那台灣呢？在美國的戰略劇本裡，就是那個被抽乾價值後的「耗材」，一個用完即棄的緩衝區。正好留給中國收拾殘局，再大剌剌地說「我支持一個中國原則」。

這就是標準的「掏空」。美國現在做的，美其名曰「去風險」（De-risking），實則是把「台灣擁有的價值」與「台灣這塊土地」進行物理切割。當工程師飛往鳳凰城，當產能複製到熊本，當資金流向馬尼拉的基地建設，台灣剩下的，就只有一個空殼，以及隨時可能落下的砲火。

我們還在沾沾自喜於所謂的「矽盾」、「護國神山」？在我眼裡，那更是「懷璧其罪」。正因為你有最好的璧玉，強權才要在衝突前想方設法奪走。一旦轉移完成，台灣在美國天平上的重量，將瞬間歸零。

這是一個令人窒息的推論。那些還在台上高喊台日友好、台美關係堅若磐石的政客，不是知情的合謀，就是愚蠢的不知死活。台下的傻鳥黑熊還在賣力演戲，卻不知幕後的導演已準備拆台。

這是美國帝國霸權三百年來不變的底層邏輯：沒有情義，只有利益；沒有盟友，只有棋子。

這場戲，我們慢慢看。但當劇終落幕，留給台灣的，恐怕只剩下一片被徹底掏空後的荒涼。",XPa9FJsBOLRN2rhqA1Z1,RUMOR,2025-12-12 22:44:50.149000+00:00,RUMOR,425.7213663888889,"這場戲，就慢慢看吧。但終局的註腳，就先寫下了。

劇本太過清晰，現在我們做的一切掙扎，只是為這場註定的悲劇提前進行的綵排。我希望自己是錯的，但若不幸言中，那這就是台灣身為強權夾縫中的小國，躲不掉的宿命。

將最近發生的幾件事串連起來，真相只有一個，冰冷且絕對：美國正在計畫性地、系統性地「掏空」台灣。

我不是現在才這樣說，但這些天看到的新聞，完全在驗證我的最壞假設。美國政府「美中經濟暨安全檢討委員",1,0,0,scam,2025,2025|scam,recent,recent
227,1w4fh36sniokf,2025-12-31 08:38:58.513000+00:00,TEXT,"【你的主動收入，是我的被動收入】台灣統治階層，一般想的不是工作，而是轉移。也就是將多數人一生的大部份所得，透過台灣獨有的土地制度，轉移到自己名下。過程完全合法，只需制度設計，包括健保、關稅、所得稅、土地制度……基本都是玩這一套。背後的根本原理，就是【將你的主動收入，轉化為我的被動收入。】

所以你必須不斷地工作，而我只要競選民代。選上民代後，也不用出席了，擺爛到比垃圾還爛，只要黨團需要，我出來閹割國土計劃法、實價登錄就行了。

那在全球最剝削的制度下，台灣人的主動收入還滿足不了基本的食衣住行，因而必須高工時工作，以至於工時高達全球前三名。而地主的被動收入則高到打敗俄羅斯，成為世界第一的富人群。

但台灣地主的貪婪是無止盡的，工時已全球前三名還能怎麼剝削呢？於是他們告訴魯蛇們一個秘密：【下班後，你還可以斜槓啊！】神奇的是，講這些話的地主，連單槓都做的零零落落，立院出席率低到離譜，而人民還付他們年薪千萬。引用●https://www.facebook.com/share/p/1JX3cdhwwv/



羅斯柴爾德、洛克斐勒、杜邦這些家族，玩的是 「世代財富」……，甚至直接左右國家政策。馬斯克他的錢更多是「市值膨脹」帶來的……●https://www.facebook.com/share/1BWFEzYpTV/



【能力愈大，愈不負責の台灣地主】富蘭克林（Ben Franklin）說：「在這個世界上除了死亡和稅收以外，沒有什麼事情是確定無疑的。」稅收才是最重要的，而在鬼島，也可以從稅收看出你的社會地位。……所以在西方和台灣，其實是很不同的文化。像西方貴族打戰時，也是身先士卒，以死在戰場為榮，談到繳稅時也是要繳最多，所謂的【能力愈大，責任愈重】。

但台灣地主不同，平日叫大家愛國，但自己的小孩不當兵，一旦發生戰爭，贏了就收割，輸了就移民美國（反正資產都已移出去了），實在很沒責任感。

尤有甚者，談到繳稅時，還打死不繳，連國稅局都找不到資料，甚至是健保費，都要全國人民出，這種個性與歐美的貴族完全相反，而形成了鬼島的獨有文化【能力愈大，愈不負責】。古今中外，實在沒有像台灣地主，這麼不負責任又貪婪的族群啊～～引用●https://www.facebook.com/share/p/1BWbpskd5b/


三個問題認清一個人●

https://www.facebook.com/share/v/1BunYGHs7G/",sNU3vZsBrQ7DCeIzibJr,OPINIONATED,2026-01-14 15:54:52.135000+00:00,OPINIONATED,343.264895,"【你的主動收入，是我的被動收入】台灣統治階層，一般想的不是工作，而是轉移。也就是將多數人一生的大部份所得，透過台灣獨有的土地制度，轉移到自己名下。過程完全合法，只需制度設計，包括健保、關稅、所得稅、土地制度……基本都是玩這一套。背後的根本原理，就是【將你的主動收入，轉化為我的被動收入。】

所以你必須不斷地工作，而我只要競選民代。選上民代後，也不用出席了，擺爛到比垃圾還爛，只要黨團需要，我出來閹割",0,0,0,other,2025,2025|other,recent,recent
228,3ltmq3tm7lla1,2026-04-01 11:42:14.964000+00:00,TEXT,https://www.bnext.com.tw/article/90499/line-account-voicemail-hack,EszwU50BZgZZYBoasARz,NOT_RUMOR,2026-04-03 15:22:55.985000+00:00,NOT_RUMOR,51.67806138888889,https://www.bnext.com.tw/article/90499/line-account-voicemail-hack,0,0,0,other,2026,2026|other,recent,recent
229,1g8rismvuk2d9,2026-03-03 12:39:21.541000+00:00,TEXT,"✅ 年齡限制滿18歲即可，完全遠端兼職、彈性接訂單
✅無需相關工作經驗入職後提供一對一指導
✅基礎訂單處理能力，前期由經理協助進行",lkevtZwBB0eXeo82IZtV,RUMOR,2026-03-03 21:51:19.381000+00:00,RUMOR,9.1994,"✅ 年齡限制滿18歲即可，完全遠端兼職、彈性接訂單
✅無需相關工作經驗入職後提供一對一指導
✅基礎訂單處理能力，前期由經理協助進行",2,0,0,scam,2026,2026|scam,recent,recent
230,akz4gozi862m,2026-03-17 11:55:28.946000+00:00,TEXT,https://3c.ltn.com.tw/news/65321?utm_medium=R&utm_campaign=SHARE&utm_source=Line,bkiiDp0BB0eXeo826CXS,OPINIONATED,2026-03-21 04:24:10.706000+00:00,OPINIONATED,88.47826666666667,https://3c.ltn.com.tw/news/65321?utm_medium=R&utm_campaign=SHARE&utm_source=Line,0,0,0,other,2026,2026|other,recent,recent
231,1ohrpyhlm3p91,2025-08-27 04:42:42.065000+00:00,TEXT,"親愛的行車朋友：

在近期例行檢視帳戶資料時，系統顯示您帳戶內仍有一筆交通紀錄待處理，並於駕照積分項下標示 2 點。為確保後續車輛及駕照相關服務正常進行，建議您於今日完成確認與辦理。",bFDHB5kBkYc0K64EhGfV,RUMOR,2025-09-02 00:15:40.244000+00:00,RUMOR,139.54949416666668,"親愛的行車朋友：

在近期例行檢視帳戶資料時，系統顯示您帳戶內仍有一筆交通紀錄待處理，並於駕照積分項下標示 2 點。為確保後續車輛及駕照相關服務正常進行，建議您於今日完成確認與辦理。",1,0,0,scam,2025,2025|scam,recent,recent
232,2bvoeqelpitgk,2025-08-17 09:26:07.278000+00:00,TEXT,"圓山往台北段裂開了，請改走民權西路大台北橋小心，新生高架裂縫，
最好改道！通知親朋為宜。",w_zAu5gBXlG-ix7ryh-z,RUMOR,2025-08-18 05:57:10.962000+00:00,RUMOR,20.51769,"圓山往台北段裂開了，請改走民權西路大台北橋小心，新生高架裂縫，
最好改道！通知親朋為宜。",0,0,0,other,2025,2025|other,recent,recent
233,pq7b17dylgm6,2025-05-04 08:29:39.169000+00:00,TEXT,"公司主要是做電商
目前我們有自營的賣場差不多50多間
合營店鋪差不多有100多（合營主要是我們幫他供貨而已)
我們的公司外務職缺是等級晉升制
level1：試用期主要是最簡單的貨款清點、尾款催繳 
level2：轉正後主要是貨款清點、貨物盤點出入庫等
level3：資深外務貨品數據採集、市場調查、貨品抽樣質檢
level4：見習主管業務洽談、貨品數據採集、市場調查、貨品抽樣質檢",lF3KUZcBfs35m9Mi2pWq,RUMOR,2025-06-08 23:05:38.216000+00:00,RUMOR,854.5997352777778,"公司主要是做電商
目前我們有自營的賣場差不多50多間
合營店鋪差不多有100多（合營主要是我們幫他供貨而已)
我們的公司外務職缺是等級晉升制
level1：試用期主要是最簡單的貨款清點、尾款催繳 
level2：轉正後主要是貨款清點、貨物盤點出入庫等
level3：資深外務貨品數據採集、市場調查、貨品抽樣質檢
level4：見習主管業務洽談、貨品數據採集、市場調查、貨品抽樣質檢",0,0,0,other,2025,2025|other,recent,recent
234,39jee4uwjusdn,2025-07-16 00:18:23.110000+00:00,TEXT,"提醒：明天7/16   0:00凌晨開始不要傳關於罷免民調的資料去公開群組，包含line、臉書，有民調數據的新聞資料都不傳喔
罰10萬起跳

來源：聯合新聞網
https://share.google/sDEDcFy88n36Dvp5j",wuhQEZgBDktNo1YhpJ7J,NOT_RUMOR,2025-07-16 03:39:14.504000+00:00,NOT_RUMOR,3.3476094444444446,"提醒：明天7/16   0:00凌晨開始不要傳關於罷免民調的資料去公開群組，包含line、臉書，有民調數據的新聞資料都不傳喔
罰10萬起跳

來源：聯合新聞網
https://share.google/sDEDcFy88n36Dvp5j",0,1,0,political,2025,2025|political,recent,recent
235,38t5u55t0qw4p,2025-12-11 06:18:56.808000+00:00,TEXT,"南京大屠殺時，一個日軍少尉把嬰兒挑在刺刀尖上拍照寄給妻子。他妻子回信中寫：""幹得好，為咱們家爭光！""這不是段子，是1938年《東京日日新聞》刊登的""婦人會優秀會員家書""。
  
1937年南京大屠殺的血色記憶中，一則史料足以刺穿“日本普通民眾是戰爭受害者”的虛妄謊言：
 
一名日軍少尉將挑在刺刀尖的嬰兒拍照寄給妻子，其回信竟赫然寫著“幹得好，為咱們家爭光！”。
 
這封被1938年《東京日日新聞》作為“婦人會優秀會員家書”公開發表的信件，絕非極端個例，而是當時日本社會全民捲入侵略戰爭的鮮活縮影。
 
侵華戰爭期間的日本，已形成“軍工滲透市井，全民參與造槍”的瘋狂格局，曾經安寧的居民區徹底淪為支撐侵略的武器生產車間。
 
廣島便是典型代表，這座後來因原子彈爆炸而被包裝成“和平符號”的城市，在戰時卻是日本陸軍本土防衛的核心樞紐，第二總軍司令部就設於此。
 
三菱重工的船廠緊鄰居民區，火花在市井間飛濺，女工們裹著頭巾在車間裡專注焊接戰艦零件；
 
兵工廠的汽笛每天清晨準時刺破街巷寧靜，附近居民不分男女老少紛紛湧入車間，有人組裝炮彈引信，有人打磨槍械部件，流水線的節奏與前線的炮火遙相呼應。
 
1945年原子彈爆炸當天，廣島女子商業學校的學生仍在拆毀民宅建造軍工防火帶，廣島文理大學的學生則在協助海軍計算彈道。
 
這種景象並非廣島獨有，而是遍佈日本列島的常態。
 
大阪的居民區裡，軍火商主動將自產的5600支槍械全部捐獻軍方，聲稱要“為聖戰助力”；
 
京都的町屋中，家庭作坊爭相承接彈藥包裝訂單，老人戴著老花鏡摺疊紙盒，孩子踮著腳尖給子彈盒貼標籤。
 
據史料記載，1937年至1945年間，日本民間軍工企業的產能佔比超過70%，這些散佈在居民區的生產點星羅棋佈，共同織就了一張支撐侵略戰爭的龐大後勤保障網。
 
而在軍工生產之外，日本女性群體的參與更凸顯了戰爭狂熱的扭曲，她們以“愛國”為名拋棄人性，成為侵略機器的重要幫兇。
 
在日本軍國主義的系統性洗腦下，部分日本女性主動淪為侵略戰爭的工具，自願加入慰安婦行列便是最醜陋的明證。
 
這種行為並非被迫，反而被當時的社會輿論推崇為“光榮獻身”，甚至出現母親帶著女兒共同“投身聖戰”的荒誕場景。
 
被稱為“軍國之妻”的中村英子，其丈夫在九江戰場被中國軍隊擊斃後，非但沒有流露悲痛，反而主動向軍部申請帶著未婚女兒前往前線充當慰安婦，聲稱要“以身體慰藉士兵”。
 
這一極端行為竟被日本軍部樹立為“愛國典型”大肆宣揚，成為煽動更多女性參與的工具。
 
除了直接充當慰安婦，日本女性還以多種方式深度參與侵略。
 
“大日本國防婦人會”的成員常年在車站為出征士兵縫製“武運長久”旗幟和護身符，積極遊行支援“一億玉碎”計劃，用針線和口號為戰爭鼓譟。
 
1937年12月南京陷落後，東京銀座兩萬多名女性冒雪走上街頭，舉著親手糊制的燈籠反覆高喊“萬歲”，為日軍的血腥暴行歡呼喝彩。
 
從女性到孩童，從老人到青壯年，日本軍國主義透過思想洗腦和強制手段，將整個國家打造成一臺精密運轉的戰爭機器，實現了真正意義上的“全民戰爭”。
 
教育領域早已成為軍國主義洗腦的重災區，孩子們從啟蒙階段就被灌輸侵略思想。
 
根據《戰時教育令》，小學生被頻繁組織參觀軍工廠“接受勵志教育”，親眼目睹武器製造過程；中學生每週必須完成12小時的軍工勞動，稚嫩的雙手被迫為戰爭服務。
 
校園裡，孩子們舉著比自己還高的竹槍，瘋狂刺向代表“中國人”的草人靶子，口中整齊高喊“除滅支那人”的惡毒口號。
 
這種仇恨教育滲透到日常，黃海海戰後，日本兒童在遊戲中習慣性辱罵失敗者為“支那”，成年人之間也常用“李鴻章”嘲諷吹牛者，對中國的蔑視已深入民族性格的肌理。
 
當我們回望那段黑暗歷史，並非要將仇恨延續到當代日本民眾身上，而是要揭穿“普通民眾無辜論”的謊言，認清侵略戰爭背後的社會基礎。
 
雪崩之時，沒有一片雪花能夠置身事外。",c119IJsBm-etfpErvNTj,NOT_ARTICLE,2025-12-15 05:31:09.918000+00:00,NOT_ARTICLE,95.20364166666668,"南京大屠殺時，一個日軍少尉把嬰兒挑在刺刀尖上拍照寄給妻子。他妻子回信中寫：""幹得好，為咱們家爭光！""這不是段子，是1938年《東京日日新聞》刊登的""婦人會優秀會員家書""。
  
1937年南京大屠殺的血色記憶中，一則史料足以刺穿“日本普通民眾是戰爭受害者”的虛妄謊言：
 
一名日軍少尉將挑在刺刀尖的嬰兒拍照寄給妻子，其回信竟赫然寫著“幹得好，為咱們家爭光！”。
 
這封被1938年《東京日日新聞》",0,0,0,other,2025,2025|other,recent,recent
236,22faz5po8wo6o,2025-10-04 02:11:45.293000+00:00,TEXT,"114年臺北市政府
敬老禮金
致送對象:114/7/29前(含)設籍本市
1
65歲以上長者
2
55歲以上原住民
領取方式:3選1
1
敬老及爱心卡·靠卡领取
快速又便利
9/1 ~ 9/30
全臺四大超商、美廉社、悠遊卡加值機
2
汇款领取
匯款申請(擴大多家金融機構可匯款)
10/9前交匯款同意書
·線上申請
·紙本申請
10/29 匯款入帳
至社會局官網
請治各區公所
線上匯款申請
小叮嚀:僅限匯入長者本人帳戶,前1年度已提供匯款帳戶之長者,將直接入帳。
重陽
3
定点领取
11/12 ~ 11/15
依社會局公告时间及地点为准
广告 主办单位
台北市政府社会局",5sB2BZoBWwAUNc5bmJWr,NOT_RUMOR,2025-10-21 06:30:49.766000+00:00,NOT_RUMOR,412.31790916666665,"114年臺北市政府
敬老禮金
致送對象:114/7/29前(含)設籍本市
1
65歲以上長者
2
55歲以上原住民
領取方式:3選1
1
敬老及爱心卡·靠卡领取
快速又便利
9/1 ~ 9/30
全臺四大超商、美廉社、悠遊卡加值機
2
汇款领取
匯款申請(擴大多家金融機構可匯款)
10/9前交匯款同意書
·線上申請
·紙本申請
10/29 匯款入帳
至社會局官網
請治各區公所
線上匯款申請
小叮嚀",2,0,0,scam,2025,2025|scam,recent,recent
237,1uq3n5nffpwwv,2025-10-27 12:04:55.838000+00:00,TEXT,https://www.businesstoday.com.tw/article/category/183017/post/202510260017/,2rWlZpoBiuCfV4cpyVsO,NOT_RUMOR,2025-11-09 03:25:32.301000+00:00,NOT_RUMOR,303.3434619444444,https://www.businesstoday.com.tw/article/category/183017/post/202510260017/,0,0,0,other,2025,2025|other,recent,recent
238,340izzna9rvt3,2025-06-23 07:59:40.545000+00:00,TEXT,"跑步改善憂鬱 效果不輸藥物 入門新手這樣做
https://www.chinatimes.com/realtimenews/20250623002611-260418",IF7HnJcBfs35m9Miyxjg,NOT_RUMOR,2025-06-23 12:33:49.023000+00:00,NOT_RUMOR,4.569021666666666,"跑步改善憂鬱 效果不輸藥物 入門新手這樣做
https://www.chinatimes.com/realtimenews/20250623002611-260418",0,0,1,health,2025,2025|health,recent,recent
239,lxc9ngwwje2m,2025-11-15 14:08:21.149000+00:00,TEXT,以上還有其他問題嗎 沒有的話小編就給您培訓員的聯絡方式,FLUXiJoBiuCfV4cpZpUY,RUMOR,2025-11-15 15:17:06.199000+00:00,RUMOR,1.1458472222222222,以上還有其他問題嗎 沒有的話小編就給您培訓員的聯絡方式,0,0,0,other,2025,2025|other,recent,recent
240,2kwlzr6ralbaw,2026-01-10 13:00:24.098000+00:00,TEXT,"Company Logo     
訂單確認 Order Confirmation
親愛的 鄭傳馨 ，
您的 [U yVx]l先買後付] 已生效，商品將於預定時間安排出貨。祝您購物愉快！
🛍️ 訂單資訊 Order Information
預計出貨 Expected Shipping: 2026/1/10 16:58:56
商品 Product: 客制化-RjQe94999  時尚真皮 斜跨包
金額 Amount: 16881 TWD（免運費 Free Shipping）
📦 運送資訊 Shipping Information
收件人: 郝鉤恤
電話: 928265827
地址: 臺中市北屯區昌平路二段十巷72弄125號
 
💳 付款資訊 Payment Information
付款人: 鄭傳馨
驗證: 已驗證 - 先買後付
電話: 0936220066
信箱: gmlc888@gmail.com
⚠️ 重要通知 Important Notice

商品出貨後即開始計費。請於指定日期內完成付款，逾期將上報信用機構，影響個人信用紀錄。如有疑問請儘速聯絡客服。
如有任何訂單查詢或疑問，請與我們聯絡。
For any order inquiries or questions, please contact us.
聯絡我們 Contact Us",j0e4yJwBB0eXeo82srsK,RUMOR,2026-03-07 14:34:33.350000+00:00,RUMOR,1345.5692366666667,"Company Logo     
訂單確認 Order Confirmation
親愛的 鄭傳馨 ，
您的 [U yVx]l先買後付] 已生效，商品將於預定時間安排出貨。祝您購物愉快！
🛍️ 訂單資訊 Order Information
預計出貨 Expected Shipping: 2026/1/10 16:58:56
商品 Product: 客制化-RjQe94999  時尚真皮 斜跨包
金",1,0,0,scam,2026,2026|scam,recent,recent
241,2dm0cf4wyqb2n,2025-05-18 13:36:36.797000+00:00,TEXT,104歲人瑞 ，昨天參加世界壯世代運動大會開幕儀式接受頒獎，黃仁勛問他長壽秘訣，答就是多看美女！,cV3m_ZYBfs35m9MiZASC,OPINIONATED,2025-05-23 16:07:36.828000+00:00,OPINIONATED,122.51667527777778,104歲人瑞 ，昨天參加世界壯世代運動大會開幕儀式接受頒獎，黃仁勛問他長壽秘訣，答就是多看美女！,0,0,0,other,2025,2025|other,recent,recent
242,33jlnk4po78gu,2025-08-24 06:28:43.495000+00:00,TEXT,"太陽能板破損外漏出
部份化學/金屬液體!
可造成鳥類→死亡!",kr6t3JgB6nor6FKtB_qS,RUMOR,2025-08-24 15:23:03.953000+00:00,RUMOR,8.905682777777777,"太陽能板破損外漏出
部份化學/金屬液體!
可造成鳥類→死亡!",0,0,0,other,2025,2025|other,recent,recent
243,3ciophkyxqom5,2025-12-02 04:06:49.443000+00:00,TEXT,"研究發現
只要你開口唱歌 30 到 60 分鐘
喉嚨和鼻腔前線的免疫抗體 SIgA 就會明顯上升
平均五成到一倍
甚至有人直接翻到兩倍以上
更扯的是
唱得好不好真的沒差
音癡跟歌神一樣有效

為什麼唱歌會這麼強
因為一唱
你開始深呼吸
胸腔在共振
情緒在慢慢鬆開
心跳變得穩一點
壓力荷爾蒙往下掉
身體就會啟動那種「我準備好了」的防禦開關

很多人不知道
長期唱歌的人真的比較不容易感冒
情緒比較穩
壓力下降得也快
尤其是合唱團
大家一起吸氣一起唱的那種感覺
身體會覺得被支持
心會變柔軟
免疫系統也會跟著抬起來

你不需要去 KTV
也不需要特別技巧
洗澡唱
車上唱
邊煮飯邊唱
站在陽台唱
只要敢唱
身體就敢挺你

如果你最近累到懷疑人生
壓力大到快爆
或者胸口悶得像塞了一塊石頭
那就唱一首你最熟、最舒服的歌
不用好聽
不用完美
讓聲音把你帶出去
你會發現
原來你還有這麼簡單的方式
能讓自己重新回到好好的狀態",Bv7P95oBNXI5ecaqYrgf,NOT_RUMOR,2025-12-07 07:55:54.778000+00:00,NOT_RUMOR,123.81814861111113,"研究發現
只要你開口唱歌 30 到 60 分鐘
喉嚨和鼻腔前線的免疫抗體 SIgA 就會明顯上升
平均五成到一倍
甚至有人直接翻到兩倍以上
更扯的是
唱得好不好真的沒差
音癡跟歌神一樣有效

為什麼唱歌會這麼強
因為一唱
你開始深呼吸
胸腔在共振
情緒在慢慢鬆開
心跳變得穩一點
壓力荷爾蒙往下掉
身體就會啟動那種「我準備好了」的防禦開關

很多人不知道
長期唱歌的人真的比較不容易感冒
情緒比較穩
",0,0,0,other,2025,2025|other,recent,recent
244,3p0nvifhwd5jp,2025-07-01 23:25:38.420000+00:00,TEXT,"一定要聽！讓人聽到眼淚流下來的一首歌🔥

https://youtu.be/SE_yzPvr7lU

今天看到彭振聲副市長的太太，因為老公被司法迫害，選擇跳樓輕生。副市長在法院痛哭：「你們的良心在哪裡？檢察官要我的命！國家怎麼變成這樣！我為什麼會生在這種國家？」

我們聽了心都碎了！台灣怎麼會變成這樣？！

賴清德上任以來，詐騙、暴力、割喉、殺警，無奇不有，但政府卻只想廢死。詐騙案件搞到家破人亡，結果政府不聞不問！

司法已不再是公義，而是獨裁者賴清德打壓政治異己工具，關了柯主席一年，連柯爸爸過世，都百般刁難不讓人好好告別，這還是人嗎？還有人性嗎？！

台灣的美麗山林被砍光光，滿山遍谷的光電板污染，再把錢輸送給民進黨的綠友友，而空污年年加劇，台電虧損數千億，通通人民的血汗納稅錢買單！我們不甘心！

民進黨癱瘓議事、破壞議場，獨裁者賴清德說：民主不是票多的就贏；民進黨說：不符合我們的多數我們都要罷免掉，這就是我們的民主。

青鳥在路上抓人、公審、網路上出征，抹紅、抹黑，台灣從此變成烏煙瘴氣、他們已經快要掌控整個台灣，讓台灣變成他們的禁臠，我們的台灣正在被一點一滴毀掉！！！

🎵 今天有一位網路創作者，把這些荒謬寫成歌，唱出我們心裡的痛。這首歌，是給所有「不甘願的人」聽的──不甘願我們的台灣被踐踏、不甘願我們的未來被剝奪。

👉請一定要聽完這首歌，再轉傳給你最在乎的人。

台灣已經要變成綠色恐怖的顏色
一起守護台灣，不能再沉默了！

拜託大家(好嘛)726一定要出門投下「不同意票」！",kejD5ZcBDktNo1Yhrk1K,RUMOR,2025-07-07 16:41:36.073000+00:00,RUMOR,137.26601472222222,"一定要聽！讓人聽到眼淚流下來的一首歌🔥

https://youtu.be/SE_yzPvr7lU

今天看到彭振聲副市長的太太，因為老公被司法迫害，選擇跳樓輕生。副市長在法院痛哭：「你們的良心在哪裡？檢察官要我的命！國家怎麼變成這樣！我為什麼會生在這種國家？」

我們聽了心都碎了！台灣怎麼會變成這樣？！

賴清德上任以來，詐騙、暴力、割喉、殺警，無奇不有，但政府卻只想廢死。詐騙案件搞到家破人亡，",1,2,0,political,2025,2025|political,recent,recent
245,2i3dx2eegvcsl,2026-01-08 13:02:33.795000+00:00,TEXT,"比多穿一件衣服有用！
面對即將到來的寒流，許多人都很關心如何保暖，才能讓自己真正達到禦寒的
效果。對此，胸腔暨重症專科醫師黃軒指出，你穿再厚，如果熱一直從「關鍵
部位」漏掉，身體還是會判定你在受寒，你有沒有發現，「明明穿著厚重的衣
服和外套，身體還是一直冷起來？
黃軒指出，三個散熱最快的地方，其實有共通點，血管密集 - 靠近重要神經或
中樞一冷，訊號會被放大解讀。
第一是頭部，不是冷在皮膚，而是冷在中樞，頭部血流量高，靠近腦部溫控中
樞。 當頭部降溫，大腦會誤以為「核心體溫正在下滑」。結果是全身血管立刻
收縮、血壓上升、心臟被迫更用力工作。這也為什麼冬天清晨、中風與心肌梗
塞特別多。
第二是頸部，自律神經的交通樞紐。頸部走的是頸動脈、迷走神經、交感神經
叢。 這裡一冷，影響的不是局部，而是整套自律神經平衡。臨床後果可能包括：
- 心跳變快或不規則 - 血壓波動 - 頭暈、胸悶、心悸感增加。
第三是腳部，最容易被忽略的「循環死角」。腳離心臟最遠，本來就是血液回
流最辛苦的地方。 一旦腳冷，血管收縮 → 回流更差 → 體溫調節效率下降。這
時候身體會選擇「保命模式」，犧牲末梢，保住核心→ 全身更冷、血壓更高、
心臟更累。
為什麼帽子、圍巾、襪子，比多穿一件衣服有用？黃軒表示，因為這三樣做的
不是「包肌肉」， 而是「穩定神經、穩定血流」，才是穩定溫控判斷。帽子可
以避免大腦誤判人體正受低溫 ；圍巾能減少自律神經被冷刺激；襪子有助改善
末梢循環，降低整體血管收縮需求。這「三暖王」，是「用最小成本，換最大
生理穩定」的策略。
黃軒總結，冬天保暖，不是把身體包成一顆粽子，就是在保暖身體而是你「守
住血流、穩住神經」，才能騙過大腦的「冷警報」。守住「頭、頸、腳」 你保
的，已經不是溫度 而是 心臟與大腦的安全守護。",1dWHtZsBrQ7DCeIzXqSs,OPINIONATED,2026-01-13 04:05:06.346000+00:00,OPINIONATED,111.04237527777777,"比多穿一件衣服有用！
面對即將到來的寒流，許多人都很關心如何保暖，才能讓自己真正達到禦寒的
效果。對此，胸腔暨重症專科醫師黃軒指出，你穿再厚，如果熱一直從「關鍵
部位」漏掉，身體還是會判定你在受寒，你有沒有發現，「明明穿著厚重的衣
服和外套，身體還是一直冷起來？
黃軒指出，三個散熱最快的地方，其實有共通點，血管密集 - 靠近重要神經或
中樞一冷，訊號會被放大解讀。
第一是頭部，不是冷在皮膚，而是冷",0,0,1,health,2026,2026|health,recent,recent
246,1osa18fg0mgt4,2026-04-01 08:16:36.812000+00:00,TEXT,"【LINE今日多人反應帳號被盜】⚠️
今日網路上不少人反應
突然收到 LINE驗證碼簡訊，
幾分鐘後帳號就被強制登出，
重新登入時 好友與聊天紀錄幾乎全消失。
目前懷疑的手法是：
駭客改用 語音驗證取得LINE驗證碼，如果電話沒接到，驗證碼就會被錄進 語音信箱，再利用預設密碼登入語音信箱聽取驗證碼，進而登入LINE帳號。
🔒 建議立即檢查「語音信箱」
中華電信
➡ 直接打客服
修改語音信箱密碼或 直接關閉語音信箱
台灣大哥大
➡ 撥 123 → 按 3 修改密碼
或撥 188 請客服 關閉語音信箱
遠傳電信
➡ 遠傳客服App搜尋
「關閉語音信箱」",Zsy7Z50BZgZZYBoariRC,NOT_RUMOR,2026-04-07 11:37:26.337000+00:00,NOT_RUMOR,147.3470902777778,"【LINE今日多人反應帳號被盜】⚠️
今日網路上不少人反應
突然收到 LINE驗證碼簡訊，
幾分鐘後帳號就被強制登出，
重新登入時 好友與聊天紀錄幾乎全消失。
目前懷疑的手法是：
駭客改用 語音驗證取得LINE驗證碼，如果電話沒接到，驗證碼就會被錄進 語音信箱，再利用預設密碼登入語音信箱聽取驗證碼，進而登入LINE帳號。
🔒 建議立即檢查「語音信箱」
中華電信
➡ 直接打客服
修改語音信箱密碼或 ",3,0,0,scam,2026,2026|scam,recent,recent
247,34nyb8onluquc,2025-07-02 07:03:25.494000+00:00,TEXT,"@ 2025/07/02 轉貼
（彭夫人之死）～不寫政治文，寫的是「良知」

文／Jason。250702。

前言：

三峽烈日像烙鐵，灼熱著整個城市。但今天，壓在我心頭的，不是氣溫，而是一則新聞——讓我決定，動筆。

許多警界老同事、好朋友都勸我：「你該經常寫文章啊，我們知道你能寫，而且總是能寫進我們的心坎裡。」
但是我真的非常不願意寫政治文，因為政治實在太汚濁、太黑暗了。

尤其台灣這幾年，政府早已不是以前人們所相信的「為民服務」的樣子，而是早已失去人性、失去理性、只剩獸性，政府官員都只像一群披著人形外衣的狼。
這樣的現實，讓我難以提筆。

令人遺憾的是，今天我看到一則新聞——前台北市副市長彭振聲妻子，在丈夫官司長期纏身、受盡屈辱的壓力之下，選擇輕生自我了斷。
瞬間，一股熱血湧上心頭，這已不是政治，而是觸碰到「人性中最深處的良知」。
所以我決定提筆，不是寫批判，而是在寫人類與野獸之間最大的不同——

「良知」。

⸻

一、彭夫人之死

彭振聲，台北市前副市長，一位74歲的長者，為一件都市計畫案奔波多年，官司真相詭譎，案情懸而未決。
而前天（6/30），陪他北上的妻子，為他準備完早餐後，從高樓一躍而下身亡。

「京華城案」已不再只是偵辦官員貪瀆案，而是國家機器已不再給人活下去的空間。
彭夫人的死，不但震撼了我，同時也震撼無數仍心懷「良知」的人。

這是一種極度的悲哀，一位受到政治迫害者的妻子，因爲受不了漫無止境的政府壓迫與百般羞辱，用自己生命為丈夫作出無聲的抗議。
這已經不再是政治鬥爭下的副產品，而是人性泯滅與徹底淪喪的極致表徵。

當政府利用司法體制，將人逼到絕境，而社會集體冷眼旁觀，那不僅是政治的完全敗壞，更是我們整個人類文明人性中「良知」的瓦解與崩潰。

⸻

二、大批狼群執政下的台灣

我們不能再只指責哪一黨壞？哪個官員貪污？問題核心已不在政黨，而在人心。

民進黨目前穩固支持者約占全台選民中的四成，據我估計，在這40%的群眾裡，有20%的人是利益共生鏈、10%的人是台獨堅定擁護者，而剩下10%的人，則是因為長年生活在偏鄉、資訊被封閉之下，從早期被灌輸「唯有民進黨，是我等力挺」的信念，但也是這群人最可憐，他們大多貧困、知識不足，但卻被終生利用，心靈完全被綠營綁架。

至於藍白支持者呢？其實也不惶多讓。

藍營的人，擁有相對高學歷與社會地位，卻自視甚高、彼此不服、缺乏整體意識，總在分裂中不斷內耗。

而支持白營的年輕人，雖然活潑、有創意，卻受困於淺薄資訊與碎片式價值觀，失去文化的厚度、心靈的深度、視野的廣度，同時也缺乏對未來的願景。
雖然他們渴望有人引導，卻又不願相信任何人。

———

三、泯滅人性的政府

在這種情況下，40%的民進黨自然穩如泰山。
他們靠著龐大無比的國家資源、綿密的派系、黑金深層掛鉤的利益結構系統，與掌控媒體、司法、輿論的能力，他們對於全國60%非支持的群眾選民，各個擊破、分而治之。

這些就是現今台灣政治的真實樣貌——
一場完全制度化的心理戰與信息戰，一場對於人民信任與情感的掠奪戰，更可怕的是，他們也是在作一場對人類文明「良知消滅戰」。

⸻

四、選民的自我覺醒

這篇文章，不是罵民進黨，也不是挺國民黨或民眾黨，而是希望喚醒心中尚存良知的人——

今天台灣根本問題，不是40%選票的民進黨太壞，而是60%選票的民眾太分裂、太冷漠，太漠不關心、太事不關己。

因為我們的問題，才把可怕的魔鬼推上寶座、讓他們緊握權杖；
因為我們，讓自己內心，完全被無明、偏執與自私遮蓋住；
因為我們，不願承擔、不願團結、不願為正義出聲，卻天天抱怨政治太黑暗、政府太兇殘。

所以，真正該覺醒的人——

不是政黨：藍、綠、白；
而是選民：你、我、他。

⸻

結語：

***6/30，請記住這一天***

彭夫人之死，不只是死於政治迫害，而是對人性「良知」判處死刑。

這次不是因為政黨，而是為了心中良知，
7/26，讓我們一起投下（不同意罷免）。

願，逝者安息；
願，生者覺醒。

（全文完）",iei_5ZcBDktNo1YhI03I,RUMOR,2025-07-07 16:36:38.469000+00:00,RUMOR,129.55360416666667,"@ 2025/07/02 轉貼
（彭夫人之死）～不寫政治文，寫的是「良知」

文／Jason。250702。

前言：

三峽烈日像烙鐵，灼熱著整個城市。但今天，壓在我心頭的，不是氣溫，而是一則新聞——讓我決定，動筆。

許多警界老同事、好朋友都勸我：「你該經常寫文章啊，我們知道你能寫，而且總是能寫進我們的心坎裡。」
但是我真的非常不願意寫政治文，因為政治實在太汚濁、太黑暗了。

尤其台灣這幾年，",0,0,0,other,2025,2025|other,recent,recent
248,3bcf0av6icnpb,2026-02-20 11:11:09.476000+00:00,TEXT,台灣大哥大用戶您好，新年快樂！您的門號獲【LG掃地機器人】新年抽獎活動參加資格，月底截止，逾期不補 https://twm.tw/22I4s,G0c31ZwBB0eXeo82Cc3B,NOT_ARTICLE,2026-03-10 00:47:59.936000+00:00,NOT_ARTICLE,421.61401666666666,台灣大哥大用戶您好，新年快樂！您的門號獲【LG掃地機器人】新年抽獎活動參加資格，月底截止，逾期不補 https://twm.tw/22I4s,0,0,0,other,2026,2026|other,recent,recent
249,2ly4i5cjip5b8,2025-10-02 14:18:11.162000+00:00,TEXT,賴清德貪污很多勞力士手錶，害我買不到勞力土手錶，我只好買電子手錶。,19wEq5kBqt9RyOeyl4hi,NOT_ARTICLE,2025-10-03 17:00:28.894000+00:00,NOT_ARTICLE,26.70492555555556,賴清德貪污很多勞力士手錶，害我買不到勞力土手錶，我只好買電子手錶。,0,1,0,political,2025,2025|political,recent,recent
250,zzewklpu0bd2,2025-05-18 15:12:03.621000+00:00,TEXT,https://www.facebook.com/reel/2327584777636295/?sfnsn=mo&mibextid=6AJuK9,-F5KmJcBfs35m9Mi4xBl,NOT_ARTICLE,2025-06-22 15:38:54.180000+00:00,NOT_ARTICLE,840.4473775,https://www.facebook.com/reel/2327584777636295/?sfnsn=mo&mibextid=6AJuK9,0,0,0,other,2025,2025|other,recent,recent
251,1bm5rtnzbgqgn,2025-06-14 13:59:22.327000+00:00,TEXT,"請問這網拍店舖，我共投入NT$178000=usd$5890,是否可以全數追回，利潤部份如何（6997-5890）？",5l18eZcBfs35m9Mipdvc,RUMOR,2025-06-16 16:05:01.530000+00:00,RUMOR,50.09422305555556,"請問這網拍店舖，我共投入NT$178000=usd$5890,是否可以全數追回，利潤部份如何（6997-5890）？",0,0,0,other,2025,2025|other,recent,recent
252,11sslzskh5qu4,2025-08-29 04:34:19.928000+00:00,TEXT,如果不是因為您操作錯誤導致貸款資金被緊急凍結  已經撥款入帳了，,73OXuJ0BrN44Xa7DP2yE,RUMOR,2026-04-23 04:26:53.187000+00:00,RUMOR,5687.875905277778,如果不是因為您操作錯誤導致貸款資金被緊急凍結  已經撥款入帳了，,1,0,0,scam,2025,2025|scam,recent,recent
253,28bdbzbkwc0yi,2025-11-06 15:28:09.662000+00:00,TEXT,https://10000.gov.tw/Register/Index,T7WLdZoBiuCfV4cpc3T_,RUMOR,2025-11-12 00:51:04.819000+00:00,RUMOR,129.38198805555555,https://10000.gov.tw/Register/Index,0,0,0,other,2025,2025|other,recent,recent
254,m2xebytauopm,2025-08-12 09:50:32.607000+00:00,TEXT,"陪阿嫲去銀行辦事， 結果現場好幾位阿公阿嫲在排隊投訴，臉色超慌張。
我以為只是提款機壞了， 沒想到職員說：「最近真的很多長輩中招…」 原來是有人在 ATM 裝了一個超小的東西， 你的提款卡一插下去，卡片資料就被偷偷複製！ ⚠️ 幾天後才發現：帳戶被提光了！錢早就不見了！ — 拜託一定要提醒家裡長輩",vfiWeZsBVJ6ThV4CVsif,RUMOR,2026-01-01 12:44:14.366000+00:00,RUMOR,3410.894933055556,"陪阿嫲去銀行辦事， 結果現場好幾位阿公阿嫲在排隊投訴，臉色超慌張。
我以為只是提款機壞了， 沒想到職員說：「最近真的很多長輩中招…」 原來是有人在 ATM 裝了一個超小的東西， 你的提款卡一插下去，卡片資料就被偷偷複製！ ⚠️ 幾天後才發現：帳戶被提光了！錢早就不見了！ — 拜託一定要提醒家裡長輩",4,0,0,scam,2025,2025|scam,recent,recent
255,trrfj4emcyah,2026-03-31 03:35:44.179000+00:00,TEXT,https://ctinews.com/news/items/4OaZqKM4W6?fbclid=IwdGRzaAQ3LDBjbGNrBDcsGmV4dG4DYWVtAjExAHNydGMGYXBwX2lkDDM1MDY4NTUzMTcyOAABHjPRbIWWC5wPMERKnP1vH3hh-LIMwv_r_-SynS0YIqNuvVIR8py-yIx3cBgM_aem_VWPMmXrR755y-sIc0cSafw,nis3Qp0BP5PtGVdQoF4L,NOT_RUMOR,2026-03-31 04:47:14.954000+00:00,NOT_RUMOR,1.1918819444444444,https://ctinews.com/news/items/4OaZqKM4W6?fbclid=IwdGRzaAQ3LDBjbGNrBDcsGmV4dG4DYWVtAjExAHNydGMGYXBwX2lkDDM1MDY4NTUzMTcyOAABHjPRbIWWC5wPMERKnP1vH3hh-LIMwv_r_-SynS0YIqNuvVIR8py-yIx3cBgM_aem_VWPMmXrR755y,0,0,0,other,2026,2026|other,recent,recent
256,1bsailcrmxgm7,2025-12-17 14:50:50.386000+00:00,TEXT,"萊爾飯桶！你還要花1.2兆買老美的〔爛武器〕嗎！
我們即使用好幾枚1.2億台幣的愛國者也無法攔截中國造價300萬台幣的〔馭空戟-1000〕高超音速飛彈！
中國飛行速度五至七馬赫以上的馭空戟-1000高超音速飛彈（五馬赫每秒1700公尺），美國愛國者飛彈根本〔無法攔截〕！
中國還有十、十五、二十、二十五、三十馬赫飛彈！
兩岸ㄧ旦發生戰爭，中國必定發射飽和攻擊，ㄧ次同時連續發射上千枚〔馭空戟-1000〕高超音速飛彈襲台，從大陸福建或海上發射，飛抵台灣只要2至10分鐘，中國ㄧ枚300萬台幣的馭空戟-1000高超音速飛彈，我們就必須發射2至3枚（每顆飛彈造價400萬美金，折合臺幣1.2億元）高單價愛國者飛彈攔截對應，美國很清楚愛國者飛彈根本攔不住中國高超音速飛彈。
中國只要用廉價的馭空戟-1000飛彈就可以耗盡我們所有巨額美製飛彈。
我們採購ㄧ枚1.2億的愛國者飛彈就可以讓中國製造出40枚300萬的馭空戟-1000高超音速飛彈。
同胞們！朋友們！您覺得我們國家應該花1.2兆元向美國買爛武器嗎！
中國的高超音速飛彈（如東風-17系列）以極高速度和機動軌跡飛行，目前公開測試顯示愛國者飛彈（Patriot）系統難以可靠攔截。
攔截挑戰：愛國者飛彈針對彈道導彈和高軌道目標，中國高超音速武器是以低軌道滑翔，速度達5至7馬赫以上，有效規避傳統雷達追蹤。美國海軍雖然積極升級艦載愛國者-3 MSE版本應對，但迄今尚未對外證實對中國高超音速飛彈能有效攔截。
從現今實際案例俄羅斯「匕首」導彈曾被愛國者攔截，但其末速僅僅只有3馬赫左右，非真正中國滑翔高超音速飛彈，無法直接類比中國武器。 專家認為中國飛彈規模龐大，飽和攻擊下，我們臺灣要攔截成功率極低。最新發展截至2025年12月，無公開記錄顯示美國愛國者飛彈能有效成功攔截中國高超音速飛彈，美軍目前僅能消極依賴多層防禦如薩德和神盾系統做補強。
愛國者飛彈（Patriot missile）的價格因型號、合約和供應商而異，通常以美元計價。主要型號價格PAC-2型單枚約200-300萬美元。
PAC-3型單枚約300-500萬美元，常需兩枚攔截一目標，總成本可達600-1000萬美元。
台灣採購案中，愛國者三型單價約400萬美元。
註：
五馬赫飛彈的速度，相當於音速的五倍，非常快速。
在標準海平面條件下（約20°C空氣），1馬赫約為每小時1225公里，因此5馬赫約為每小時6125公里，或每秒1700公尺。
中國早已開發多款高超音速飛彈，主要包括東風-17（DF-17）、東風-27（DF-27）和鷹擊-21（YJ-21）等型號。
主要軍用型號東風-17為陸基高超音速彈道導彈，速度可達10馬赫，使用乘波體滑翔彈頭，提升機動性和突防能力，資訊已於2019年公開。
中國東風-5C（DF-5C）洲際彈道導彈的最高速度約為20馬赫。
這一速度典型於其東風-5系列，相當於每小時約24,600公里，在再入大氣層階段達到峰值。
東風-27屬中遠程高超音速彈道導彈，射程超過5000公里，具備精確打擊能力。
鷹擊-21為空射或艦射高超音速反艦導彈，速度達10馬赫，從055型驅逐艦或轟-6K發射，用於海戰。
新興與民用型號-馭空戟-1000由民企凌空天行科技開發的高超音速飛彈，飛行速度5至7馬赫以上，造價約臺幣300萬，目前已進入量產階段，射程約1300公里，定位為較低成本的「青春版」東風-17，可用於戰爭初期將對方所發射高單價攔截飛彈做有效耗損。
其他如東風-26D和長劍-100系列也具高超音速特性，東風-26D專注反艦任務。WU-14（星空-2號）為早期高超音速滑翔飛行器，已演進為作戰型號。
東風-41（DF-41）最高速度約25馬赫，每小時約30,000公里，能在12分鐘內打擊遠距目標。
東風-61 的公開說法是「最高速度約 30～35 馬赫」，折合大約每秒 10～12 公里等級。這類數據多來自宣傳與媒體報導，實際性能仍屬機密，外界只能推估。
中國製飛彈性能優勢：
1.滑翔式高超音速滑翔體（HGV）透過氣動控制面和大氣層內機動飛行，實現非預測性軌跡變換，從而躲避防禦系統。
2.機動機制滑翔體由火箭助推升至高空後脫離，進入大氣層頂部，利用高升阻比外形（如乘波體）產生升力，反覆「跳躍」或「打水漂」飛行，同時調整姿態和方向，進行橫向或縱向機動，軌跡呈現S形或不規則變化，難以被雷達預測和攔截。
3.飛行特性優勢其飛行高度通常在20-60公里，可有效避開傳統彈道導彈防禦（如薩德或愛國者）的攔截窗口；高速度（5馬赫以上）結合低可探測性，讓終端防禦措手不及，即使攔截器試圖追蹤，也因空氣稀薄和熱效應而失效。
4.技術機動層面依賴先進氣動力舵面和姿態控制系統，但產生極高溫和電離層效應，進一步干擾雷達追蹤，提升突防成功率。
我們國家不如把買美國武器的經費，撥給中科院來研發飛彈，我們給美國1.25兆買武器，美國人利用我們國家的錢再來研發更厲害的武器，當美國研發出最先進厲害的武器，美國也永遠不會賣給我們，美國永遠只會賣給我們次等武器、沒有用的武器，鑑此，撥經費讓我們中科院在研發飛彈真的比較可靠實在。請大家不要拿海鯤號來比喻我們中科院！海鯤號就是政客給廠商A錢做不出實績的笑話。
https://youtube.com/shorts/eNconI_LuS4?si=vs5q-09vNBZiueWv

https://youtu.be/_Wq1Gix9qhk?si=bYVaTABRIWzEs_lY

https://youtu.be/xk_qYwl5TZA?si=xRsrqcV2npNsR1uU",bQrPh5sBQdElExrCRvqb,RUMOR,2026-01-04 07:01:06.843000+00:00,RUMOR,424.17123805555553,"萊爾飯桶！你還要花1.2兆買老美的〔爛武器〕嗎！
我們即使用好幾枚1.2億台幣的愛國者也無法攔截中國造價300萬台幣的〔馭空戟-1000〕高超音速飛彈！
中國飛行速度五至七馬赫以上的馭空戟-1000高超音速飛彈（五馬赫每秒1700公尺），美國愛國者飛彈根本〔無法攔截〕！
中國還有十、十五、二十、二十五、三十馬赫飛彈！
兩岸ㄧ旦發生戰爭，中國必定發射飽和攻擊，ㄧ次同時連續發射上千枚〔馭空戟-1000",0,2,0,political,2025,2025|political,recent,recent
257,f5cniq61mtrl,2025-11-18 04:44:06.641000+00:00,TEXT,"「6種致癌物」就在身邊！醫急喊：咖啡、餅乾、麵包都中鏢 | 三立新聞網 | LINE TODAY

https://liff.line.me/1454987169-1WAXAP3K/v3/article/Ya5yzrB?utm_source=lineshare",Ql1_lZoBYwEQPWDINk6c,NOT_RUMOR,2025-11-18 05:45:33.590000+00:00,NOT_RUMOR,1.0241525,"「6種致癌物」就在身邊！醫急喊：咖啡、餅乾、麵包都中鏢 | 三立新聞網 | LINE TODAY

https://liff.line.me/1454987169-1WAXAP3K/v3/article/Ya5yzrB?utm_source=lineshare",0,0,1,health,2025,2025|health,recent,recent
258,1myuuxydl0h8j,2025-08-19 03:57:31.213000+00:00,TEXT,"11:55 &79口腔護理-張玉敏你的情況是不適合洗牙的,已經是牙齦萎縮的情況去洗牙也只會加快萎縮程度,導致牙齦壞死後支撐不住牙齒就很容易脫落上午11:45牙周病沒根治好之前做了假牙一樣是會復發的上午",uF0Tm5oBYwEQPWDIKVZy,RUMOR,2025-11-19 07:45:15.628000+00:00,RUMOR,2211.795670833333,"11:55 &79口腔護理-張玉敏你的情況是不適合洗牙的,已經是牙齦萎縮的情況去洗牙也只會加快萎縮程度,導致牙齦壞死後支撐不住牙齒就很容易脫落上午11:45牙周病沒根治好之前做了假牙一樣是會復發的上午",0,0,0,other,2025,2025|other,recent,recent
259,3eh95c0stc0a1,2025-05-29 06:02:33.518000+00:00,TEXT,嗨！我叫林婉清(smile)不好意思！請問賴上是你的名字嗎？,dOgh1pcBDktNo1YhDjBE,RUMOR,2025-07-04 15:49:40.030000+00:00,RUMOR,873.7851422222222,嗨！我叫林婉清(smile)不好意思！請問賴上是你的名字嗎？,0,0,0,other,2025,2025|other,recent,recent
260,ffliuc7zbzgc,2025-09-02 05:27:36.859000+00:00,TEXT,https://www.inside.com.tw/article/39465-9-submarine-cables-down-taiwan-internet-isolation-crisis,RpXt7JsB9EfTQQdN3e6W,RUMOR,2026-01-23 22:16:10.385000+00:00,RUMOR,3448.809312777778,https://www.inside.com.tw/article/39465-9-submarine-cables-down-taiwan-internet-isolation-crisis,0,0,0,other,2025,2025|other,recent,recent
261,of0phdbn6tyt,2025-04-20 08:06:43.822000+00:00,TEXT,簡單來說就是先看群組裡的編號，再看網站上的單號是否一致，是的話在看營運長是說按轉化還是輸送,8OjsDZgBDktNo1Yh6JjD,RUMOR,2025-07-15 11:51:26.658000+00:00,RUMOR,2067.745232222222,簡單來說就是先看群組裡的編號，再看網站上的單號是否一致，是的話在看營運長是說按轉化還是輸送,0,0,0,other,2025,2025|other,recent,recent
262,keedp4cirxoa,2025-09-22 16:36:00.479000+00:00,TEXT,"樺加沙現在最接近台灣 花東高屏超大豪雨、大豪雨警戒 | 聯合新聞網 | LINE TODAY

https://liff.line.me/1454987169-1WAXAP3K/v3/article/LXrjaQj?utm_source=lineshare",GoCDdJkB29ocKseuoSmQ,NOT_RUMOR,2025-09-23 03:00:07.683000+00:00,NOT_RUMOR,10.40200111111111,"樺加沙現在最接近台灣 花東高屏超大豪雨、大豪雨警戒 | 聯合新聞網 | LINE TODAY

https://liff.line.me/1454987169-1WAXAP3K/v3/article/LXrjaQj?utm_source=lineshare",0,0,0,other,2025,2025|other,recent,recent
263,1wz0nju1wlpaj,2025-08-02 13:41:36.918000+00:00,TEXT,因為每間銀行都會有日限額 娛樂城就需要租用一些個人帳戶代收玩家儲值的金流 幫線上玩家進行小額匯兌資金出入,Ta-_IJwBRkUkW3J-1PrD,RUMOR,2026-02-02 23:46:08.700000+00:00,RUMOR,4426.075495,因為每間銀行都會有日限額 娛樂城就需要租用一些個人帳戶代收玩家儲值的金流 幫線上玩家進行小額匯兌資金出入,2,0,0,scam,2025,2025|scam,recent,recent
264,1l5qli301o5dx,2025-05-22 13:22:12.922000+00:00,TEXT,"對於輝達（NVIDIA）為何選台灣設海外總部，黃仁勳21日接受全球媒體聯訪笑稱，現在的辦公室已經放不下更多的椅子，我們需要更多張椅子。對於黃仁勳的神回，許多人紛紛笑翻。不過，在Threads上卻瘋傳一篇「黃仁勳選台灣，真的單純嗎？」的貼文，直指黃仁勳出狠招，直接用「用全球來綁台灣」，引發台灣網友熱議。

該文內容指出，倘若台海衝突爆發，全球AI、半導體、甚至整個未來科技供應鏈將全部斷鍊。這個風險，連一般投資人都知道，何況是黃仁勳。因此，輝達的「海外總部」落腳台灣，不是「愛台灣」這麼簡單。

請繼續往下閱讀...


文中指出，黃仁勳積極公開站台、見多國總統、中東皇室、見大老闆、見記者，當市場以為他是在布局業務時，其實他是在「製造壓力」。其背後的考量是，他要讓全世界無法承受台灣的「不安全」。如果這些國家想要AI，台灣就不能倒，因為輝達把全球AI晶片發展的開關放在台灣。

該文稱讚，黃仁勳是國際級的博弈高手，不但懂資本、懂供應鏈，也懂人心。他用輝達下了一盤大棋，這一招讓台灣從籌碼，變成了引信。",SVz_-pYBfs35m9MiLv6a,OPINIONATED,2025-05-23 02:35:49.785000+00:00,OPINIONATED,13.226906388888889,"對於輝達（NVIDIA）為何選台灣設海外總部，黃仁勳21日接受全球媒體聯訪笑稱，現在的辦公室已經放不下更多的椅子，我們需要更多張椅子。對於黃仁勳的神回，許多人紛紛笑翻。不過，在Threads上卻瘋傳一篇「黃仁勳選台灣，真的單純嗎？」的貼文，直指黃仁勳出狠招，直接用「用全球來綁台灣」，引發台灣網友熱議。

該文內容指出，倘若台海衝突爆發，全球AI、半導體、甚至整個未來科技供應鏈將全部斷鍊。這個風險，",0,0,0,other,2025,2025|other,recent,recent
265,2pyghbog1dxtn,2025-11-13 10:29:27.604000+00:00,TEXT,"在超巿全買得到！3類食物對大腦最友善 失智風險降15％
https://www.chinatimes.com/realtimenews/20251113002671-260418",7bU_gJoBiuCfV4cpyoYV,NOT_RUMOR,2025-11-14 02:44:15.508000+00:00,NOT_RUMOR,16.24664,"在超巿全買得到！3類食物對大腦最友善 失智風險降15％
https://www.chinatimes.com/realtimenews/20251113002671-260418",0,0,0,other,2025,2025|other,recent,recent
266,17zrwekorlw8w,2025-08-22 00:58:49.092000+00:00,TEXT,"台女淘寶買棉花棒！2年後警逮人「不從就通緝」 被關進鐵籠慘罰10萬崩潰 | 三立新聞網 | LINE TODAY

https://liff.line.me/1454987169-1WAXAP3K/v3/article/2DjkNLB?utm_source=lineshare",m7O7z5gBYyXFyqZO80wd,NOT_RUMOR,2025-08-22 03:04:17.948000+00:00,NOT_RUMOR,2.0913488888888887,"台女淘寶買棉花棒！2年後警逮人「不從就通緝」 被關進鐵籠慘罰10萬崩潰 | 三立新聞網 | LINE TODAY

https://liff.line.me/1454987169-1WAXAP3K/v3/article/2DjkNLB?utm_source=lineshare",0,0,0,other,2025,2025|other,recent,recent
267,3fyk5s4u8tpul,2025-09-09 01:03:52.136000+00:00,TEXT,"巴菲特今年退休股東會的投資人生五句總結
今年伯克希爾股東大會現場，人山人海，超過兩萬名股東齊聚一堂。

當94歲的巴菲特合上筆記本，緩緩起身時，全場一瞬間安靜了下來。隨即，雷鳴般的掌聲湧起，像潮水一樣滌蕩著會場，足足持續了一分多鐘。

這是他執掌伯克希爾60年來，最特殊的一刻。
股神宣佈：將在今年年底退休，接班人是跟隨他20多年的老夥計格雷格·阿貝爾。

然而，所有人都沒想到的是，老爺子最後並沒有聊股票，也沒有談財富神話，而是對著鏡頭，像鄰居老爺爺一樣，拉家常說了5句話。

第一句，他盯著鏡頭說：找對人生伴侶，是這輩子回報率最高的投資。你看他和妻子結婚了60年，至今還會手牽手去奧馬哈的牛排館吃飯。原來真正的價值投資，從一開始就不在股市裡。

第二句，他敲了敲桌子：一定要找到讓你蹦躂著上班的工作。他說自己6歲開始賣可樂，11歲第一次買股票，活到現在94歲了，每天還要跳著去辦公室。如果上班像上墳，那你該早點給人生止損。

第三句，有點顛覆：買房不如買股。他1958年花3.1萬美元買了老房子，到現在還住著呢。他說，房子是棲身之所，但比起炒房，更應該把錢投在能讓自己變值錢的地方，比如投資腦子，投資朋友。

第四句，他突然提高嗓門：別老盯著K線圖熬夜通宵。跟優秀的人吃飯、相處，比盯股票強100倍。你看他和芒格搭檔了60餘年，每次開會都像說脫口秀，和厲害的人在一起，你的皺紋里都能長出智慧。

第五句，他溫柔下來：遇到事別慌，多看看眼前的美好。他經歷過5次美股熔斷，無數次金融危機，但每天依然會開心地去麥當勞買早餐，買一杯可樂，能笑出聲來。真正的扛跌能力，藏在你熱愛的生活里。

最後，巴菲特總結：最好的日子該是什麼樣？一個讓你心安的家，幾個借錢不打欠條的朋友，一份幹事不累的工作，一棟住了幾十年還不想換的老房子，還有一輛能帶你去見世面的老夥計車。

這個用一輩子把“復利”玩到極致的老人，最後教會我們：真正的人生復利，從來不是賬戶里的數字，而是在熱愛里，一天比一天更值錢。",37BDS5wBRkUkW3J-Sz-x,NOT_ARTICLE,2026-02-11 05:53:47.439000+00:00,NOT_ARTICLE,3724.832028611111,"巴菲特今年退休股東會的投資人生五句總結
今年伯克希爾股東大會現場，人山人海，超過兩萬名股東齊聚一堂。

當94歲的巴菲特合上筆記本，緩緩起身時，全場一瞬間安靜了下來。隨即，雷鳴般的掌聲湧起，像潮水一樣滌蕩著會場，足足持續了一分多鐘。

這是他執掌伯克希爾60年來，最特殊的一刻。
股神宣佈：將在今年年底退休，接班人是跟隨他20多年的老夥計格雷格·阿貝爾。

然而，所有人都沒想到的是，老爺子最後並沒有",1,0,0,scam,2025,2025|scam,recent,recent
268,j421nxwyh214,2025-05-22 08:26:33.269000+00:00,TEXT,"Google警告近20億用戶：看到這封信「立刻刪掉」、絕對不要點開！

Google 正警告其近20億名 Gmail 用戶，要立即刪除一封看似來自 Google 的可疑電子郵件。這項新型詐騙手法被稱為「no-reply 電郵攻擊」，Gmail 用戶會收到一封來自「 no-reply@accounts.google.com」 的假冒官方訊息，如果點擊連結的話，其個資及信用卡資料就可能被盜取。

https://ec.ltn.com.tw/article/breakingnews/5050930",bl1Me5cBfs35m9Mipd2v,NOT_RUMOR,2025-06-17 00:31:50.190000+00:00,NOT_RUMOR,616.0880336111111,"Google警告近20億用戶：看到這封信「立刻刪掉」、絕對不要點開！

Google 正警告其近20億名 Gmail 用戶，要立即刪除一封看似來自 Google 的可疑電子郵件。這項新型詐騙手法被稱為「no-reply 電郵攻擊」，Gmail 用戶會收到一封來自「 no-reply@accounts.google.com」 的假冒官方訊息，如果點擊連結的話，其個資及信用卡資料就可能被盜取。

ht",4,0,0,scam,2025,2025|scam,recent,recent
269,rimiebtnazdd,2025-08-22 13:27:19.385000+00:00,TEXT,"這全世界中醫鬼才倪海廈教授(院長)的身體祛濕視頻你們一定要看,可以幫祝你恢復全家身體健康,不易生病,我試了五天,真的很有用.https://youtu.be/Yjiz5PwKges?si=NQOJqgJkXPnL7rae",BZUXOZsBvuNcPglU-4mf,RUMOR,2025-12-20 00:10:31.705000+00:00,RUMOR,2866.7200888888888,"這全世界中醫鬼才倪海廈教授(院長)的身體祛濕視頻你們一定要看,可以幫祝你恢復全家身體健康,不易生病,我試了五天,真的很有用.https://youtu.be/Yjiz5PwKges?si=NQOJqgJkXPnL7rae",0,0,1,health,2025,2025|health,recent,recent
270,2vac8pc2qrtny,2026-02-04 08:01:07.713000+00:00,TEXT,"哈哈哈！
明眼人一看就知道啦！
1、第一張黑熊學院。
2、第二張太陽花學運。
3、第三張野百合運動。
4、第四張台灣藍雀，台灣特特有種青鳥。
司馬昭之心路人皆知啊，改版的目的是做什麼呢？
花個
50,000,000,000  元，換版～
錢不是這樣花的，
這都是我們納稅人的錢。
世界趨勢～
都是朝向電子貨幣
五百億可以做多少事啊？",prDcM5wBRkUkW3J-kBpy,RUMOR,2026-02-06 16:50:18.863000+00:00,RUMOR,56.819763888888886,"哈哈哈！
明眼人一看就知道啦！
1、第一張黑熊學院。
2、第二張太陽花學運。
3、第三張野百合運動。
4、第四張台灣藍雀，台灣特特有種青鳥。
司馬昭之心路人皆知啊，改版的目的是做什麼呢？
花個
50,000,000,000  元，換版～
錢不是這樣花的，
這都是我們納稅人的錢。
世界趨勢～
都是朝向電子貨幣
五百億可以做多少事啊？",0,0,0,other,2026,2026|other,recent,recent
271,1k30tzge2ztnh,2025-06-23 00:57:55.464000+00:00,TEXT,"親愛的同學們，早安！全新的一週即將展開，我們也即將邁入下一個更關鍵的階段！回顧上週，蘇教授透過科技紅利系統【理財安心行】進行的五次統籌操作，全數完勝，整體累積收益率高達 38.14%！這不只是數字的勝利，更是我們策略精準與執行有力的最佳見證。

然而，仍有同學遲遲未踏出第一步，依舊停留在充滿不確定性的市場中，成為被主力反覆收割的「韭菜」。這樣的選擇，就像明知山有虎，卻還執意前行，最終只是徒增風險、錯失良機。每一分資本都是你努力換來的，理應被妥善運用、有效增值。✨✨

因此，我誠摯地建議：還未跟上操作的同學，請不要再觀望。哪怕只是一個名額的體驗，也足以讓你徹底顛覆過往對市場的認知。我們所使用的主力級系統，正是目前市場勝出者的核心利器，效能與成果，只有親自參與過才能真正感受到。

昨晚蘇教授也明確提到：後續將進行更高階的美股操作，且名額採優先制安排。目前【理財安心行】所開放的名額僅剩十幾位，機會稍縱即逝，這將是你邁向全球市場、掌握國際紅利的關鍵入場券！

同學們，財富不等人，機會留給行動者。現在，就是你做出轉變、突破現狀的最好時機。別再觀望，別再錯過，從今天起，與我們攜手，開啟一段更高效、更穩健的資本旅程！

🚀 行動，才能改變未來！
📈 把握名額，進位主力圈層！",AA-UpJgBngzKCCgMHgbV,RUMOR,2025-08-13 17:57:07.408000+00:00,RUMOR,1240.986651111111,"親愛的同學們，早安！全新的一週即將展開，我們也即將邁入下一個更關鍵的階段！回顧上週，蘇教授透過科技紅利系統【理財安心行】進行的五次統籌操作，全數完勝，整體累積收益率高達 38.14%！這不只是數字的勝利，更是我們策略精準與執行有力的最佳見證。

然而，仍有同學遲遲未踏出第一步，依舊停留在充滿不確定性的市場中，成為被主力反覆收割的「韭菜」。這樣的選擇，就像明知山有虎，卻還執意前行，最終只是徒增風險、",1,0,0,scam,2025,2025|scam,recent,recent
272,30god71nhy12q,2025-10-14 10:32:21.654000+00:00,TEXT,"里仁與福智：宗教、土地與中國影子

我原本每次回台灣，都會買里仁的商品，但這次我決定與這品牌告別。

加拿大媒體揭露，里仁所屬的福智佛教團體在愛德華王子島大量購地，引發爭議，更被質疑受中國政府操縱。

前加拿大安全情報局亞太部門負責人甚至直言：「福智是中國政府送到加拿大的特洛伊木馬。」

事實上，早在 2014 年，福智就參加中國國家宗教局舉辦的交流會，宣稱
「兩岸未通，宗教先通；宗教未通，佛教先通」。

我不願我的消費，間接助長這樣的滲透行為。

#與中國的連結

福智早期在台灣形象良好。創辦人日常廣和尚建立了福智僧團，也推動文教基金會和慈心有機基金會，倡導佛法、儒家教育和有機農業。他同時創立了里仁，鼓勵以有機耕作和企業倫理實踐佛法。

然而，他在中國暴斃後，團體由一位未曾出家的在家女眾「真如老師」（孟蓉金）接手。她自稱傳承藏傳佛教，但達賴喇嘛並不承認。相反地，福智卻與中國佛教協會及統戰系統往來密切。

學者認為，這些互動是一種「對中國表忠」的姿態，顯示其政治上可能偏向北京。對台灣社會而言，這樣的親中立場格外敏感。

其實，早在 CBC 於 2024 年報導福智在愛德華王子島大規模購地、引發操縱疑雲的前兩年，台灣媒體就曾揭露，福智將信徒的捐款轉往加拿大購地建寺。

而這些錢流到海外後，甚至還「倍數放大」。

CBC 也指出，福智在加拿大透過不同公司名義購地，以規避「單一公司不得持有過多土地」的規範。

#台灣的里仁通路

在台灣，福智經營的「里仁」商店以有機、素食、環保為號召，吸引許多中產家庭支持。

但里仁的有機認證，主要來自自家設立的「慈心驗證」。換句話說，他們「自己種、自己驗、自己賣」。

消費者以為支持的是環保理念，實際上錢卻可能回流到福智體系，進一步支撐其海外擴張。

由於缺乏第三方獨立檢驗，整個體系像是一個封閉的金流循環。

#一種擴張模式

綜合來看，福智的擴張方式是多角化的：
 • 在台灣，用有機商店與教育吸引群眾；
 • 在海外，以寺院和學校建立據點；
 • 在政治上，與中國保持密切互動。

這種模式與中國的「一帶一路」很相似：打著文化、慈善與環保的旗號，在世界各地逐步建立網絡。

里仁和福智看似在推廣善念和有機生活，但背後的金流與政治連結卻極為複雜。

台灣信徒的捐款、消費者在里仁的一次次購物，都可能成為推動海外擴張的資金。

問題是：這些錢最後究竟服務誰？是信徒心中的佛法理想，還是中國在海外的影響力？

這需要更多公開透明的調查，也需要消費者擁有更清楚的選擇權。

推薦看加拿大CBC原文關於福智的詳細報導。 

還有學者的提醒大眾對於這龐大團體後面所代表的力量影片可以看。

連結我放在留言處。

#不要懷疑中國想要滲透他國的決心",l7DMMpwBRkUkW3J-txg8,NOT_RUMOR,2026-02-06 11:53:23.003000+00:00,NOT_RUMOR,2761.350374722222,"里仁與福智：宗教、土地與中國影子

我原本每次回台灣，都會買里仁的商品，但這次我決定與這品牌告別。

加拿大媒體揭露，里仁所屬的福智佛教團體在愛德華王子島大量購地，引發爭議，更被質疑受中國政府操縱。

前加拿大安全情報局亞太部門負責人甚至直言：「福智是中國政府送到加拿大的特洛伊木馬。」

事實上，早在 2014 年，福智就參加中國國家宗教局舉辦的交流會，宣稱
「兩岸未通，宗教先通；宗教未通，佛教先",0,2,0,political,2025,2025|political,recent,recent
273,1fb2uqk5n4on1,2025-06-26 13:06:37.591000+00:00,TEXT,"舞台再大，若你不願踏上，就永遠只是觀眾；
平臺再好，若你不願參與，就注定成為局外人。
這個世界，從來不會為猶豫者停留。
成功，不會憑空從天而降，它屬於那些勇於抓住機遇、敢於主動出擊的人。

未來，不是窮人的天下，也不再是少數富人的遊戲；
它屬於一群擁有正直、正念、正能量，並願意攜手同行、共築願景的人。
最近有同學私下問我：「蘇教授，這次168%獲利計劃結束後，還會有下一波佈局嗎？」
我的回答是：會有！但只為那些真正志同道合、願意前行的人而留。
不是因為我們排他，而是因為我們要對理想與紀律負責。

所以，這一次的猶豫，就成為與未來紅利擦身而過的關鍵分岔點。
而跟隨蘇教授的每一次佈局，不僅是一次財富的機會，
更是一場思維的進化、格局的擴展、命運的轉向。

🌱 當下的抉擇，將決定你是否能在未來
與我們一起，站在財富與慈善交會的舞台中央，發光發熱，影響世界。

選擇對的人、走對的路、做對的事，
才是讓人生發光的起點。💪💪💪",kejJApgBDktNo1YhmION,RUMOR,2025-07-13 07:57:02.987000+00:00,RUMOR,402.8403877777778,"舞台再大，若你不願踏上，就永遠只是觀眾；
平臺再好，若你不願參與，就注定成為局外人。
這個世界，從來不會為猶豫者停留。
成功，不會憑空從天而降，它屬於那些勇於抓住機遇、敢於主動出擊的人。

未來，不是窮人的天下，也不再是少數富人的遊戲；
它屬於一群擁有正直、正念、正能量，並願意攜手同行、共築願景的人。
最近有同學私下問我：「蘇教授，這次168%獲利計劃結束後，還會有下一波佈局嗎？」
我的回答是：會",1,0,0,scam,2025,2025|scam,recent,recent
274,36prtp10ud7v3,2025-10-15 10:05:34.423000+00:00,TEXT,【台灣大哥大】您即將符合電信帳單代收10月滿額禮[折抵金100元]領取資格，查看領獎說明→ https://twm5g.co/5BZyp,XRkZu5oBElZarx-VfqrB,NOT_RUMOR,2025-11-25 13:00:01.588000+00:00,NOT_RUMOR,986.9075458333332,【台灣大哥大】您即將符合電信帳單代收10月滿額禮[折抵金100元]領取資格，查看領獎說明→ https://twm5g.co/5BZyp,2,0,0,scam,2025,2025|scam,recent,recent
275,1r61nimlg7g7v,2025-07-06 11:56:48.258000+00:00,TEXT,7/26這次投票，自己查投票所，不會通知,b-gT45cBDktNo1YhGEbc,RUMOR,2025-07-07 04:09:29.050000+00:00,RUMOR,16.21133111111111,7/26這次投票，自己查投票所，不會通知,0,1,0,political,2025,2025|political,recent,recent
276,2siir09uvlxzo,2025-07-09 11:37:49.464000+00:00,TEXT,"這半個月忍耐一下
儘可能不要吃「魚」
因為光電板的汙染超強⋯⋯",8uiW75cBDktNo1Yh5V8_,RUMOR,2025-07-09 14:28:53.182000+00:00,RUMOR,2.851032777777778,"這半個月忍耐一下
儘可能不要吃「魚」
因為光電板的汙染超強⋯⋯",0,0,0,other,2025,2025|other,recent,recent
277,2qm3yc7gs2nxg,2025-06-11 10:15:41.926000+00:00,TEXT,"照片上的孩子是台灣台南人，1972年他9歲時剛到美國，迫於生計去中餐館打工。
　　50年後，其創立的半導體公司，成為全球最偉大的公司之一，其個人資產最高時超過1000億美元！
　　——黄仁勳",Tl3BcpcBfs35m9Mi2tA2,RUMOR,2025-06-15 08:43:16.405000+00:00,RUMOR,94.4595775,"照片上的孩子是台灣台南人，1972年他9歲時剛到美國，迫於生計去中餐館打工。
　　50年後，其創立的半導體公司，成為全球最偉大的公司之一，其個人資產最高時超過1000億美元！
　　——黄仁勳",0,0,0,other,2025,2025|other,recent,recent
278,u43m6tecczdq,2025-06-15 07:37:24.958000+00:00,TEXT,https://www.twxauxjpone.com/login,YV3GcpcBfs35m9Mir9Ab,RUMOR,2025-06-15 08:48:33.050000+00:00,RUMOR,1.185581111111111,https://www.twxauxjpone.com/login,0,0,0,other,2025,2025|other,recent,recent
279,3o7ac9matarii,2025-09-18 05:13:21.596000+00:00,TEXT,https://udn.com/news/story/7266/9010025,xYBTW5kB29ocKseu7gEz,NOT_RUMOR,2025-09-18 05:37:31.186000+00:00,NOT_RUMOR,0.4026638888888889,https://udn.com/news/story/7266/9010025,0,0,0,other,2025,2025|other,recent,recent
280,14iznbajzftz3,2025-11-09 11:56:20.859000+00:00,TEXT,"雞蛋檢出農藥「芬普尼」！15萬顆流入9縣市 9品項下架停售

https://www.chinatimes.com/realtimenews/20251109002480-260405",JrXdf5oBiuCfV4cpKIbX,NOT_RUMOR,2025-11-14 00:56:31.702000+00:00,NOT_RUMOR,109.00301194444444,"雞蛋檢出農藥「芬普尼」！15萬顆流入9縣市 9品項下架停售

https://www.chinatimes.com/realtimenews/20251109002480-260405",0,0,0,other,2025,2025|other,recent,recent
281,1x5wjikvdy4ym,2026-03-30 04:51:25.881000+00:00,TEXT,https://youtu.be/lC0cbrPR6ac,GrqaP50B-5SQhC6hiLwM,RUMOR,2026-03-30 16:36:25.227000+00:00,RUMOR,11.749818333333332,https://youtu.be/lC0cbrPR6ac,0,0,0,other,2026,2026|other,recent,recent
282,qvc9abt6zxsd,2026-01-02 03:41:46.673000+00:00,TEXT,https://youtu.be/5oXA6NaF6Lc?si=Vc-7l9xCe1-OFU0b,kgrZiZsBQdElExrC3v5X,RUMOR,2026-01-04 16:31:55.478000+00:00,RUMOR,60.83577916666666,https://youtu.be/5oXA6NaF6Lc?si=Vc-7l9xCe1-OFU0b,0,0,0,other,2026,2026|other,recent,recent
283,t4hmv9oxli0m,2025-10-22 09:48:57.848000+00:00,TEXT,"高瀚輿kao han yu您好！
我是環綺國際貿易股份有限公司。
感謝您加入好友(moon wink)

您好 我是環綺國際貿易股份有限公司的咨詢專員  (love letter)
歡迎您的咨詢(gift)(stars)",A8CsC5oBWwAUNc5b-6Hk,RUMOR,2025-10-22 11:27:57.402000+00:00,RUMOR,1.649876111111111,"高瀚輿kao han yu您好！
我是環綺國際貿易股份有限公司。
感謝您加入好友(moon wink)

您好 我是環綺國際貿易股份有限公司的咨詢專員  (love letter)
歡迎您的咨詢(gift)(stars)",0,0,0,other,2025,2025|other,recent,recent
284,2qd5uwyn3xxy3,2025-08-01 13:48:13.869000+00:00,TEXT,"https://www.cutemcd.com/

登記編號就是帳號，密碼是你的手機，先測試可以登入看看就好",w7NlyZgBYyXFyqZOe0A7,RUMOR,2025-08-20 21:32:07.865000+00:00,RUMOR,463.7316655555556,"https://www.cutemcd.com/

登記編號就是帳號，密碼是你的手機，先測試可以登入看看就好",2,0,0,scam,2025,2025|scam,recent,recent
285,3m542ushugyye,2025-12-08 09:03:20.235000+00:00,TEXT,"出國注意！申請這證件恐喪失台灣身分 移民署證實了 | 台視 | LINE TODAY

https://liff.line.me/1454987169-1WAXAP3K/v3/article/60Pr8Q6?utm_source=lineshare",Uv4pAZsBNXI5ecaqXMcz,NOT_RUMOR,2025-12-09 03:30:46.449000+00:00,NOT_RUMOR,18.45728166666667,"出國注意！申請這證件恐喪失台灣身分 移民署證實了 | 台視 | LINE TODAY

https://liff.line.me/1454987169-1WAXAP3K/v3/article/60Pr8Q6?utm_source=lineshare",0,0,0,other,2025,2025|other,recent,recent
286,3ub1how5t0krv,2025-05-08 12:58:19.542000+00:00,TEXT,https://www.facebook.com/share/r/1BsMKQ7xpp/,ySrgQ5kBnPW1yVGMTo3o,OPINIONATED,2025-09-13 16:19:57.794000+00:00,OPINIONATED,3075.3606255555555,https://www.facebook.com/share/r/1BsMKQ7xpp/,0,0,0,other,2025,2025|other,recent,recent
287,heog8sqh7vos,2025-12-06 00:08:04.178000+00:00,TEXT,"#我只是想問一聲：
《#三代家底被敗光 #台灣人你甘心嗎？》
／楊渡

最近賴政府一連串的作為，從對美關稅談判，到1.25兆的國防預算，以及天價對美軍購，大把大把的人民血汗錢莫名其妙地塞進美國人的口袋，想來都為台灣人感到悲哀，深深的悲哀！三代人，辛辛苦苦存下的一點家底，轉眼就要被這個政府敗光。就像看到敗家子軟骨頭不斷變賣家產，只為了討好權勢一樣，如今的台灣人，只感到家底被敗光的憤怒，真是不甘心！

〈#孫運璿時代刻苦經營〉

是的，在美國關稅戰面前，我們派出去談判的代表竟然一無抵抗，即將乖乖獻上4000億美元。這還不打緊，隨後自己又花錢買廣告，去美國報紙宣稱要花400億美元去買美國武器，合起來共4400億美元。這還不包括台積電的1600億美元。

4400億美元，尋常百姓絕對沒有概念。但你仔細一算，2300萬人，平均每一個台灣人，不分大人小孩，每人支付60萬元台幣。一個普通4口之家，一家要付240萬台幣。這樣夠明白嗎？會不會感到心疼？

讓人不甘心的是：這不是民進黨的存款，這是台灣幾代人存下來的外匯存底。台灣現在的外匯存底是6000億美元。所謂外匯存底也不是政府賺來的，而是所有國人一起打拚來的。

那是1950年代的時候，政府為了省下外匯，採取進口替代政策，省下買棉布、進口貨的錢，而寧可進口原料自己紡織、做粗工，好不容易存下來，開始有一點外匯存底。要知道在1949年的時候，台電總經理孫運璿接到報告說發電機碳刷磨光了，不換碳刷，發動機轉不了。當時一支碳刷10美元，但台電沒有外匯可以購買。孫運璿跑去找生產委員會主委尹仲容商量。尹仲容只能愁眉苦臉地說：「我也沒錢，現在台糖有一批糖要裝船，等上船，對方信用狀開來，我就撥給你錢。」

那一代人是這樣辛辛苦苦，鼓勵百姓愛用比較便宜的「國貨」，把錢攢下來，勤勤懇懇經營台灣，才好不容易有一點外匯存底。

了解台灣經濟史的人都知道，接下來是紡織業和加工出口型工業區的發展。那時代有多少女生國中一畢業，就進了紡織廠當女工，有多少高中生畢業後，進了美國剛剛引進的電子廠，去裝配電視機或電冰箱。高雄的加工出口區，那寬廣的大道上，每天早晨成千上萬的工人群體，騎著摩托車，奔逐在工作生活的奮鬥之路。有多少女工，因為不了解電子廠（如RCA公司）的汙染危害，懷孕卻因受公害汙染而流產，身患癌症而無處伸討。更有多少中小企業主，提著一卡皮箱奔波世界各地，只為爭取訂單，為台灣經濟拚一條生路。

此外，還要有具有遠見的領導人，支持孫運璿與李國鼎的電子產業發展計畫，培育人才，才有後來電子產業的蓬勃發展，為今天台灣的半導體產業打下基礎。

〈#賴政府豪砸千億美元〉

是的，所有這些勞動的身影，勤奮的平民百姓，六七十年來不斷打拚的三代人，才有今天台灣經濟的家底。外匯存底主要來自貿易順差和外資來台投資。台灣當然以貿易順差為主。外匯存底不是政府的，而是全體國民的財產，中央銀行僅是代為保管和運用。今天，賴清德居然為了討好美國，一句話就輕輕把台灣人三代積累的一點家底，就這樣捧給美國。直白說，投資美國的4000億加400億美元軍購，平均每個人被刮走60萬台幣。你，真的甘心嗎？

最可怕的是，當年台灣作為加工出口型工業，是在美國主導的全球化布局下，奉上勞工的生命與健康，以及生態為代價，才賺得如今的外匯存底。現在川普一聲令下，關稅戰開始，台灣三代人的積累幾乎全奉還，那這三代人的血汗是白幹了嗎？一切都是美國支配，叫你三代苦勞，存點錢，六七十年後再全數收回去，這世界有一點公理嗎？

更難堪的是，賴清德總統還說要去幫大陸解決經濟困境。他真的有認真想過嗎？大陸的外匯存底，有3兆3400億美元，是台灣的5.5倍。你在台灣天天喊窮，只想剋扣公教人員的退休金，還有餘力拿錢去幫更有錢的大陸，這是要笑死人嗎？

在賴清德的手上，從對美關稅談判的節節退讓到國防預算節節高升，台灣三代人的積累幾乎要被敗光，台灣人，你真的甘心嗎？",vv7h9poBNXI5ecaq1LUn,RUMOR,2025-12-07 03:36:26.403000+00:00,RUMOR,27.47284027777778,"#我只是想問一聲：
《#三代家底被敗光 #台灣人你甘心嗎？》
／楊渡

最近賴政府一連串的作為，從對美關稅談判，到1.25兆的國防預算，以及天價對美軍購，大把大把的人民血汗錢莫名其妙地塞進美國人的口袋，想來都為台灣人感到悲哀，深深的悲哀！三代人，辛辛苦苦存下的一點家底，轉眼就要被這個政府敗光。就像看到敗家子軟骨頭不斷變賣家產，只為了討好權勢一樣，如今的台灣人，只感到家底被敗光的憤怒，真是不甘心！
",0,1,0,political,2025,2025|political,recent,recent
288,1jieqxfcnrefv,2025-04-20 16:02:17.960000+00:00,TEXT,"好的哥哥，給你介紹一下，本俱樂部屬於會員制，只需要辦理一個會員，不需要給妹妹支付任何費用，如約炮過程中妹妹找哥哥索要錢或禮物請哥哥及時舉報，俱樂部將會給哥哥提供獎金同時也會懲罰妹妹。
給哥哥介紹下會員套餐嗎？",NBnh05oBElZarx-VktNf,RUMOR,2025-11-30 08:29:27.007000+00:00,RUMOR,5368.452513055555,"好的哥哥，給你介紹一下，本俱樂部屬於會員制，只需要辦理一個會員，不需要給妹妹支付任何費用，如約炮過程中妹妹找哥哥索要錢或禮物請哥哥及時舉報，俱樂部將會給哥哥提供獎金同時也會懲罰妹妹。
給哥哥介紹下會員套餐嗎？",0,0,0,other,2025,2025|other,recent,recent
289,3df3kxfxjwakf,2025-06-26 23:44:56.033000+00:00,TEXT,"以下為新聞連結
`陸民航局：6/28起 禁止攜帶無3C標識行動電源上機` | 大陸政經 | 兩岸 | 經濟日報 https://share.google/xaAXE4l3lKZxqGUDT


並附上CCC標誌顯示",f7_J85gB6nor6FKtxyHw,OPINIONATED,2025-08-29 03:05:44.175000+00:00,OPINIONATED,1515.3467061111112,"以下為新聞連結
`陸民航局：6/28起 禁止攜帶無3C標識行動電源上機` | 大陸政經 | 兩岸 | 經濟日報 https://share.google/xaAXE4l3lKZxqGUDT


並附上CCC標誌顯示",0,1,0,political,2025,2025|political,recent,recent
290,3inn55izztm74,2025-05-02 10:16:52.680000+00:00,TEXT,"🌤歡迎加入書韻朗聲世家🌤

📒新進群成員須知：

1.查看記事本：
💡記事本會不定時發布工作、活動資訊。
完成後，請聯繫品竹負責人領取薪資或獎金。

2.注意事項：
💡請勿隨意退出群組，以免喪失資格。

📌工作相關問題
請聯繫 – 韻晴人事 💌
Line ID：sunny.163

📌薪酬及專案企劃問題請洽
協理：品竹
Line ID：pinzhu1986

📌尚未領取朗讀工作的職員
直接點擊上方記事本報名領取

📢朗讀相關內容，統一在記事本公告

祝各位工作順利！✨",7F08Z5cBfs35m9MiALx_,RUMOR,2025-06-13 03:01:15.006000+00:00,RUMOR,1000.739535,"🌤歡迎加入書韻朗聲世家🌤

📒新進群成員須知：

1.查看記事本：
💡記事本會不定時發布工作、活動資訊。
完成後，請聯繫品竹負責人領取薪資或獎金。

2.注意事項：
💡請勿隨意退出群組，以免喪失資格。

📌工作相關問題
請聯繫 – 韻晴人事 💌
Line ID：sunny.163

📌薪酬及專案企劃問題請洽
協理：品竹
Line ID：pinzhu1986

📌尚未領取朗讀工作的職員
直接點擊上方",3,0,0,scam,2025,2025|scam,recent,recent
291,110ntmyay1yop,2025-07-20 12:00:54.477000+00:00,TEXT,"台積電白送給美國，
毒萊豬人民白吃了，
台灣的關稅是25%，美國早就通知賴清德了，他們不敢公布，想要撐到7月26日以後，請大家廣為宣傳",UOgaLpgBDktNo1YhGNfM,RUMOR,2025-07-21 17:48:38.987000+00:00,RUMOR,29.79569722222222,"台積電白送給美國，
毒萊豬人民白吃了，
台灣的關稅是25%，美國早就通知賴清德了，他們不敢公布，想要撐到7月26日以後，請大家廣為宣傳",0,1,0,political,2025,2025|political,recent,recent
292,3828c2uz7zsbi,2026-03-04 12:45:56.928000+00:00,TEXT,你好  你叫我寧儀就可以唷    我是負責幫你申請援助金的專員,yaCZgJ0BoX_cNU7jsejj,RUMOR,2026-04-12 07:30:49.442000+00:00,RUMOR,930.7479205555557,你好  你叫我寧儀就可以唷    我是負責幫你申請援助金的專員,0,0,0,other,2026,2026|other,recent,recent
293,qzu3peyfxxvi,2025-08-27 23:45:59.418000+00:00,TEXT,"預防詐騙請即時辦理：
1.稅籍異動即時通
~到稅捐處去申請~
2.地政異動即時通
~到地政機關去申請~
房地產要過戶前第一個要繳土地增值稅
再來才是過戶
所以 稅籍+地政-異動即時通
雙雙把關，守護我們辛苦一輩子的資產
~全部免費申請~",EezNdpwBFWYyqTEoGxTR,NOT_RUMOR,2026-02-19 16:47:59.440000+00:00,NOT_RUMOR,4217.033339444444,"預防詐騙請即時辦理：
1.稅籍異動即時通
~到稅捐處去申請~
2.地政異動即時通
~到地政機關去申請~
房地產要過戶前第一個要繳土地增值稅
再來才是過戶
所以 稅籍+地政-異動即時通
雙雙把關，守護我們辛苦一輩子的資產
~全部免費申請~",2,0,0,scam,2025,2025|scam,recent,recent
294,y9ioh2uwkrjv,2026-04-01 13:43:25.719000+00:00,TEXT,https://today.line.me/tw/v3/article/KwLJPGR,U8uSTJ0BZgZZYBoa5_fN,NOT_RUMOR,2026-04-02 05:03:09.260000+00:00,NOT_RUMOR,15.328761388888887,https://today.line.me/tw/v3/article/KwLJPGR,0,0,0,other,2026,2026|other,recent,recent
295,sz9xy6821six,2025-04-17 12:30:21.998000+00:00,TEXT,"您好，我是男性健康管理師高木 智彥，專注於男性生理狀態的調整和優化。

請問您目前最想要了解的是：
 (1) 如何科學地提升尺寸？
 (2) 如何有效延長時間？
 (3) 如何改善硬度和勃起品質？

您可以直接回復數字，我會根據您的需求提供專業建議",FBRHR5YBW80L-hejcY1C,RUMOR,2025-04-18 05:03:06.561000+00:00,RUMOR,16.545711944444445,"您好，我是男性健康管理師高木 智彥，專注於男性生理狀態的調整和優化。

請問您目前最想要了解的是：
 (1) 如何科學地提升尺寸？
 (2) 如何有效延長時間？
 (3) 如何改善硬度和勃起品質？

您可以直接回復數字，我會根據您的需求提供專業建議",0,0,1,health,2025,2025|health,recent,recent
296,3ognksm2zjmg7,2025-10-28 22:52:22.687000+00:00,TEXT,"早餐的雞蛋，是腦袋的投資！
不只是蛋白質而已！
也不只是早餐而已！


美國一項長期研究發現，
每週吃超過一顆雞蛋的長者，阿茲海默症風險比不吃蛋的人低了快一半。
這不是廣告，是科學研究。

每週多吃一顆蛋,大腦更年輕
--
美國研究揭示：雞蛋攝取與阿茲海默症風險降低密切相關

追蹤超過千位高齡者近七年，發現每週吃超過一顆雞蛋者罹患阿茲海默症風險下降47%，膽鹼成為保護關鍵

「早餐那顆蛋，可能比你想的更重要。」這句話在最新的營養學研究中有了真實的科學依據。美國芝加哥「Rush Memory and Aging Project」最新研究指出，每週食用超過一顆雞蛋的長者，罹患阿茲海默症的風險明顯下降，幅度高達47%。這項研究刊登於《The Journal of Nutrition》，引起國際營養與神經科學界的高度關注。

研究團隊從上千名平均年齡81歲的受試者中，長期追蹤其飲食與健康變化，平均觀察時間超過6年。結果發現，每週吃超過一顆雞蛋的參與者，其罹患阿茲海默症的機率幾乎只有不吃蛋者的一半。更驚人的是，在578位捐贈腦部進行病理分析的個案中，吃蛋組腦中堆積的β-澱粉樣蛋白斑塊與tau纏結較少，這正是阿茲海默症的兩大關鍵指標。

研究也進一步揭示，雞蛋內含的膽鹼（Choline）是主要保護機制之一。膽鹼是構成神經傳導物質乙醯膽鹼的基石，負責記憶、學習、思考與神經溝通，能強化腦神經訊號的穩定性。分析顯示，大約39%的保護關聯可由膽鹼攝取量解釋。這意味著，膽鹼可能是雞蛋為何能幫助大腦健康的核心成分。

除了膽鹼外，雞蛋還富含維生素B12、葉黃素、蛋白質與少量Omega-3脂肪酸。這些營養素不僅能降低發炎、保護神經，還能延緩腦部老化過程。研究者指出，雞蛋提供的營養組合堪稱「腦部營養包」，有助維持思考清晰與認知穩定。

然而，專家同時提醒，這項研究為觀察性研究，並非臨床實驗，因此不能直接斷定「吃蛋會預防阿茲海默症」。飲食只是腦部健康的一部分，運動、睡眠、社交互動、心理健康與基因也都是不可忽視的關鍵因素。

營養學者建議，每週攝取2至6顆雞蛋，在均衡飲食基礎下是安全且具潛在益處的。對膽固醇或心血管疾病患者來說，仍應依個人狀況諮詢醫師。值得注意的是，近年研究已逐漸打破「吃蛋會提高膽固醇」的迷思，反而發現雞蛋對多數健康成年人來說，是穩定營養來源。

這項研究不僅改變人們對雞蛋的認知，也提醒我們：最有效的腦部保養，往往藏在最平凡的食物裡。一顆蛋，或許正是每天守護記憶、維持思考力的起點。

研究團隊追蹤超過千位平均81歲的老人家，長達6年以上。結果發現，愛吃蛋的人不只記憶力更穩、思考更靈活，連腦中那些跟阿茲海默症有關的「斑塊」都比較少。換句話說，雞蛋可能在默默幫你的腦子打掃環境。

關鍵功臣叫做「膽鹼」。

這個營養素是腦袋裡神經傳導的燃料，讓神經之間保持暢通，記憶不打結、思考不卡關。研究顯示，雞蛋中膽鹼攝取量越高，腦部保護效果越顯著。

除此之外，雞蛋裡還有葉黃素、維生素B12、優質蛋白質、少量Omega-3，這些營養素會一起協助降低發炎、延緩腦部退化。

當然啦，吃蛋不是魔法，不能當成治療失智的萬靈丹。

但這項研究提醒我們：腦部保養不是靠補品，而是每天的小習慣。早餐多加一顆蛋，搭配運動、良好睡眠、社交互動，這些看似平凡的動作，才是讓腦袋越活越年輕的關鍵。

明天早上看到那顆荷包蛋、茶葉蛋或水煮蛋，換個角度想—

這不只是早餐而是腦袋的投資

轉自每日健康 Health",4n22VZsBoG1LWB_IgSW3,NOT_RUMOR,2025-12-25 13:33:02.771000+00:00,NOT_RUMOR,1382.677801111111,"早餐的雞蛋，是腦袋的投資！
不只是蛋白質而已！
也不只是早餐而已！


美國一項長期研究發現，
每週吃超過一顆雞蛋的長者，阿茲海默症風險比不吃蛋的人低了快一半。
這不是廣告，是科學研究。

每週多吃一顆蛋,大腦更年輕
--
美國研究揭示：雞蛋攝取與阿茲海默症風險降低密切相關

追蹤超過千位高齡者近七年，發現每週吃超過一顆雞蛋者罹患阿茲海默症風險下降47%，膽鹼成為保護關鍵

「早餐那顆蛋，可能比你",1,0,0,scam,2025,2025|scam,recent,recent
297,dop8b9j9wgy,2026-03-22 14:20:08.617000+00:00,TEXT,"工作規定:

前三週為新人試用期 每個禮拜必須做滿十個時段 特殊原因請提前告知與培訓員請假

升遷制度:

通過試用期轉正後調整薪資 固定月薪8000，全勤獎金2000（全勤需完成所有時段）每月5號發放。

轉正後滿三個月可依照表現申請兼職培訓員
培訓人員固定月薪 13000，全勤獎金 2000。

公司會有不定時的線上培訓課程 上完後薪資跟工作時間會慢慢地做改變",jUhGFp0BB0eXeo82DTHh,RUMOR,2026-03-22 15:59:43.072000+00:00,RUMOR,1.6595708333333332,"工作規定:

前三週為新人試用期 每個禮拜必須做滿十個時段 特殊原因請提前告知與培訓員請假

升遷制度:

通過試用期轉正後調整薪資 固定月薪8000，全勤獎金2000（全勤需完成所有時段）每月5號發放。

轉正後滿三個月可依照表現申請兼職培訓員
培訓人員固定月薪 13000，全勤獎金 2000。

公司會有不定時的線上培訓課程 上完後薪資跟工作時間會慢慢地做改變",2,0,0,scam,2026,2026|scam,recent,recent
298,1t3avzvfkurg7,2025-06-14 22:17:45.592000+00:00,TEXT,大罷免人夫市長賴清德偷吃市民女美術師小姐,tV2EcpcBfs35m9MiOc9a,NOT_ARTICLE,2025-06-15 07:35:57.530000+00:00,NOT_ARTICLE,9.303316111111112,大罷免人夫市長賴清德偷吃市民女美術師小姐,0,3,0,political,2025,2025|political,recent,recent
299,1004qcel56v55,2025-06-22 03:27:55.370000+00:00,TEXT,"資料來源：TVBS新聞網
https://search.app/AhPuyXP1wGiNXdiw9",7F5CmJcBfs35m9MiaRDP,RUMOR,2025-06-22 15:29:38.764000+00:00,RUMOR,12.028720555555555,"資料來源：TVBS新聞網
https://search.app/AhPuyXP1wGiNXdiw9",0,0,0,other,2025,2025|other,recent,recent
300,zhxiep7w0cp8,2026-01-15 12:03:10.158000+00:00,TEXT,"總結一下2025
最讓人尷尬的新聞

👉廣東三人花20萬人民幣造出17萬假幣。

✍陝西紫陽男子花20萬裝修新房，裝修完發現是別人家。

✍獄警突然昏迷，犯人越獄砸門急救。警方十分感動，然後加固牢房。

✍女子考駕照10年未通過，駕校全額退款並請其吃飯。

✍男子住酒店枕頭底驚現萬元現金，怒投訴：肯定沒換枕套！

✍小伙腰部以下發黑以為得重病，醫生：褲子掉色。

✍失戀男子開煤氣欲自殺，冷靜後點了根煙卻引爆。

✍劫匪搶完姑娘還送她回去，稱看她一個人有點不放心。

✍日本女子在手術中途放屁，被激光點燃，造成手術室起火。

✍女子請病假旅遊曬朋友圈，公司截圖留證將其開除…

✍一男子偷竊倉庫價值5万元飲料，連夜將瓶中飲料倒掉，將空瓶賣了200多塊錢。

✍小偷入室盜竊，因怕有腳步聲，脫下鞋子，腳太臭熏醒屋主。

✍河南一女子為嚇男友，報警稱其是逃犯，警方調查後發現真的是逃犯。

✍美國一青年舉槍欲自殺，被其母親發現後報警，警察為防止該青年自殺，將其擊斃。

✍英國馬拉松僅一人完成比賽，第二名帶著五千人跑錯路。

以上均為真實的案例！👍👍👍

願在二六年裡有更加新鮮的故事新聞发生！！！",UbDNLZwBRkUkW3J-yxBf,RUMOR,2026-02-05 12:36:27.615000+00:00,RUMOR,504.55484916666666,"總結一下2025
最讓人尷尬的新聞

👉廣東三人花20萬人民幣造出17萬假幣。

✍陝西紫陽男子花20萬裝修新房，裝修完發現是別人家。

✍獄警突然昏迷，犯人越獄砸門急救。警方十分感動，然後加固牢房。

✍女子考駕照10年未通過，駕校全額退款並請其吃飯。

✍男子住酒店枕頭底驚現萬元現金，怒投訴：肯定沒換枕套！

✍小伙腰部以下發黑以為得重病，醫生：褲子掉色。

✍失戀男子開煤氣欲自殺，冷靜後點了",0,0,0,other,2026,2026|other,recent,recent
301,b487fwt6bfd2,2025-11-15 14:08:21.138000+00:00,TEXT,"工作內容：
1.協助生醫製藥公司整理進出貨統整、藥品單據資料線上彙整
2.不需要自行銷售或者碰到藥品，也不影響正職
3.每天作業時段都是固定下午15點、晚上19、21點
4.完全彈性，也都是以遠端模式去作業，有空檔我們就做
5.如果是沒有經驗，主管都是會一步步教學到熟悉～",ErUXiJoBiuCfV4cpW5VH,RUMOR,2025-11-15 15:17:03.429000+00:00,RUMOR,1.145080833333333,"工作內容：
1.協助生醫製藥公司整理進出貨統整、藥品單據資料線上彙整
2.不需要自行銷售或者碰到藥品，也不影響正職
3.每天作業時段都是固定下午15點、晚上19、21點
4.完全彈性，也都是以遠端模式去作業，有空檔我們就做
5.如果是沒有經驗，主管都是會一步步教學到熟悉～",1,0,0,scam,2025,2025|scam,recent,recent
302,11vrdk8a2zhhq,2025-08-24 05:31:24.956000+00:00,TEXT,看看太陽能光電板流出來的毒水有多毒。,kr6t3JgB6nor6FKtB_qS,RUMOR,2025-08-24 15:23:03.953000+00:00,RUMOR,9.8608325,看看太陽能光電板流出來的毒水有多毒。,0,0,0,other,2025,2025|other,recent,recent
303,3bkbu7keolv8b,2025-06-16 23:21:22.525000+00:00,TEXT,"你真的了解沙丁魚嗎？老年人吃罐頭沙丁魚到底是健康還是有害，看看科學揭示真相！
 #樂活養生 #健康知識 #老年健康
樂活養生 - 1.34K subscribers
https://www.youtube.com/watch?v=bFdFbU0W7T4",UehT4JcBDktNo1Yh_EID,OPINIONATED,2025-07-06 15:21:29.858000+00:00,OPINIONATED,472.00203694444446,"你真的了解沙丁魚嗎？老年人吃罐頭沙丁魚到底是健康還是有害，看看科學揭示真相！
 #樂活養生 #健康知識 #老年健康
樂活養生 - 1.34K subscribers
https://www.youtube.com/watch?v=bFdFbU0W7T4",0,0,1,health,2025,2025|health,recent,recent
304,65hzlzdjicxp,2026-04-05 23:07:43.142000+00:00,TEXT,https://youtu.be/lC0cbrPR6ac?si=d8rOmAsQZzEGJreN,SKBtgJ0BoX_cNU7j5ugV,RUMOR,2026-04-12 06:42:59.220000+00:00,RUMOR,151.58779944444444,https://youtu.be/lC0cbrPR6ac?si=d8rOmAsQZzEGJreN,0,0,0,other,2026,2026|other,recent,recent
305,297id3m3lp5df,2025-10-07 23:32:10.968000+00:00,TEXT,https://youtu.be/zzrdNlRW5x4?si=GtBQXDert8YsUXCH,YEikBJ0BB0eXeo82Khb0,RUMOR,2026-03-19 05:49:21.008000+00:00,RUMOR,3894.286122222222,https://youtu.be/zzrdNlRW5x4?si=GtBQXDert8YsUXCH,0,0,0,other,2025,2025|other,recent,recent
306,35eod7w23le3n,2026-01-17 13:27:10.599000+00:00,TEXT,"2026交通大變天！無照駕駛狂罰6萬？家裏有70歲長輩的注意了！6大新規不僅罰錢還扣照！
#2026交通新制 #交通法規 #無照駕駛 #高齡換照 #交通罰單 #荷包失血 #行人地獄 #道路安全
https://www.youtube.com/watch?v=0uprKczWYZY",d7A9UJwBRkUkW3J-DUeR,NOT_ARTICLE,2026-02-12 05:05:04.400000+00:00,NOT_ARTICLE,615.6316113888889,"2026交通大變天！無照駕駛狂罰6萬？家裏有70歲長輩的注意了！6大新規不僅罰錢還扣照！
#2026交通新制 #交通法規 #無照駕駛 #高齡換照 #交通罰單 #荷包失血 #行人地獄 #道路安全
https://www.youtube.com/watch?v=0uprKczWYZY",0,0,0,other,2026,2026|other,recent,recent
307,3ng2rap6xqsgv,2025-04-14 05:18:31.939000+00:00,TEXT,"♥️❰❰美滿貸❱❱  https://lin.ee/LNAliUs
🍊❰❰吉祥貸❱❱  https://lin.ee/6ekP4MH 
✨❰❰利順貸❱❱  https://lin.ee/wH0TmvK
🌎❰❰仁和貸❱❱  https://lin.ee/vsW1xvN
🧧❰❰同福貸❱❱  https://lin.ee/zc1Jtny
🎊❰❰萬興貸❱❱  https://lin.ee/fLgh1mn
🎈❰❰百永貸❱❱  https://lin.ee/O5iQ18W
✏️❰❰優品貸❱❱  https://lin.ee/LA3wTWv",kZqjepYBeCQ-azEqTPRG,RUMOR,2025-04-28 04:24:04.421000+00:00,RUMOR,335.09235611111114,"♥️❰❰美滿貸❱❱  https://lin.ee/LNAliUs
🍊❰❰吉祥貸❱❱  https://lin.ee/6ekP4MH 
✨❰❰利順貸❱❱  https://lin.ee/wH0TmvK
🌎❰❰仁和貸❱❱  https://lin.ee/vsW1xvN
🧧❰❰同福貸❱❱  https://lin.ee/zc1Jtny
🎊❰❰萬興貸❱❱  https://lin.ee/fLgh1mn
",0,0,0,other,2025,2025|other,recent,recent
308,z1oh3qi7l3r1,2025-07-28 00:35:42.043000+00:00,TEXT,"50萬人研究證實！喝「即溶咖啡」恐增加7倍失明風險 | 中天電視台 | LINE TODAY

https://liff.line.me/1454987169-1WAXAP3K/v3/article/oqmDw6o?utm_source=lineshare",Da-HE5wBRkUkW3J-geTv,OPINIONATED,2026-01-31 10:09:33.677000+00:00,OPINIONATED,4497.564342777778,"50萬人研究證實！喝「即溶咖啡」恐增加7倍失明風險 | 中天電視台 | LINE TODAY

https://liff.line.me/1454987169-1WAXAP3K/v3/article/oqmDw6o?utm_source=lineshare",0,0,0,other,2025,2025|other,recent,recent
309,2b6baqpkj5snv,2025-10-21 04:54:32.106000+00:00,TEXT,"""在親綠企業家曹興誠的億元資助下，台大法律系畢業的沈伯洋，一個只服過「司法替代役」不曾拿槍不會打靶的貨色，竟然成為反中激進組織黑熊學院的院長，成為黑熊部隊的地下大帥。""
 https://tw.news.yahoo.com/%E6%8F%90%E9%98%B2%E6%B2%88%E4%BC%AF%E6%B4%8B%E7%9A%84%E7%B6%A0%E8%89%B2%E7%B4%8D%E7%B2%B9-201000721.html#:~:text=%E5%9C%A8%E8%A6%AA%E7%B6%A0%E4%BC%81%E6%A5%AD%E5%AE%B6%E6%9B%B9%E8%88%88%E8%AA%A0%E7%9A%84%E5%84%84%E5%85%83%E8%B3%87%E5%8A%A9%E4%B8%8B%EF%BC%8C%E5%8F%B0%E5%A4%A7%E6%B3%95%E5%BE%8B%E7%B3%BB%E7%95%A2%E6%A5%AD%E7%9A%84%E6%B2%88%E4%BC%AF%E6%B4%8B%EF%BC%8C%E4%B8%80%E5%80%8B%E5%8F%AA%E6%9C%8D%E9%81%8E%E3%80%8C%E5%8F%B8%E6%B3%95%E6%9B%BF%E4%BB%A3%E5%BD%B9%E3%80%8D%E4%B8%8D%E6%9B%BE%E6%8B%BF%E6%A7%8D%E4%B8%8D%E6%9C%83%E6%89%93%E9%9D%B6%E7%9A%84%E8%B2%A8%E8%89%B2%EF%BC%8C%E7%AB%9F%E7%84%B6%E6%88%90%E7%82%BA%E5%8F%8D%E4%B8%AD%E6%BF%80%E9%80%B2%E7%B5%84%E7%B9%94%E9%BB%91%E7%86%8A%E5%AD%B8%E9%99%A2%E7%9A%84%E9%99%A2%E9%95%B7%EF%BC%8C%E6%88%90%E7%82%BA%E9%BB%91%E7%86%8A%E9%83%A8%E9%9A%8A%E7%9A%84%E5%9C%B0%E4%B8%8B%E5%A4%A7%E5%B8%A5%E3%80%82",d5bW-JsB9EfTQQdNRAeA,RUMOR,2026-01-26 05:45:50.463000+00:00,RUMOR,2328.8550991666666,"""在親綠企業家曹興誠的億元資助下，台大法律系畢業的沈伯洋，一個只服過「司法替代役」不曾拿槍不會打靶的貨色，竟然成為反中激進組織黑熊學院的院長，成為黑熊部隊的地下大帥。""
 https://tw.news.yahoo.com/%E6%8F%90%E9%98%B2%E6%B2%88%E4%BC%AF%E6%B4%8B%E7%9A%84%E7%B6%A0%E8%89%B2%E7%B4%8D%E7%B2%",0,0,0,other,2025,2025|other,recent,recent
310,ul821es2s0w6,2025-08-08 05:20:46.302000+00:00,TEXT,"尊敬的蝦皮用戶，您好：

我們偵測到您的帳戶於近期有一筆異常交易（金額：NT$29,142）。為保障帳戶安全，需請您於 48 小時內 確認是否為本人操作。

▶️ 請點此登入帳戶確認交易：
https://zfvv.albergueribadesella.com (唯一官方連結)

重要提醒
1. 若未於 48 小時內完成確認，此訂單將依系統設定自動入賬。
2. 此連結僅用於交易確認，不會要求您輸入密碼或安全碼。
3. 若此交易非您本人所為，請立即點選連結並選擇「回報異常」。

為避免詐騙，請注意：
🔒 蝦皮 不會 透過郵件、簡訊或電話索取個人資料、驗證碼或銀行資訊。
🔒 此郵件由系統自動發送，請勿直接回覆。

若需協助，請透過蝦皮 App 內「幫助中心」或官方客服專線：0800-024-520 聯繫我們。

感謝您協助維護帳戶安全！",uw7jjZgBngzKCCgMs921,RUMOR,2025-08-09 08:12:46.899000+00:00,RUMOR,26.8668325,"尊敬的蝦皮用戶，您好：

我們偵測到您的帳戶於近期有一筆異常交易（金額：NT$29,142）。為保障帳戶安全，需請您於 48 小時內 確認是否為本人操作。

▶️ 請點此登入帳戶確認交易：
https://zfvv.albergueribadesella.com (唯一官方連結)

重要提醒
1. 若未於 48 小時內完成確認，此訂單將依系統設定自動入賬。
2. 此連結僅用於交易確認，不會要求您輸",3,0,0,scam,2025,2025|scam,recent,recent
311,3agdqdrs78qw,2025-06-14 00:38:10.256000+00:00,TEXT,看你這幾天要約幾號我店裡見 約個13點半-19點半之間 看你幾號幾點可以現在跟我說我準備一下見你 不要拿很忙沒空再安排再看看沒時間當藉口 如果連見面的時間都沒有 我無法想像以後我們真的在一起了連見面都沒辦法那幹嘛在一起 那我就不要了 我喜歡上的是跟你聊天相處的感覺 其他的我真的都不在意 如果你不是真心喜歡我不想跟我進一步 那就沒關係了真的 就當我遇到錯的人相信錯人 就當是我自作多情喜歡錯人 我會自己哭一哭把你封鎖不要再聯絡 這一切都會過去的 因為我現在想要的是男友 不是網友,8eyAjpwBFWYyqTEoOzPm,RUMOR,2026-02-24 07:14:54.565000+00:00,RUMOR,6126.612308055555,看你這幾天要約幾號我店裡見 約個13點半-19點半之間 看你幾號幾點可以現在跟我說我準備一下見你 不要拿很忙沒空再安排再看看沒時間當藉口 如果連見面的時間都沒有 我無法想像以後我們真的在一起了連見面都沒辦法那幹嘛在一起 那我就不要了 我喜歡上的是跟你聊天相處的感覺 其他的我真的都不在意 如果你不是真心喜歡我不想跟我進一步 那就沒關係了真的 就當我遇到錯的人相信錯人 就當是我自作多情喜歡錯人 我會自,0,0,0,other,2025,2025|other,recent,recent
312,3ht6hhhdplamp,2025-08-09 12:37:31.267000+00:00,TEXT,我沒有孩子 家人整天催促我   但是我不想結婚  所以我找一個身體健康可以讓我懷孕的男生,ZA4tj5gBngzKCCgM5-Cm,NOT_ARTICLE,2025-08-09 14:13:27.078000+00:00,NOT_ARTICLE,1.5988363888888888,我沒有孩子 家人整天催促我   但是我不想結婚  所以我找一個身體健康可以讓我懷孕的男生,0,0,1,health,2025,2025|health,recent,recent
313,2t8k8hkpiql8y,2025-12-09 12:59:57.304000+00:00,TEXT,"500假鈔已上市
大家要留意。
上真，下假。
真鈔：右中左下均有500圖樣。
整個市場幾乎都用500塊的假鈔一定要小心看看👀。",MF2WG5sBm-etfpErTswu,RUMOR,2025-12-14 06:39:53.898000+00:00,RUMOR,113.66572055555557,"500假鈔已上市
大家要留意。
上真，下假。
真鈔：右中左下均有500圖樣。
整個市場幾乎都用500塊的假鈔一定要小心看看👀。",0,0,0,other,2025,2025|other,recent,recent
314,3qqlrpwio38v8,2025-08-14 12:25:59.318000+00:00,TEXT,"歐州政府目前大力扶持個人創業 只要在歐州創業就可以領取一筆補貼金 每個客戶過審可申請1-30萬歐元  一萬歐元等於35萬台幣左右
不需要你去歐洲，我們歐洲有公司會幫你包裝在歐洲創業的身分跟資金 包裝好提交給歐州銀行審核，審核通過就會撥款到你的帳戶，這是政府補貼不是貸款 所以申請下來是不用還的! 也沒有法律責任的",Bhk2vpoBElZarx-VsK9y,RUMOR,2025-11-26 03:30:46.514000+00:00,RUMOR,2487.079776666667,"歐州政府目前大力扶持個人創業 只要在歐州創業就可以領取一筆補貼金 每個客戶過審可申請1-30萬歐元  一萬歐元等於35萬台幣左右
不需要你去歐洲，我們歐洲有公司會幫你包裝在歐洲創業的身分跟資金 包裝好提交給歐州銀行審核，審核通過就會撥款到你的帳戶，這是政府補貼不是貸款 所以申請下來是不用還的! 也沒有法律責任的",4,0,0,scam,2025,2025|scam,recent,recent
315,25huodn2c14vj,2025-06-06 22:25:34.032000+00:00,TEXT,https://jambolive.tv/shop/10841/checkout/?csi=195357&csn=6b6N5pif6ZaA5biC&csa=5Y2X5oqV57ij6I2J5bGv6Y6u5b6p6IiI6YeM56Kn5bGx6LevNzMx5LmLNeiZnw==&cso=0&old_shipping_method=prescoc2c&cw=0&cu_id=#cvs-store-info,qqzItpgBicoXA8iSVzEy,NOT_ARTICLE,2025-08-17 06:47:19.601000+00:00,NOT_ARTICLE,1712.3626580555556,https://jambolive.tv/shop/10841/checkout/?csi=195357&csn=6b6N5pif6ZaA5biC&csa=5Y2X5oqV57ij6I2J5bGv6Y6u5b6p6IiI6YeM56Kn5bGx6LevNzMx5LmLNeiZnw==&cso=0&old_shipping_method=prescoc2c&cw=0&cu_id=#cvs-store,0,0,0,other,2025,2025|other,recent,recent
316,dr54dzmuxj07,2025-05-09 12:02:15.108000+00:00,TEXT,銀行部分選擇 永豐  兆豐   華南  合庫  凱基  高雄  彰化 台灣  第一   這幾家銀行  其他銀行不支持入職,zlyTtpYBfs35m9MiqYfO,RUMOR,2025-05-09 19:44:12.748000+00:00,RUMOR,7.699344444444444,銀行部分選擇 永豐  兆豐   華南  合庫  凱基  高雄  彰化 台灣  第一   這幾家銀行  其他銀行不支持入職,1,0,0,scam,2025,2025|scam,recent,recent
317,2aquhb25vo1kr,2025-07-05 09:45:00.357000+00:00,TEXT,"🕯️【豐原五口命案背後，是一場精密而殘酷的黃金詐騙陷阱】

這不是什麼「偏財運不佳」，而是一起用「信任」與「資訊落差」包裝起來的詐騙悲劇。

這個家庭原本平凡，甚至曾努力求生。卻在短短一個月內，被一場披著合法外衣的「黃金代購詐騙」拖入萬劫不復，最後選擇集體走上絕路。

⸻

🎯 詐騙的起點：熟人介紹、起初有賺

王家大女兒受美容師同學介紹參與「代購金豆計畫」：

「每刷卡15萬元購買金豆，就能立刻回收3,000元佣金。」

她真的收到第一筆佣金，覺得可靠，就開始持續投入，甚至邀請家人一同參與。這正是詐騙中常見的「養套殺」：
   •   養：先給你甜頭建立信任
   •   套：誘導你不斷加碼、動用信用卡、信貸
   •   殺：當你資金斷裂，就開始追債、利息、威脅

⸻

💣 債務雪球快速擴大：從15萬到千萬

短短一個月內，王家：
   •   變賣房產、車子
   •   簽下200萬本票
   •   欠款逼近 1,000萬元
   •   債主上門討債，恐嚇、壓力交織，讓整個家庭陷入極端絕望

最令人痛心的是：
他們曾經向議員、警察求助，也試圖與詐騙者談判，卻沒有等到援手。

⸻

🔥 這不是「無知」，而是制度漏洞讓人走不出去

他們不是貪婪，而是陷入：
   •   熟人介紹造成信任錯覺
   •   資訊落差無法辨識詐騙
   •   被逼債卻求助無門
   •   一家人共同承擔情緒與壓力，沒人來得及幫忙出口氣

這一切，在台灣並不罕見——只是這次，我們失去了一整個家庭。

⸻

🛡️ 詐騙陷阱警訊提醒

✅ 1. 所有「代購黃金」、「保證獲利」、「固定回報」的投資，請一律懷疑！
✅ 2. 起初小額有賺，不代表安全，反而是陷阱的開始
✅ 3. 不要因為是熟人介紹就掉以輕心，詐騙常常透過人際關係洗白
✅ 4. 如遇債務困境，請尋求律師、法律扶助、社會工作單位協助
✅ 5. 請把這篇貼文轉給長輩、孩子，讓更多人知道真相與防範！

⸻

我們不能再失去更多人。
請一起守護自己，也守住家人。",aOh55JcBDktNo1Yh5UoV,OPINIONATED,2025-07-07 10:41:23.220000+00:00,OPINIONATED,48.93968416666667,"🕯️【豐原五口命案背後，是一場精密而殘酷的黃金詐騙陷阱】

這不是什麼「偏財運不佳」，而是一起用「信任」與「資訊落差」包裝起來的詐騙悲劇。

這個家庭原本平凡，甚至曾努力求生。卻在短短一個月內，被一場披著合法外衣的「黃金代購詐騙」拖入萬劫不復，最後選擇集體走上絕路。

⸻

🎯 詐騙的起點：熟人介紹、起初有賺

王家大女兒受美容師同學介紹參與「代購金豆計畫」：

「每刷卡15萬元購買金豆，就能立刻",1,0,0,scam,2025,2025|scam,recent,recent
318,3229jgisgm63q,2025-06-24 23:59:28.894000+00:00,TEXT,"🔍【失智與肌肉有關？從林芳郁院長的新聞談起】

今天一則令人震驚的消息傳出：曾經帶領台灣三大醫學中心 (台大/榮總/亞東)被譽為「心臟外科聖手」的林芳郁院長， 69歲開始罹患失智症。 現今75歲。
這不只是名人的健康新聞，而是一個重要提醒——就算醫學專家，也難逃失智的風險。那我們該怎麼辦？

很多人以為失智只跟「腦袋」有關，但你知道嗎？
👉 其實，它跟「肌肉流失」——也就是【肌少症】有密不可分的關係！
________________________________________
👥 失智與肌少症，是一條惡性循環的雙向通道
✔ 肌肉一少 → 身體活動變少 → 血流減少 → 大腦開始退化
✔ 大腦退化 → 記憶下降、活動意願低 → 肌肉流失更快
🔁 形成惡性循環，就像車子又踩煞車又熄火，怎麼可能不出問題？
根據國際期刊研究，肌少症的長者，三年內出現認知障礙的風險是正常人的近兩倍！
________________________________________
🧬 再加上如果你有「失智風險基因 APOE ε4」…
在台灣，大約每6個人就有1人帶有 APOE ε4。這個基因會讓你在壓力大、睡不好、久坐時，大腦更容易退化！
這時候如果還久坐不動、肌肉又少，大腦真的會像「悶在不通風的房間」一樣，慢慢缺氧、退化。
________________________________________
📉 肌少症不只是老人問題，30歲後就開始發生！
✔ 每10年，肌肉會流失3～8%
✔ 70歲後流失速度變快
✔ 久坐、吃太少蛋白質、不運動 → 都會加速肌肉變少！
________________________________________
📈 那我們可以怎麼做？真的很簡單！
✅ 每坐滿一小時，就站起來動5分鐘
✅ 每週安排2次重力訓練（深蹲、啞鈴、彈力帶都可以）
✅ 每天補足蛋白質（每公斤體重至少1.2克）
✅ 走樓梯、曬衣服、掃地都算運動！
💡重點不是跑馬拉松，而是——別讓自己一整天坐著不動！
________________________________________
❤️ 給自己的大腦一個保護傘，從「肌肉」開始！
林芳郁院長的故事，不只是新聞，它提醒我們：
🧠 失智不是老年病，而是生活習慣累積的結果
💪 肌肉不是只有行動力，更是大腦健康的守門員！
從今天開始：
📌 站起來、動起來、吃對營養
你不只是保住肌肉，更保住你的記憶、判斷力與未來的自主性。

#生病從來不是誰的錯
#謝謝你留下來陪我餘生
________________________________________
📚 參考文獻：
Zhang, X., et al. (2023). Sarcopenia and cognitive impairment: a bidirectional relationship? Journal of Cachexia, Sarcopenia and Muscle, 14(1), 45–54.",V-k9VpgBDktNo1YhzCO9,OPINIONATED,2025-07-29 12:52:27.453000+00:00,OPINIONATED,828.8829330555556,"🔍【失智與肌肉有關？從林芳郁院長的新聞談起】

今天一則令人震驚的消息傳出：曾經帶領台灣三大醫學中心 (台大/榮總/亞東)被譽為「心臟外科聖手」的林芳郁院長， 69歲開始罹患失智症。 現今75歲。
這不只是名人的健康新聞，而是一個重要提醒——就算醫學專家，也難逃失智的風險。那我們該怎麼辦？

很多人以為失智只跟「腦袋」有關，但你知道嗎？
👉 其實，它跟「肌肉流失」——也就是【肌少症】有密不可分的關",0,0,1,health,2025,2025|health,recent,recent
319,mgd4zqnk48a5,2026-02-05 10:08:16.805000+00:00,TEXT,"親愛的一卡通用戶，您好：

本通知由一卡通服務作業中心依雲端電子發票作業規範寄送。系統已完成本期電子發票資料整合、資格比對與對獎處理，相關結果與後續作業說明如下，敬請您查閱。

雲端電子發票處理結果：
發票號碼：PC-68569687
發票形式：雲端電子發票
對獎結果：五獎
回饋金額：新臺幣 1,000 元

後續作業說明：
為配合後續帳務回饋處理，請您登入電子發票服務平台，協助確認以下項目：
一、會員帳戶基本資料是否完整
二、目前設定之信用卡是否仍為有效狀態
三、系統顯示之回饋金額是否正確

完成資料確認後，系統將依既定流程辦理帳務回饋作業。

回饋處理提醒：
回饋金將依會員中心所登錄之信用卡資訊進行帳務作業。若卡片資料異常、已失效或尚未完成設定，可能影響回饋處理時程，建議您事先更新相關資訊。",NUdKr5wBB0eXeo82h5Kg,RUMOR,2026-03-02 16:03:43.135000+00:00,RUMOR,605.9239805555555,"親愛的一卡通用戶，您好：

本通知由一卡通服務作業中心依雲端電子發票作業規範寄送。系統已完成本期電子發票資料整合、資格比對與對獎處理，相關結果與後續作業說明如下，敬請您查閱。

雲端電子發票處理結果：
發票號碼：PC-68569687
發票形式：雲端電子發票
對獎結果：五獎
回饋金額：新臺幣 1,000 元

後續作業說明：
為配合後續帳務回饋處理，請您登入電子發票服務平台，協助確認以下項目：
一",0,0,0,other,2026,2026|other,recent,recent
320,a0jszlkapgkl,2025-08-19 12:00:55.212000+00:00,TEXT,"心理學家和田秀樹出版了一本名為《80歲的牆》的書。該書一出版，銷售量就突破50萬冊，成為當時最暢銷的書。如果銷量維持下去，該書的銷量將突破100萬冊，成為日本年度最暢銷的書籍。

61歲的和田博士是一位專門研究老年精神疾病的醫生。他將80歲老人「幸福」生活的秘訣濃縮為44句話，如下：

1. 堅持行走。
2. 生氣時深呼吸。
3. 適量運動，避免身體僵硬。
4. 夏天吹冷氣時多喝水。
5. 尿布有助於活動。
6. 咀嚼越多，大腦和身體就越活躍。
7. 記憶力下降並非因為年齡，而是因為缺乏用腦。
8. 無需服用過多藥物。
9. 無需不必要地降低血壓和血糖。
10. 獨處並非孤獨，而是安然度過時光。
11. 懶惰並不可恥。
12. 無需花錢考駕照（日本正在進行老年人返還駕照的活動）。
13. 做你喜歡的事，不要做你不喜歡的事。
14. 即使到了老年，自然的慾望依然存在。
15. 無論如何，不要總是待在家裡。
16. 吃你喜歡吃的東西，輕度肥胖比較好。
17. 做任何事都要謹慎。
18. 不要和你不喜歡的人交往。
19. 不要一直看電視。
20. 與其與疾病抗爭，不如學會與疾病共存。
21. 「車子到山前，路自現」－這是老年人幸福的秘訣。
22. 吃新鮮水果和沙拉。
23. 洗澡時間不應超過10分鐘。
24. 如果睡不著，不要強迫自己。
25. 快樂的活動能促進大腦活動。
26. 說出你的感受，不要想太多。
27. 盡快找一位「家庭醫生」。
28. 不要過度耐心或強求；做個「大膽的老人」也不錯。
29. 有時候改變主意也沒關係。
30. 在人生的最後階段，癡呆症是上帝的恩賜。
31. 如果你停止學習，你就會變老。
32. 不要渴望名利；你擁有的已經足夠。
33. 純真屬於老年人。
34. 越是困難的事情，越是有趣。
35. 曬太陽能帶來快樂。
36. 做有益於他人的事。
37. 悠閒地度過今天。
38. 渴望是長壽的關鍵。
39. 快樂地生活。
40. 呼吸順暢。
41. 人生的原則掌握在自己手中。
42. 平靜地接受一切。
43. 快樂的人受人喜愛。
44. 微笑帶來好運。

*請務必與所有老年青年分享。謝謝*",PJX93ZsB9EfTQQdNLNNZ,NOT_RUMOR,2026-01-21 00:38:35.349000+00:00,NOT_RUMOR,3708.627815833333,"心理學家和田秀樹出版了一本名為《80歲的牆》的書。該書一出版，銷售量就突破50萬冊，成為當時最暢銷的書。如果銷量維持下去，該書的銷量將突破100萬冊，成為日本年度最暢銷的書籍。

61歲的和田博士是一位專門研究老年精神疾病的醫生。他將80歲老人「幸福」生活的秘訣濃縮為44句話，如下：

1. 堅持行走。
2. 生氣時深呼吸。
3. 適量運動，避免身體僵硬。
4. 夏天吹冷氣時多喝水。
5. 尿布有",0,0,0,other,2025,2025|other,recent,recent
321,3tsgzutl4v0ui,2025-09-23 02:17:41.410000+00:00,TEXT,"比手抖更早發生！醫揭「1腸胃症狀」是巴金森氏症警訊：一堆人中 | 三立新聞網 | LINE TODAY

https://liff.line.me/1454987169-1WAXAP3K/v3/article/pePzZoe?utm_source=lineshare",-IB2dJkB29ocKseu8iho,NOT_RUMOR,2025-09-23 02:46:16.423000+00:00,NOT_RUMOR,0.4763925,"比手抖更早發生！醫揭「1腸胃症狀」是巴金森氏症警訊：一堆人中 | 三立新聞網 | LINE TODAY

https://liff.line.me/1454987169-1WAXAP3K/v3/article/pePzZoe?utm_source=lineshare",0,0,0,other,2025,2025|other,recent,recent
322,3139k0piaqrzc,2025-06-29 16:18:17.557000+00:00,TEXT,請幫我看看這是真的還是假的：https://cofacts.tw/article/5vccwz4d562a,cAs9mZsBQdElExrCoBmI,NOT_ARTICLE,2026-01-07 16:15:11.493000+00:00,NOT_ARTICLE,4607.948315555555,請幫我看看這是真的還是假的：https://cofacts.tw/article/5vccwz4d562a,0,0,0,other,2025,2025|other,recent,recent
323,1af68iyugjw1p,2025-09-30 03:21:32.748000+00:00,TEXT,https://youtu.be/SrsG0vFAqeQ?si=P1Ae9gLf2yUcTP_d,ZEikBJ0BB0eXeo82QxYQ,RUMOR,2026-03-19 05:49:27.183000+00:00,RUMOR,4082.4651208333335,https://youtu.be/SrsG0vFAqeQ?si=P1Ae9gLf2yUcTP_d,0,0,0,other,2025,2025|other,recent,recent
324,1ybww538kbz06,2025-07-22 02:05:55.507000+00:00,TEXT,好的姐妹，我會把它寫好並連同他的 Line ID 二維碼一起發送給你，這樣你就可以把它發送給他,wUfC75wBB0eXeo82E_Uf,RUMOR,2026-03-15 04:29:59.455000+00:00,RUMOR,5666.4010966666665,好的姐妹，我會把它寫好並連同他的 Line ID 二維碼一起發送給你，這樣你就可以把它發送給他,0,0,0,other,2025,2025|other,recent,recent
325,3koe4jqj8b58w,2025-11-13 03:32:26.249000+00:00,TEXT,"換駕照下修至70歲，將於明年（115年）5月施行，屆時請收到監理機關換照通知，再去叁加測驗，合格後發照。（民眾不必 也不得 提前要求換照）
換照題庫，請先模擬練習。",IrUgiJoBiuCfV4cpDZW2,NOT_RUMOR,2025-11-15 15:26:33.396000+00:00,NOT_RUMOR,59.901985277777776,"換駕照下修至70歲，將於明年（115年）5月施行，屆時請收到監理機關換照通知，再去叁加測驗，合格後發照。（民眾不必 也不得 提前要求換照）
換照題庫，請先模擬練習。",0,0,0,other,2025,2025|other,recent,recent
326,25ehz1bqtoz2e,2025-06-30 07:42:36.130000+00:00,TEXT,"生死之交：童話故事都不敢寫的劇情卻真實發生了

2001年，在美國亞特蘭大的一個毒梟窩點，發現了一只非洲獅，孟加拉虎和一只美洲黑熊，它們從小被關在一起，毒梟為了享樂曾經試圖讓他們互相殘殺，但發現他們寧可幾乎餓死，也從不攻擊彼此。

在被人們解救時，他們三個依偎在狹小的的地下室里，黑熊身上還戴著生銹的馬具，幾乎嵌進肉里，獅子鼻子上還有傷痕 ，老虎也嚴重營養不良。在得到救助后，為了安全，人們把他們和對應的族群放在一起，但發現分開后他們都抑郁到拒絕進食，直到工作人員最終決定，讓它們生活在一起。

于是三個好朋友每天一起玩樂打鬧，從共同死里逃生，到幾乎形影不離的陪伴了彼此十五年。獅子在 16 年最早去世，保護區為它制作了雕像，黑熊和老虎失去了好朋友，只能每天到雕像前溫柔地舔舐、擁抱，就像從前那樣，后來老虎和黑熊也相繼在18年和今年五月離世，被埋在了它們共同生活的土地上，三個好朋友團聚在另一片天地里，從年幼走到成熟再走到遲暮，三只本不可能在自然界和平共處的大型猛獸，卻能夠戰勝本能，三小無猜，在另一個時空里，也一定要做好朋友啊……",MIC_iJkB29ocKseukE3C,NOT_RUMOR,2025-09-27 01:17:59.873000+00:00,NOT_RUMOR,2129.589928611111,"生死之交：童話故事都不敢寫的劇情卻真實發生了

2001年，在美國亞特蘭大的一個毒梟窩點，發現了一只非洲獅，孟加拉虎和一只美洲黑熊，它們從小被關在一起，毒梟為了享樂曾經試圖讓他們互相殘殺，但發現他們寧可幾乎餓死，也從不攻擊彼此。

在被人們解救時，他們三個依偎在狹小的的地下室里，黑熊身上還戴著生銹的馬具，幾乎嵌進肉里，獅子鼻子上還有傷痕 ，老虎也嚴重營養不良。在得到救助后，為了安全，人們把他們和對",0,0,1,health,2025,2025|health,recent,recent
327,29iraib1cxr35,2025-11-26 13:27:59.052000+00:00,TEXT,"114-11-26 洛杉基 臉書

朋友週日到野柳一帶去玩，遇到不少東南亞觀光客。閒聊起來，才知道這些東南亞觀光客，每個人都拿到台灣政府5000元台幣旅遊補助款，吸引他們到台灣觀光旅遊。
大夥聽了，簡直是氣不打一處來！
行政院普發一萬元超收稅金給民眾，好像是多大恩惠似的，還假惺惺地說，行政院沒錢要動用預備金才能支付。結果拿5000元台幣賄賂東南亞觀光客來台灣旅遊，就大方得像暴發戶？真是TMD混蛋透頂！
這些東南亞觀光客，有幾個真的是來消費的？有多少女孩是趁機來台灣撈皮肉錢，把5000變成5萬回去的？
台灣人也真是賤，普發1萬元還要鬧內訌，挺綠的說不該拿這一萬元給政府造成負擔，寧可把這些錢拿去填補台電的鉅額虧空；反綠陣營則說本來就是我的為何不拿？ 有些綠色貴婦們還噴糞說：區區一萬元連買菜都不夠！ 而多數街友們說，一萬元可以讓他們一個月不致餓肚子。
政府送出5000元給這些沒在台灣繳過稅的東南亞國家遊客，眼睛都不眨一下，給台灣人一萬元就在那邊五四三。臥槽，在你們民進黨政客眼裡，台灣人比東南亞人低賤好欺負是嗎？
明明有大批有錢的大陸客想來台灣觀光消費，賴政府把他們當毒蛇猛獸、木馬屠城的間諜，打死都不讓他們來；卻寧可用5000元一頭，賄賂那些小氣的東南亞觀光客來台灣充場面，好給奄奄一息的台灣旅遊業吊點滴，讓他們不再罵政府無能。
這個政府送錢出去給外國、美國的時候，都是以億元為單位，一點都不心疼，把超收的稅金返回給民眾，就在那邊不停叫窮。這種無能政府怎麼還有臉繼續尸位素餐下去？
https://www.facebook.com/share/17ojcd9UkB/",pxnBw5oBElZarx-VIrhy,RUMOR,2025-11-27 05:20:05.744000+00:00,RUMOR,15.868525555555555,"114-11-26 洛杉基 臉書

朋友週日到野柳一帶去玩，遇到不少東南亞觀光客。閒聊起來，才知道這些東南亞觀光客，每個人都拿到台灣政府5000元台幣旅遊補助款，吸引他們到台灣觀光旅遊。
大夥聽了，簡直是氣不打一處來！
行政院普發一萬元超收稅金給民眾，好像是多大恩惠似的，還假惺惺地說，行政院沒錢要動用預備金才能支付。結果拿5000元台幣賄賂東南亞觀光客來台灣旅遊，就大方得像暴發戶？真是TMD混蛋透",1,0,0,scam,2025,2025|scam,recent,recent
328,1kr5bid19qgbt,2025-07-08 04:22:05.961000+00:00,TEXT,"公司不需要你投資一分錢的 也不需要寄卡片和簿子 開始先辦理入職 
通過後要用記錄本記錄每天要整理進貨單和填寫進貨材料",akKDs50BYNn_1SiY8Ytl,RUMOR,2026-04-22 04:47:41.924000+00:00,RUMOR,6912.426656388889,"公司不需要你投資一分錢的 也不需要寄卡片和簿子 開始先辦理入職 
通過後要用記錄本記錄每天要整理進貨單和填寫進貨材料",2,0,0,scam,2025,2025|scam,recent,recent
329,w4hs34gdsken,2025-04-18 16:11:07.238000+00:00,TEXT,"網傳文章作者提及的遭遇很令人遺憾，不過此刻立法院中的藍白多數才是霸凌全台灣民眾的始作俑者。

- 大罷免不是民進黨發起的，是全國各地公民志工各自發起，最早在2024年5月立法院國會擴權法案使公民開始醞釀罷免行動，關鍵在於有沒有在地居民願意發起，以及願意響應擔任志工的人數是否足夠。罷免團體在2024年11月～2025年1月陸續成立，例如李彥秀的罷免團體在11月正式組成。徐巧芯的罷免團體在12月成立，陳玉珍的罷免團體則是在1月才成立。(資料：Newtalk 2024/11/26)

- 柯建民是在2025/1/17第一次呼籲民進黨也要加入民眾大罷免的行列。（資料：上報 2025/1/17）

- 民進黨是在2025/3/19才正式加入民眾發起的大罷免活動（資料：鏡新聞 2025/3/19）

- 如果不是因為2024年第11屆藍白立委自上任以來就亂修法至今，根本不會有現在的大罷免，民眾只是想要一個可以正常開會、正常立法、正常質詢、正常審預算、遵守立法程序的立法委員。

以下是未經實質討論、藍白沒有任何立委投反對票、藉立院多數席次優勢三讀通過的法案：

1.「立法院職權行使法」修法：此擴權法案已被大法官宣告違憲。

2. 「就業服務法」：80歲以上老人免巴氏量表可申請看護。台灣的看護人力原本就短缺，這法案會造成看護寧願選擇為健康的老人工作，使得真正需要看護的臥床老人找不到看護。

3. 「財劃法」：立委將中央統籌分配款預算砍掉直接給各地方政府，而且事權沒有跟著轉移到地方，等於是未規範預算用途，直接拿錢。過去是中央有規劃把錢分給地方執行，包含如何驗收都有標準。預算放在中央有全國民眾監督，放在地方，誰會把關？有多少人關心過台中市、桃園市、新竹縣/市、花蓮縣、雲林縣、苗栗縣、南投縣議會的質詢？

4. 「憲法訴訟法」提高釋憲門檻：法律有可能因為過時或特殊狀況導致民眾權益受侵害，憲法法庭就是民眾提出救濟的機會，但立委卻提高釋憲門檻，設計了一個無法做出「違憲」判決的規定。(資料：報導者 2024/12/21)

5. 「中央總預算案」：二讀前藍白提出三千多個預算案，亂刪、重複刪、甚至刪超過部門預算，刪「業務費」（水電、印表機墨水紙張這類費用）讓政府機關無法運作。藍白立委甚至砍維護國家主權最重要的機關預算：國防、外交。監察院遭大刪96％業務費，總統府業務費也遭刪凍73％，哪個國家的立委會把所有政府機關的預算刪凍到幾乎無法運作？(資料：Yahoo 2025/2/18、公督盟 2025/1/22、報導者 2025/1/21)

6. 「公職人員選舉罷免法」提高罷免門檻：要求罷免案第一階段提議人、第二階段連署人，填具時，應附本人之國民身分證正反面影本。（資料：Yahoo 2025/2/18）


- 以下是藍白立委打算再次提案的：（資料：自由時報 2025/3/24）

●國會濫權法案捲土重來 1.刑法增訂藐視國會罪 2.立法院職權行使法修正 進度：憲法法庭宣告部分條文違憲無效，翁曉玲：「那我們就再修法」

●位處地震斷層帶的老舊核三廠破格延役 3. 核子反應器設施管制法第六條修正 4. 核子反應器設施延役條例 進度：委員會審查中

●提高罷免投票過案門檻（當選票數＋1）剝奪人民罷免權 5. 公職人員選舉罷免法第七十五條及第九十條修正 進度：委員會審查完畢

●違法中天重新上架，新聞台萬年執政 6. 衛星廣播電視法 進度：委員會審查中

●NCC委員由國會自己提名、自己同意 7.通傳會組織法 進度：曾提案，可捲土重來

●救國取回不當黨產 8.政黨及其附隨組織不當取得財產處理條例修正 進度：委員會審查中

●花蓮大撒幣、生態大破壞、國庫大掏空 9.花東快速公路建設特別條例草案 10.環島高速鐵路建設特別條例草案 11.國道六號東延花蓮建設特別條例草案 進度：委員會審查完畢

●禁限制水域去主權化，離島水域協商排除 5-3 民主防衛條款 12. 兩岸人民關係條例第29條修正 進度：委員會審查中

●縮短中配取得身份年限為四年 13. 兩岸人民關係條例第17條修正 進度：委員會審查中

●剝奪總統國家安全大政方針決策權，讓馬文君染指國安事務 14.國家安全戰略法草案 進度：委員會審查中

●建設金馬澎為中國「一國兩制」實驗區 16.離島建設條例 進度：委員會審查中

●有錢老人免繳健保費 18.老人福利法修正 進度：逕付二讀


- 以下是民進黨立委提案強化國安，遭藍白立委阻擋未進入排案或審查後被否決：

1. 沈伯洋國安提案，要求立委赴中國須報備，此法案就遭程序委員會違法退回超過26次，連排案都不給排。(資料：太報 2025/3/18)

2. 國家安全法、陸海空軍刑法、國家情報工作法、兩岸條例，和陸海空軍軍士官服役條例等；但是僅部分付委審查，大部⋯⋯",9-n8SpgBDktNo1YhRQxa,OPINIONATED,2025-07-27 08:25:03.578000+00:00,OPINIONATED,2392.2323166666665,"網傳文章作者提及的遭遇很令人遺憾，不過此刻立法院中的藍白多數才是霸凌全台灣民眾的始作俑者。

- 大罷免不是民進黨發起的，是全國各地公民志工各自發起，最早在2024年5月立法院國會擴權法案使公民開始醞釀罷免行動，關鍵在於有沒有在地居民願意發起，以及願意響應擔任志工的人數是否足夠。罷免團體在2024年11月～2025年1月陸續成立，例如李彥秀的罷免團體在11月正式組成。徐巧芯的罷免團體在12月成立，",0,2,0,political,2025,2025|political,recent,recent
330,d0lkz0a568y1,2026-01-13 12:14:14.320000+00:00,TEXT,https://youtu.be/SY-r96BcmMg?si=Ba3cMd4fukficgQa,DdWPt5sBrQ7DCeIzqqnd,RUMOR,2026-01-13 13:33:24.570000+00:00,RUMOR,1.3195138888888889,https://youtu.be/SY-r96BcmMg?si=Ba3cMd4fukficgQa,0,0,0,other,2026,2026|other,recent,recent
331,2rbe0iyng1k36,2026-03-24 12:18:34.825000+00:00,TEXT,"香港今天最大的新聞：
修改港版國安法第43條修改，機場的執法警察及
全香港的警務人員可以隨意地要求任何一位民眾及任何一家公司交出電子設備(包括比电手机平板)的開機及檔案密碼！
如果不交就直接定位為犯罪，罰款100,000港幣或拘禁一年。在香港转机請特別注意‼️
即日起實施！",Y0itJZ0BB0eXeo82CUnV,NOT_RUMOR,2026-03-25 15:46:30.484000+00:00,NOT_RUMOR,27.46546083333333,"香港今天最大的新聞：
修改港版國安法第43條修改，機場的執法警察及
全香港的警務人員可以隨意地要求任何一位民眾及任何一家公司交出電子設備(包括比电手机平板)的開機及檔案密碼！
如果不交就直接定位為犯罪，罰款100,000港幣或拘禁一年。在香港转机請特別注意‼️
即日起實施！",1,1,0,scam,2026,2026|scam,recent,recent
332,38eicrib0d2ws,2025-12-03 22:18:50.594000+00:00,TEXT,"新冠疫苗造成的癌症病例爆發

一項涵蓋800萬人的研究證實，接種新冠疫苗的人群中致命癌症病例激增

弗蘭克·伯格曼
2025年9月28日 下午12:54

一項史上規模最大的研究證實，多種致命癌症在接種新冠mRNA疫苗的人群中正呈現爆炸性成長。

研究結果證實了先前關於「癌症爆發」的報道，而主流媒體和所謂的＂事實查核員＂長期以來一直將其斥為陰謀論。

這項由韓國頂尖研究人員進行的大規模同行評審研究追蹤了多達840萬人的數據。

這項研究由韓國慶仁省軍事人力廳骨科的洪鎮金博士和金敏浩博士領導的研究團隊完成。

他們的研究成果發表在醫學期刊《生物醫學中心》（BMC）。

研究人員在受試者接種新冠病毒mRNA疫苗後，監測了他們罹患幾種致命癌症的情況。

結果令人震驚。

接種後癌症發生率飆升

研究人員發現，接種疫苗僅一年後，六種主要癌症的發生率就出現了顯著上升：

• 攝護腺癌：+69%

• 甲狀腺癌：+35%

• 胃癌：+33%

• 大腸直腸癌：+28%

• 肺癌：+53%

• 乳癌：+20%

研究人員警告，這些並非小幅上升。

Study of 8 Million Confirms Deadly Cancers Surging Among Covid-Vaxxed

Frank Bergman

September 28, 2025 - 12:54 pm

One of the largest studies in history has just confirmed that multiple deadly cancers are skyrocketing among people who received Covid mRNA “vaccines.”

The findings confirm reports of a “turbo cancer” epidemic that has long been dismissed by the corporate media and so-called “fact-checkers” as a “conspiracy theory.”

A massive peer-reviewed study from leading researchers in South Korea tracked a staggering 8.4 million people.

The study was conducted by a team of South Korean researchers led by Dr. Hong Jin Kim and Dr. Min-Ho Kim of the Department of Orthopedic Surgery at the Kyung-in Regional Military Manpower Administration.

Their findings were published in the Biomed Central (BMC) medical journal.

Participants were monitored for several deadly cancers after they received a Covid mRNA injection.

The results are nothing short of catastrophic.

Cancer Rates Skyrocketing Post-Vaccination

Within just one year of vaccination, researchers documented dramatic increases across six major cancers:

• Prostate cancer: +69%

• Thyroid cancer: +35%

• Stomach cancer: +33%

• Colorectal cancer: +28%

• Lung cancer: +53%

• Breast cancer: +20%

These are not minor upticks, the researchers warn.",KP4x9poBNXI5ecaqrLTB,RUMOR,2025-12-07 00:24:01.983000+00:00,RUMOR,74.08649694444445,"新冠疫苗造成的癌症病例爆發

一項涵蓋800萬人的研究證實，接種新冠疫苗的人群中致命癌症病例激增

弗蘭克·伯格曼
2025年9月28日 下午12:54

一項史上規模最大的研究證實，多種致命癌症在接種新冠mRNA疫苗的人群中正呈現爆炸性成長。

研究結果證實了先前關於「癌症爆發」的報道，而主流媒體和所謂的＂事實查核員＂長期以來一直將其斥為陰謀論。

這項由韓國頂尖研究人員進行的大規模同行評審研究",0,0,4,health,2025,2025|health,recent,recent
333,22ret0wmkgddi,2025-11-08 06:12:33.392000+00:00,TEXT,一個人只能領到一次 我們全程幫你辦理也不會收取你任何費用 但是援助款下來的金額需要分給我們公司5趴~5% 比方一百萬要分5萬給我們 所以我們會盡量幫你申請最高的額度 能理解嗎？,ABk2vpoBElZarx-Vi69g,RUMOR,2025-11-26 03:30:37.021000+00:00,RUMOR,429.30100805555554,一個人只能領到一次 我們全程幫你辦理也不會收取你任何費用 但是援助款下來的金額需要分給我們公司5趴~5% 比方一百萬要分5萬給我們 所以我們會盡量幫你申請最高的額度 能理解嗎？,0,0,0,other,2025,2025|other,recent,recent
334,2avmgjc1ayg4v,2025-06-06 09:52:35.493000+00:00,TEXT,https://youtu.be/Y4BgEYQ2yoU?si=-oxoGk34tHbARoqg,YuhI8pcBDktNo1YhJWMj,RUMOR,2025-07-10 03:01:43.843000+00:00,RUMOR,809.1523194444445,https://youtu.be/Y4BgEYQ2yoU?si=-oxoGk34tHbARoqg,0,0,0,other,2025,2025|other,recent,recent
335,2pya9fk80l87a,2025-06-27 02:40:08.811000+00:00,TEXT,"📢【重要公告｜中國民航局新規：充電寶攜帶限制】

根據中國民航局發布之最新通知，自 2025年6月28日起，針對搭乘中國境內航班之旅客，行動電源（充電寶）需符合以下規定，否則禁止攜帶登機：

🔺 禁止攜帶下列類型的充電寶：

無「3C標誌」（中國強制性產品認證）的充電寶

3C標誌模糊不清或損壞無法辨識者

已被官方召回的充電寶型號或批次

📌特別提醒：
由於港澳台航線歸類較為模糊，即日起建議所有赴中國旅客，如需攜帶行動電源，請務必確認產品上有清晰的3C標誌，以免於安檢時被機場人員查獲沒收。

🔗 官方資訊來源：https://www.caac.gov.cn/XWZX/MHYW/202506/t20250626_227805.html",gr_J85gB6nor6FKt5SFy,OPINIONATED,2025-08-29 03:05:51.729000+00:00,OPINIONATED,1512.4285883333332,"📢【重要公告｜中國民航局新規：充電寶攜帶限制】

根據中國民航局發布之最新通知，自 2025年6月28日起，針對搭乘中國境內航班之旅客，行動電源（充電寶）需符合以下規定，否則禁止攜帶登機：

🔺 禁止攜帶下列類型的充電寶：

無「3C標誌」（中國強制性產品認證）的充電寶

3C標誌模糊不清或損壞無法辨識者

已被官方召回的充電寶型號或批次

📌特別提醒：
由於港澳台航線歸類較為模糊，即日起建議所有",0,1,0,political,2025,2025|political,recent,recent
336,254icg08nfn7t,2025-07-24 00:15:51.566000+00:00,TEXT,這太貴了，進休息站尿一泡…………可就是3000元以上，錢難賺！告知大家，看到限速40公里，立即降速，或許告看到示牌再20公尺就有照相機等待你…………,NOjVPJgBDktNo1Yh-fMz,OPINIONATED,2025-07-24 14:28:32.690000+00:00,OPINIONATED,14.211423333333334,這太貴了，進休息站尿一泡…………可就是3000元以上，錢難賺！告知大家，看到限速40公里，立即降速，或許告看到示牌再20公尺就有照相機等待你…………,1,0,0,scam,2025,2025|scam,recent,recent
337,1loit6obzz3ry,2025-06-23 03:21:58.955000+00:00,TEXT,"基因醫生張家銘

頂尖研究認證 : 輕柔刺激臉和脖子，就能幫助清除腦內廢物 

我在門診常常會聽到病人說：「最近腦袋很不清楚」、「東西老是記不住」、「反應好慢，整個人像卡住一樣。」但奇怪的是，他們沒有發燒，也沒有感冒，睡眠也不算太差，就是覺得腦子不靈光。有人開始懷疑：「是不是年紀到了？」也有人歸咎於壓力太大、事情太多。

但最近研究找到背後很可能還有一個被忽略的原因：大腦裡的代謝廢物，清不出去。 就像家裡的水管淤積了油垢和雜質，水流就會越來越慢，大腦的思緒也是一樣。不是壞掉了，而是「堵住了」。

是的，我們的腦部每天都會產生代謝廢物，像是大家常聽到的β類澱粉蛋白或tau蛋白，這些如果沒被好好清走，就會堆在腦裡，一點一滴造成阿茲海默症或者是帕金森氏症。而清除這些廢物的主角，就是我們的腦脊髓液。
但問題來了：隨著年紀增長，這套清道夫系統的排水管道會「老舊」，流不動了。

清腦排水管，其實就在臉和脖子這裡

2025年期刊《Nature》發表了一篇讓我們耳目一新的研究。韓國與美國的團隊發現，腦脊髓液其實可以從臉部與脖子的表層淋巴管排出，重點是：這條路徑我們平常根本沒在注意！

研究人員用螢光示蹤劑追蹤腦脊髓液的流向，發現它會從腦底部的淋巴管，一路流經眼眶、鼻腔、硬顎的淋巴網絡，最後走到我們下巴與脖子之間的淺層頸部淋巴管，進入下頷下的淋巴結。

這條排水通道，不用動刀也能打開。只要「輕輕按一按」，效果就很好。

研究團隊設計了一個可精準控制力道的按摩裝置，模擬日常的臉部撫摸、刮鬍子、塗保養品這些動作，結果發現：

只要低強度地按摩臉頰與脖子5分鐘，腦脊髓液的排出量就能增加2倍以上。如果再延長至20分鐘，效果更明顯。而且這種方式完全不需要開刀、打針或吃藥，是一種真正溫和又容易執行的「腦排毒運動」。

老了之後，也還能「清得動」腦袋

這個研究最令人振奮的是，它在高齡老鼠身上也成功了。研究裡的老鼠已經90週齡，相當於人類八、九十歲，但透過這樣的皮膚刺激，他們的CSF排出功能幾乎完全恢復，跟年輕時差不多。
這代表什麼？不是老了腦袋就一定要卡卡的。只要方式對，循環還是可以改善！

吃東西、講話、咀嚼，也是在幫助腦袋排毒？

更有趣的是，這些腦脊髓液的淋巴通道，竟然也包含了我們的「硬顎」，也就是上顎骨與牙齒所在的地方。這讓研究者開始推測，日常的咀嚼、說話、吞嚥這些動作，很可能本身就具備刺激排毒通道的效果。
也就是說，我們天生的生活節奏裡，本來就藏著「清腦」的動作，只是我們從來沒意識到。

原來，腦霧的感覺，可能可以被解開

腦霧、認知退化、注意力不集中，甚至頭部受傷後的腦水腫，很多都跟腦脊髓液排出功能有關。這項研究告訴我們：其實不是只有藥物或手術能幫忙，一點點有技巧的輕按，也可能打開卡住的大門。

「輕柔」的觸碰，可能就是下一場腦部保健革命的起點

我們總以為醫療一定要侵入性才有效。但這篇研究提醒我們：溫柔的力量，有時反而最深層。

也許明天起，洗臉時多花10秒，沿著鼻翼、臉頰、下巴向下撫過脖子，就是送給自己的一份「清腦保養」。看似簡單的動作，可能正悄悄守護著我們的記憶、專注與清晰。

我們從這個研究裡學到一件事：真正重要的健康管理，不見得要複雜，而是要懂得去喚醒那些身體原本就有的力量。

參考資料
Increased CSF drainage by non-invasive manipulation of cervical lymphatics. Nature. 2025",XOiG55cBDktNo1Yh4k-B,NOT_RUMOR,2025-07-08 00:54:26.176000+00:00,NOT_RUMOR,357.5408947222222,"基因醫生張家銘

頂尖研究認證 : 輕柔刺激臉和脖子，就能幫助清除腦內廢物 

我在門診常常會聽到病人說：「最近腦袋很不清楚」、「東西老是記不住」、「反應好慢，整個人像卡住一樣。」但奇怪的是，他們沒有發燒，也沒有感冒，睡眠也不算太差，就是覺得腦子不靈光。有人開始懷疑：「是不是年紀到了？」也有人歸咎於壓力太大、事情太多。

但最近研究找到背後很可能還有一個被忽略的原因：大腦裡的代謝廢物，清不出去。 ",0,0,0,other,2025,2025|other,recent,recent
338,2rijfyad02fqx,2025-07-11 04:11:45.846000+00:00,TEXT,"有錢拿？？？

@All： 終於讓我親眼看到明目張膽的民進黨惡質作為，更悲哀的是還有這麼多的愚民，為了蠅頭小利出賣自己對國家民族的認同！

今天早上，從花蓮海邊搭計程車到花蓮火車站，途中聽到司機用無線電及手機呼朋引伴參與罷免打手的行列，費用如下：計程車貼支持罷免的文宣廣告一台1500元台幣到7/26日，路口搖旗吶喊口號的一天1000元！

這麼明目張膽肆無忌憚的膽大妄為，今天讓我親眼見識到了！
我還跟司機開玩笑的說（不錯ㄟ！有外快可以賺，司機笑著說：時機不好，錢難賺加減賺一點啦！傻眼⋯）

為了國家存亡之際，7/26日我不但要去投下“罷免不同意票”！！！

還要；從現在開始更加喚醒周遭的親朋好友一起站出來去投下“不同意罷免票”！！！
來反制（民進黨）這種卑劣手段！",oeg_-pcBDktNo1Yhl3QB,RUMOR,2025-07-11 16:09:20.895000+00:00,RUMOR,11.959735833333331,"有錢拿？？？

@All： 終於讓我親眼看到明目張膽的民進黨惡質作為，更悲哀的是還有這麼多的愚民，為了蠅頭小利出賣自己對國家民族的認同！

今天早上，從花蓮海邊搭計程車到花蓮火車站，途中聽到司機用無線電及手機呼朋引伴參與罷免打手的行列，費用如下：計程車貼支持罷免的文宣廣告一台1500元台幣到7/26日，路口搖旗吶喊口號的一天1000元！

這麼明目張膽肆無忌憚的膽大妄為，今天讓我親眼見識到了！
我",1,2,0,political,2025,2025|political,recent,recent
339,2n7y4rtt5k4pl,2025-10-29 13:51:43.782000+00:00,TEXT,"給它用力傳～

反對！反對，反對

穿新衣服的代價是新台幣500億元😱
台幣改版需花費500億元，將由全民買單。

針對新台幣是否改版？中央銀行總裁楊金龍在立法院財委會表示，既然促進轉型正義條例已通過，新台幣圖案若涉及威權象徵，只要做出新台幣改版決定，「那我們就依法行政」。

前總裁彭淮南表示改版要花新台幣500億元。
📣如果你不想支付這筆費用，請用力分享出去。
團結，力量就是大。💪💪💪

爛政府全部在做沒意義的事！為何不把資源放在教育、培育未來的下一代？

不懂現在的政府在做什麼事？這就是改革嗎？

到底有沒有深入人民的生活，有多少人找不到工作，已經快民不聊生了~

500億如果可以給小朋友，供應免費營養午餐，或小學，學費全免費，這樣可以幫助多少家庭？

無端莫名其妙編造理由浪費爛發人民500億改版新台幣？！

又打水漂製造不能下水的潛艦500億？！

還要編列9 5 00億國防預算向美國買破銅爛鐵的武器？！

真是可惡至極！台積電又被流氓美國搶走！台灣已確確實實真正被民進黨掏空的一窮二白！蒼生百姓準備過水深火熱的生活！去吃土吧？！

認同的大家用力傳出去~",grC-M5wBRkUkW3J-QhrP,RUMOR,2026-02-06 16:17:12.907000+00:00,RUMOR,2402.4247569444447,"給它用力傳～

反對！反對，反對

穿新衣服的代價是新台幣500億元😱
台幣改版需花費500億元，將由全民買單。

針對新台幣是否改版？中央銀行總裁楊金龍在立法院財委會表示，既然促進轉型正義條例已通過，新台幣圖案若涉及威權象徵，只要做出新台幣改版決定，「那我們就依法行政」。

前總裁彭淮南表示改版要花新台幣500億元。
📣如果你不想支付這筆費用，請用力分享出去。
團結，力量就是大。💪💪💪

爛政府",1,0,0,scam,2025,2025|scam,recent,recent
340,27d76xjq3bgvn,2025-06-30 11:33:26.632000+00:00,TEXT,"遊日勿喝！經典飲料「恐混入金屬碎片」　全家回收227萬瓶 | 壹蘋新聞網 | LINE TODAY

https://liff.line.me/1454987169-1WAXAP3K/v2/article/5yl72r7?utm_source=lineshare",y14KxJcBfs35m9MiEFvt,NOT_RUMOR,2025-07-01 03:31:23.501000+00:00,NOT_RUMOR,15.965796944444444,"遊日勿喝！經典飲料「恐混入金屬碎片」　全家回收227萬瓶 | 壹蘋新聞網 | LINE TODAY

https://liff.line.me/1454987169-1WAXAP3K/v2/article/5yl72r7?utm_source=lineshare",0,0,0,other,2025,2025|other,recent,recent
341,3dikm0se171uz,2025-04-11 07:23:44.608000+00:00,TEXT,安安唷，請問你是想了解我們的工作內容嗎？,j1yJz5YBfs35m9Mi67OO,RUMOR,2025-05-14 16:04:04.621000+00:00,RUMOR,800.6722258333333,安安唷，請問你是想了解我們的工作內容嗎？,0,0,0,other,2025,2025|other,recent,recent
342,1lk9dc6yx7hu2,2025-11-12 22:36:49.830000+00:00,TEXT,https://vocus.cc/article/68afccdffd8978000110cbc9,pLXKepoBiuCfV4cpTn3u,OPINIONATED,2025-11-13 01:17:50.189000+00:00,OPINIONATED,2.683433055555556,https://vocus.cc/article/68afccdffd8978000110cbc9,0,0,0,other,2025,2025|other,recent,recent
343,390pjfk1bqn0p,2025-09-24 15:23:27.775000+00:00,TEXT,"救災最優先，國軍辛苦了。海軍陸戰隊AAV-7兩棲突擊車也加入運送物資，以最即時方式幫助災民。

總統第一時間已請行政團隊全力投入協助花蓮縣府與受困民眾，務求盡力確保國人生命財產安全，並捐出一個月所得到專戶，盼不分中央地方共同支援花蓮，讓受災地區早日重建、受災民眾獲得更多支持，儘速重建家園、恢復日常生活。

衛福部財團法人賑災基金會「0923花蓮馬太鞍溪堰塞湖災害募款專案」

戶名：財團法人賑災基金會
銀行名稱：土地銀行長春分行（005）
銀行帳號：102-005-201-966

https://www.facebook.com/share/v/16kAqZqrhJ/?mibextid=wwXIfr",GoCNfpkB29ocKseuGzsK,NOT_RUMOR,2025-09-25 01:46:40.777000+00:00,NOT_RUMOR,10.386945,"救災最優先，國軍辛苦了。海軍陸戰隊AAV-7兩棲突擊車也加入運送物資，以最即時方式幫助災民。

總統第一時間已請行政團隊全力投入協助花蓮縣府與受困民眾，務求盡力確保國人生命財產安全，並捐出一個月所得到專戶，盼不分中央地方共同支援花蓮，讓受災地區早日重建、受災民眾獲得更多支持，儘速重建家園、恢復日常生活。

衛福部財團法人賑災基金會「0923花蓮馬太鞍溪堰塞湖災害募款專案」

戶名：財團法人賑災基金",0,1,0,political,2025,2025|political,recent,recent
344,tec2rb1jzgyc,2025-08-21 12:32:53.510000+00:00,TEXT,"〔健康頻道／綜合報導〕1名50歲飲食清淡的女性迷上追劇，三餐以青菜水果、稀飯、湯湯水水為主，體重也沒大幅改變，但身體開始容易沒力，蹲下後站起來不順，走路也覺得有些腳軟。科博特診所院長劉博仁表示，經診斷後發現，短短半年間，其肌肉竟然流失1.5公斤，也是典型的「隱性肌少症」前兆。

 
蛋白質助攻修復免疫力、荷爾蒙
劉博仁指出，蛋白質是維持肌肉的關鍵營養素，也是我們免疫力、酵素、荷爾蒙、修復系統的原料來源。根據地中海飲食的原則，建議攝取優質蛋白質來源，尤其是魚類與白肉，取代紅肉，可以減少慢性發炎與心血管風險。

醫師表示，蛋白質是維持肌肉的關鍵營養素，也是免疫力、荷爾蒙、修復系統的原料；並建議攝取魚類與白肉，可減少慢性發炎等風險。

劉博仁進一步說明，如果以魚類蛋白質為例，常見魚類的蛋白質含量，若以100克可食部位計算，生鮭魚約20克蛋白質、熟鯖魚約22克蛋白質、熟秋刀魚約21克蛋白質。簡單換算方式為：一片手掌大小的魚排、厚度約1.5公分，大約含20-25克蛋白質，相當於3顆雞蛋的蛋白質份量。

至於雞蛋部分，劉博仁說，1顆中型雞蛋約含6-7克蛋白質，以60公斤體重的成人來說，每天建議攝取約60克蛋白質；也就是說，一天三餐平均攝取20克，就能達標60克蛋白質。若採視覺化估算蛋白質份量，可使用以下「手掌估算法」：

• 一個手掌大小的魚排=20-25克蛋白質。

• 一個拳頭大小的豆腐塊=約8-10克蛋白質。

• 一個雞蛋=約6-7克蛋白質。

• 一杯豆漿（250ml）=約7-10克蛋白質。

深蹲運動有助防止肌肉流失
此外，劉博仁說，攝取蛋白質只是第一步，要防止肌肉流失，一定要搭配肌力運動。尤其是核心肌群，對於穩定姿勢、避免腰痠背痛非常重要。以核心運動來說，尤其推薦深蹲。另，運動後30分鐘內補充蛋白質，效果最佳。

劉博仁提醒，腎功能正常者可以放心攝取蛋白質，若有腎臟疾病，請先諮詢醫師或營養師。飲食均衡、蛋白質足夠，加上適當運動，才是保肌保健康的關鍵。",2Rkq7ZoBElZarx-Vmf8_,OPINIONATED,2025-12-05 06:19:43.289000+00:00,OPINIONATED,2537.7804941666664,"〔健康頻道／綜合報導〕1名50歲飲食清淡的女性迷上追劇，三餐以青菜水果、稀飯、湯湯水水為主，體重也沒大幅改變，但身體開始容易沒力，蹲下後站起來不順，走路也覺得有些腳軟。科博特診所院長劉博仁表示，經診斷後發現，短短半年間，其肌肉竟然流失1.5公斤，也是典型的「隱性肌少症」前兆。

 
蛋白質助攻修復免疫力、荷爾蒙
劉博仁指出，蛋白質是維持肌肉的關鍵營養素，也是我們免疫力、酵素、荷爾蒙、修復系統的原料",0,0,2,health,2025,2025|health,recent,recent
345,1mcs7kklmq4rm,2025-11-11 01:53:47.808000+00:00,TEXT,"標題：
受今年第26號鳳凰颱風影響，桃園市交通資訊調整說明。
內文：
一、桃園市市區公車路線於114年11月11日（二）凌晨0時起至恢復上班日當天凌晨0時為止，以保留幹線及其他支線，以及部分往來新北市等路線減班營運之外，其餘路線採停駛方式，但客運業者將視風雨狀況縮駛、減班或停駛，營運情形詳見本市公車動態資訊網所公布之班次時刻表；各區免費公車、幸福巴士及觀光巴士路線則停駛。公車營運狀況至本市公車動態網https://ebus.tycg.gov.tw/ebus/ 查詢，另有關公路局國道客運路線可至 https://www.taiwanbus.tw/eBUSPage/Default.aspx?lan=C 查詢。

二、為避免民眾車輛於颱風期間有淹水疑慮，本市自11月11日7時起暫停路邊停車收費，並於11月11日0時起開放紅、黃線停車，惟交叉路口10公尺內、公車站牌10公尺內、消防栓前及消防通道兩側、橋樑等有妨害公共利益及交通秩序之虞者不開放停車，請注意安全。恢復路邊停車收費與停止開放紅、黃線停車時間，以本市災害應變中心宣布為準。

 三、為維護民眾騎乘安全，桃園YouBike各場站將於114年11月11日1時起全面暫停營運，服務中心也將停止營運，如有問題可洽詢桃園微笑單車客服專線03-286-8222；共享機車將於11月11日0時起全面停止營運，共享汽車維持營運，如有問題請洽詢下列業者網站https://www.event.ridegoshare.com/2025comay  或電洽客服專線（02-7743-0695）。以上租借服務恢復營運時間將視風雨狀況另行公告，若造成不便，敬請見諒。",6bXPcJoBiuCfV4cpU2z7,NOT_RUMOR,2025-11-11 02:47:06.998000+00:00,NOT_RUMOR,0.8886638888888889,"標題：
受今年第26號鳳凰颱風影響，桃園市交通資訊調整說明。
內文：
一、桃園市市區公車路線於114年11月11日（二）凌晨0時起至恢復上班日當天凌晨0時為止，以保留幹線及其他支線，以及部分往來新北市等路線減班營運之外，其餘路線採停駛方式，但客運業者將視風雨狀況縮駛、減班或停駛，營運情形詳見本市公車動態資訊網所公布之班次時刻表；各區免費公車、幸福巴士及觀光巴士路線則停駛。公車營運狀況至本市公車動態",1,0,0,scam,2025,2025|scam,recent,recent
346,i253ivbr44qo,2025-05-07 13:48:02.943000+00:00,TEXT,"淨空大師的母親去世，他寫的祭文看哭了14億中國人！！

「媽媽没了，才知道這輩子兒子已經做完了」~~~這句話真的觸痛到每個人心底的深處！

「母親雖只是一個平凡質樸的農村婦女，却是我情感世界的玉皇大帝。回家看母親的次數屈指可數。寫下這些文字，權作對母親的思念和悔罪•••••

1.苦日子過完了
媽媽却老了，
好日子開始了
媽媽却走了•••
這就是我苦命的媽媽

媽媽健在時
我遠遊了，
我回来時
媽媽却遠走了•••
這就是你不孝的兒子

2.媽媽生我時
剪斷的是我血肉的臍帶，這是我生命的悲壯

媽媽升天時
剪斷的是我情感的臍帶，這是我生命的悲哀

3.媽媽给孩子再多
總感到還有很多虧欠，

孩子給媽媽很少
都說是孝心一片

4.媽媽在時
“上有老”是一種表面的負擔，

媽媽没了
“親不待”是一種本質的孤單•••

再没人喊我“滿仔”了
才感到從未有過的空虚和飄渺，
再没人催我回家過年了，才感到我被可有可無了

5.媽媽在时
不覺得“兒子”是一種稱號和荣耀，

媽媽没了
才知道這輩子兒子已經做完了•••

下輩子做兒子的福分，還不知道有没有資格再輪到

6.媽媽在世
家鄉是我的老家，

媽媽没了
家鄉就只能叫做故鄉了•••

夢見的次數會越來越多，回去的次數會越來越少

7.小時候，媽媽的膝蓋是扶手，我扶着它學會站立和行走，

長大後，媽媽的肩膀是扶手，我扶着它學會闖蕩和守候

離家時，媽媽的期盼是扶手，我扶着它歷經風雨不言愁，

回家時，媽媽的笑臉是扶手，我扶着它洗盡風塵慰鄉愁

媽媽没了
我到哪兒去尋找我那依賴了一生的這扶手？

8.媽媽走了
我的世界變了，

世界變了
我的内心也變了，

我變成了没媽的孩子，變得不如能够扎根大地的一棵小草

母愛如天
我的天塌下來了，

母愛如海
我的海快要枯竭了•••

9.媽媽走了
什麼都快樂不起來了，

我問我自己
連樂都覺不出來了，
苦還會覺得苦嗎？

連苦樂都分辨不出了，生死還那麼敏感嗎？

連生死都可以度外了，得失還那麼重要嗎？

10.慈母萬滴血
生我一條命，

還送千行淚
陪我一路行，

愛恨百般濃
都是一樣情，

即便十分孝
難報一世恩，
  
萬千百十
一聲長嘆
嘆不盡人間母子情！

註：
如果你是孝子，請把這篇文章分享出去，讓更多的孝順兒女看到•••讓我們一起用這種接力的方式來感恩父母，回報父母~~~孝順父母不能等，讓我們用心去感恩。

不管你在幹嘛，都請為天下的媽媽轉一次！",b1zdrZYBfs35m9MipXh6,RUMOR,2025-05-08 03:08:26.361000+00:00,RUMOR,13.339838333333333,"淨空大師的母親去世，他寫的祭文看哭了14億中國人！！

「媽媽没了，才知道這輩子兒子已經做完了」~~~這句話真的觸痛到每個人心底的深處！

「母親雖只是一個平凡質樸的農村婦女，却是我情感世界的玉皇大帝。回家看母親的次數屈指可數。寫下這些文字，權作對母親的思念和悔罪•••••

1.苦日子過完了
媽媽却老了，
好日子開始了
媽媽却走了•••
這就是我苦命的媽媽

媽媽健在時
我遠遊了，
我回来時
媽",0,1,0,political,2025,2025|political,recent,recent
347,3aanesxjkohu3,2025-06-02 05:17:02.450000+00:00,TEXT,政院通令各機關!軍公教持「中國5 卡」恐遭註銷台灣身分,pV2hO5cBfs35m9MiFHB3,RUMOR,2025-06-04 15:48:21.750000+00:00,RUMOR,58.52202777777777,政院通令各機關!軍公教持「中國5 卡」恐遭註銷台灣身分,0,1,0,political,2025,2025|political,recent,recent
348,9xcn2tx0a0ci,2025-08-06 14:22:24.697000+00:00,TEXT,"機場新詐騙！航空經理示警「行李標籤」別亂丟　嚴重後果曝 | TVBS | LINE TODAY

https://liff.line.me/1454987169-1WAXAP3K/v3/article/wJyna7a?utm_source=lineshare",-A6BgpgBngzKCCgMjsha,NOT_RUMOR,2025-08-07 03:09:45.433000+00:00,NOT_RUMOR,12.789093333333332,"機場新詐騙！航空經理示警「行李標籤」別亂丟　嚴重後果曝 | TVBS | LINE TODAY

https://liff.line.me/1454987169-1WAXAP3K/v3/article/wJyna7a?utm_source=lineshare",1,0,0,scam,2025,2025|scam,recent,recent
349,3lcasvd0elfrq,2026-01-19 03:29:24.234000+00:00,TEXT,https://youtu.be/281bzXnZZ0M?si=Cc_jw_iszW5x0hVc,A5Va1JsB9EfTQQdN5sPw,RUMOR,2026-01-19 03:44:45.806000+00:00,RUMOR,0.2559922222222222,https://youtu.be/281bzXnZZ0M?si=Cc_jw_iszW5x0hVc,0,0,0,other,2026,2026|other,recent,recent
350,1i21xvlxiqs7u,2025-06-27 15:26:12.877000+00:00,TEXT,https://arlom.tw/index.php?m=Order&id=uy33qyOPa&tpl=detail&uid=9&ldtag_cl=66nAWk1eRPqL5HTwRHKzRwAA&lt_r=8sa,R79m75gB6nor6FKtjBpV,NOT_ARTICLE,2025-08-28 06:38:51.988000+00:00,NOT_ARTICLE,1479.2108641666666,https://arlom.tw/index.php?m=Order&id=uy33qyOPa&tpl=detail&uid=9&ldtag_cl=66nAWk1eRPqL5HTwRHKzRwAA&lt_r=8sa,0,0,0,other,2025,2025|other,recent,recent
351,3791kq5r1zxqs,2025-08-31 03:54:54.640000+00:00,TEXT,體重破百、嚴重糖尿病！醫揪「1健康食物」釀禍：不吃就好大半 https://share.google/gjq3UeVRZxGG3Vgoe,hb9e_pgB6nor6FKtVTIi,NOT_RUMOR,2025-08-31 04:24:11.809000+00:00,NOT_RUMOR,0.4881025,體重破百、嚴重糖尿病！醫揪「1健康食物」釀禍：不吃就好大半 https://share.google/gjq3UeVRZxGG3Vgoe,0,0,1,health,2025,2025|health,recent,recent
352,17clwdryqw8ef,2025-06-23 05:42:43.479000+00:00,TEXT,今年台灣陸軍官校招生又創新低，只有12人，這消息是真的嗎 ?,E153opcBfs35m9Mi5iKH,RUMOR,2025-06-24 15:04:16.262000+00:00,RUMOR,33.35910638888889,今年台灣陸軍官校招生又創新低，只有12人，這消息是真的嗎 ?,0,0,0,other,2025,2025|other,recent,recent
353,29rkry4i6c4vp,2025-09-20 13:44:59.379000+00:00,TEXT,用戶名還有密碼這些你想一個寫上去就好了 自己記一下 不用個資,n7E76JkBFga8s_RaFfqB,RUMOR,2025-10-15 14:16:50.304000+00:00,RUMOR,600.5308124999999,用戶名還有密碼這些你想一個寫上去就好了 自己記一下 不用個資,2,0,0,scam,2025,2025|scam,recent,recent
354,tz5zwhyc96io,2025-05-24 20:02:56.475000+00:00,TEXT,@All 請你們提供任一證件，以便我們工作室完成登記，感謝您的配合!,311YBJcBfs35m9MiNw2-,RUMOR,2025-05-24 22:09:39.774000+00:00,RUMOR,2.1120275,@All 請你們提供任一證件，以便我們工作室完成登記，感謝您的配合!,0,0,0,other,2025,2025|other,recent,recent
355,189uqhbxctb6q,2025-12-27 13:11:03.778000+00:00,TEXT,"☆注意～～
在捷運站內如看見刷票閘門小螢幕出現「免刷票，請速出站」告示，表示站內出事了，正在緊急疏散！
北捷的快速應變獲得網友肯定。",DPgXbZsBVJ6ThV4CfLGV,NOT_RUMOR,2025-12-30 02:30:14.420000+00:00,NOT_RUMOR,61.319622777777774,"☆注意～～
在捷運站內如看見刷票閘門小螢幕出現「免刷票，請速出站」告示，表示站內出事了，正在緊急疏散！
北捷的快速應變獲得網友肯定。",0,0,0,other,2025,2025|other,recent,recent
356,8xhnuht287me,2025-09-11 23:55:39.207000+00:00,TEXT,"【 聽到自殺式無人機的聲音要怎樣做：來自烏克蘭的教學 】

英譯：https://www.facebook.com/kateryna.yushchenko.3/posts/24783428547955782

原文：https://www.facebook.com/photo/?fbid=31208519165460565&set=a.798780243527857

以下是你聽到自殺式無人機的聲音後，在一分鐘內要做到的事。

你可以害怕，但你的動作要快，在你被恐懼癱瘓之前自救。

⸻

1. 聽到聲音了嗎？你現在沒有思考的權利。

不要分析。不要猜測。  

如果你聽到低沉的嗡嗡聲——立即行動。  

在30秒內，它可能就在你屋頂上方。  

⸻

2. 停止錄影。這不是電影。

沒有一段錄像值得你以生命為代價拍攝。

把手機收起來。  

碎片不會給出警告——它會殺人。

⸻

3. 逃離窗戶——它們是迷你手榴彈。

玻璃像刀片一樣飛舞。

窗戶是最危險的地方。

儘量移動到最遠的地方——理想情況下是公寓內部。

⸻

4. 找到兩面牆。

你和街道之間應至少有兩面堅固的牆。

有窗戶的廚房——不行。

沒有窗戶的浴室——可以。

走廊——完美。

⸻

5. 伏在地板上。不要說話。不要發問。

蹲下。用手掩護頭部。

碎片以弧形飛行——你必須在它的軌道的下方。

⸻

6. 人在戶外？趴下，躲在混凝土後。

圍欄——不行。

灌木叢——不行。

最好的選擇是蹲在混凝土牆後，或躲在地面上的任何凹陷中。

如果沒有任何遮蔽——就趴下。

⸻

7. 在車裡？令自己隱身，關掉引擎和燈光。

離開車輛，尋找避難所——地鐵、地下通道，或至少找個凹陷的地方。

躺在護欄、路邊或甚至車旁的柏油路上，必要時可以躲在車底。 

光和移動會引來無人機。

⸻

8. 捂住耳朵，張開嘴。

這可以保護你免受爆炸波的影響。

這是一個小動作，可以拯救你的聽力和肺部。

⸻

9. 在完全安靜至少10分鐘之前不要移動。

第二次襲擊是最狡猾的。

第一次爆炸後的沉默是一個陷阱。

等待。保持低調。

⸻

10. 現在你知道該怎麼做。

這意味著你已經更接近生還。

跟那些仍然不知道的人分享這一切。",ZJUNxZsB9EfTQQdNaagO,OPINIONATED,2026-01-16 04:25:49.068000+00:00,OPINIONATED,3028.5027391666667,"【 聽到自殺式無人機的聲音要怎樣做：來自烏克蘭的教學 】

英譯：https://www.facebook.com/kateryna.yushchenko.3/posts/24783428547955782

原文：https://www.facebook.com/photo/?fbid=31208519165460565&set=a.798780243527857

以下是你聽到自殺式無人機的聲",0,0,0,other,2025,2025|other,recent,recent
357,2v052t1i5byjs,2026-04-02 07:40:42.192000+00:00,TEXT,https://www.threads.com/@kanisleo328/post/DWlESkrFGk_?xmt=AQF00StTcHI4uUH_wIOeDq7BQ5pChmFNjF4_U-KqElRm077UQGwWFgZuVRujxHiYoFvCW-OPmQ&slof=1,EaCHd50BoX_cNU7jodow,NOT_RUMOR,2026-04-10 13:14:30.575000+00:00,NOT_RUMOR,197.56343972222223,https://www.threads.com/@kanisleo328/post/DWlESkrFGk_?xmt=AQF00StTcHI4uUH_wIOeDq7BQ5pChmFNjF4_U-KqElRm077UQGwWFgZuVRujxHiYoFvCW-OPmQ&slof=1,0,0,0,other,2026,2026|other,recent,recent
358,2oaxfa559bfi7,2025-05-07 07:11:09.366000+00:00,TEXT,"⚠️工作規定：

‼️前兩個禮拜為新人試用期，每個禮拜必須做滿十個時段，特殊原因請提早告知與培訓員請假",D7UXiJoBiuCfV4cpP5UE,RUMOR,2025-11-15 15:16:56.195000+00:00,RUMOR,4616.0963413888885,"⚠️工作規定：

‼️前兩個禮拜為新人試用期，每個禮拜必須做滿十個時段，特殊原因請提早告知與培訓員請假",0,0,0,other,2025,2025|other,recent,recent
359,zn307l9qmhjv,2025-07-30 02:46:08.322000+00:00,TEXT,"轉傳
美國課台灣關稅15% ，主要內容為：
1.台對美新增投資6650E(包含台積電原有的1650E)
2.鴻海加碼投資自動化工廠1000E
3.美豬牛全面開放進口
4.汽車關稅調降到5%外加每年低標輸入10萬輛美國車
5.Intel合資成立ASMC，台積持股49%intel51%",3Q5JaZgBngzKCCgMgJkl,RUMOR,2025-08-02 05:38:01.381000+00:00,RUMOR,74.86473861111111,"轉傳
美國課台灣關稅15% ，主要內容為：
1.台對美新增投資6650E(包含台積電原有的1650E)
2.鴻海加碼投資自動化工廠1000E
3.美豬牛全面開放進口
4.汽車關稅調降到5%外加每年低標輸入10萬輛美國車
5.Intel合資成立ASMC，台積持股49%intel51%",1,0,0,scam,2025,2025|scam,recent,recent
360,206gwx4x6yxah,2025-04-23 23:15:18.537000+00:00,TEXT,https://www.setn.com/m/news.aspx?utm_source=facebook&utm_medium=mainpage&utm_campaign=005&newsid=1645102,md66aJYBd1wAo0M4PFgL,NOT_RUMOR,2025-04-24 16:55:57.706000+00:00,NOT_RUMOR,17.677546944444444,https://www.setn.com/m/news.aspx?utm_source=facebook&utm_medium=mainpage&utm_campaign=005&newsid=1645102,0,0,0,other,2025,2025|other,recent,recent
361,27uz6c0kxtoyj,2026-01-12 07:33:55.618000+00:00,TEXT,https://www.msn.com/zh-tw/news/techandscience/line-1%E6%95%91%E5%91%BD%E5%8A%9F%E8%83%BD-%E9%A0%90%E8%A8%AD%E9%97%9C%E9%96%89-%E7%B6%B2%E5%96%8A%E5%BF%AB%E9%96%8B%E5%95%9F%E8%87%AA%E4%BF%9D-%E5%AE%98%E6%96%B9%E8%AD%89%E5%AF%A6%E4%BA%86/ar-AA1U1zg1?ocid=msedgdhp&pc=EDGEDB&cvid=69649f5954cb42bf90a469028f810ef4&ei=37,jdVttZsBrQ7DCeIzj6Qz,NOT_RUMOR,2026-01-13 03:36:54.835000+00:00,NOT_RUMOR,20.049782500000003,https://www.msn.com/zh-tw/news/techandscience/line-1%E6%95%91%E5%91%BD%E5%8A%9F%E8%83%BD-%E9%A0%90%E8%A8%AD%E9%97%9C%E9%96%89-%E7%B6%B2%E5%96%8A%E5%BF%AB%E9%96%8B%E5%95%9F%E8%87%AA%E4%BF%9D-%E5%AE%98%,0,0,0,other,2026,2026|other,recent,recent
362,5oavmrnkzohu,2025-07-22 02:05:55.502000+00:00,TEXT,我已經告訴營長去和將軍談談我提前退休的事，他告訴我，將軍說，如果我要提前退休，必須由我外面的朋友或親戚提交一封申訴信，而我沒有外面的朋友或親戚，我的女兒是我在全世界唯一的親人，她太小了，無法幫助我向將軍提交這封申訴信,vEfB75wBB0eXeo82gvVd,RUMOR,2026-03-15 04:29:22.396000+00:00,RUMOR,5666.390803888889,我已經告訴營長去和將軍談談我提前退休的事，他告訴我，將軍說，如果我要提前退休，必須由我外面的朋友或親戚提交一封申訴信，而我沒有外面的朋友或親戚，我的女兒是我在全世界唯一的親人，她太小了，無法幫助我向將軍提交這封申訴信,0,0,0,other,2025,2025|other,recent,recent
363,3fqvheottariv,2025-05-08 06:49:03.680000+00:00,TEXT,沒有先購買系統不會生出提領密碼 不能內扣,aqFZj50BoX_cNU7jxACw,RUMOR,2026-04-15 04:15:18.191000+00:00,RUMOR,8205.437364166666,沒有先購買系統不會生出提領密碼 不能內扣,1,0,0,scam,2025,2025|scam,recent,recent
364,2pq8ru39xs7xc,2026-02-09 10:32:25.925000+00:00,TEXT,https://youtu.be/QGcvWJ4jmLI?si=K138a4Bf2kdzhMRl,xEeA1ZwBB0eXeo82kc0J,RUMOR,2026-03-10 02:08:18.696000+00:00,RUMOR,687.5979919444445,https://youtu.be/QGcvWJ4jmLI?si=K138a4Bf2kdzhMRl,0,0,0,other,2026,2026|other,recent,recent
365,1ka7fwugl613e,2026-04-02 01:06:21.676000+00:00,TEXT,https://www.threads.com/@chinru.tw/post/DWlsgioCan_?xmt=AQF0wL2cH1WAuFdvbUyIdH8utKc5XyyjSy3DnwYmJyY-V7gyYvpHtRuy8p9ZxanQkvbwSxupTQ&slof=1,DqCHd50BoX_cNU7jidoa,NOT_RUMOR,2026-04-10 13:14:24.409000+00:00,NOT_RUMOR,204.1340925,https://www.threads.com/@chinru.tw/post/DWlsgioCan_?xmt=AQF0wL2cH1WAuFdvbUyIdH8utKc5XyyjSy3DnwYmJyY-V7gyYvpHtRuy8p9ZxanQkvbwSxupTQ&slof=1,0,0,0,other,2026,2026|other,recent,recent
366,pm90v0zqrozd,2025-11-11 01:19:46.233000+00:00,TEXT,"快報！
馬太鞍便橋剛剛被沖垮，
已報請主管機關管制，

請南下、北上車輛趕緊回頭
找其他代替道路！

剛剛救起一輛被沖入泥流的摩托車，
請大家告訴大家回頭找替代
路線，
這不是假新聞，請轉傳！",AbXVcJoBiuCfV4cpsW02,RUMOR,2025-11-11 02:54:04.084000+00:00,RUMOR,1.5716252777777775,"快報！
馬太鞍便橋剛剛被沖垮，
已報請主管機關管制，

請南下、北上車輛趕緊回頭
找其他代替道路！

剛剛救起一輛被沖入泥流的摩托車，
請大家告訴大家回頭找替代
路線，
這不是假新聞，請轉傳！",0,0,0,other,2025,2025|other,recent,recent
367,32opemh8tczi9,2025-04-26 03:00:15.770000+00:00,TEXT,"我們不先預收任何材料費用 押金 證件。全台都有工廠司機配送材料到府，材料做完以後，會有工作人員上門收取，當面點清數量，結算薪水！

你之前有做過其他的代工產品嗎.",UFxPopYBfs35m9Mi4mQq,RUMOR,2025-05-05 21:17:46.410000+00:00,RUMOR,234.29184444444445,"我們不先預收任何材料費用 押金 證件。全台都有工廠司機配送材料到府，材料做完以後，會有工作人員上門收取，當面點清數量，結算薪水！

你之前有做過其他的代工產品嗎.",1,0,0,scam,2025,2025|scam,recent,recent
368,2lftxsh56fp5n,2025-12-08 13:37:43.429000+00:00,TEXT,請幫我看看這是真的還是假的：https://cofacts.tw/article/2f4u_poBNXI5ecaqUMJo,PP5S_poBNXI5ecaq2cPv,NOT_ARTICLE,2025-12-08 14:17:13.966000+00:00,NOT_ARTICLE,0.6584825,請幫我看看這是真的還是假的：https://cofacts.tw/article/2f4u_poBNXI5ecaqUMJo,0,0,0,other,2025,2025|other,recent,recent
369,ivw0a1um28zp,2026-01-15 18:07:01.495000+00:00,TEXT,"陸委會強調，國人如有出國旅遊計畫，應循正當管道及合法程序申請目的地國家簽證，切勿申辦或使用「中國大陸邊境旅遊護照」，否則會被取消台灣身分。
來源：Yahoo News
https://share.google/DHsnBAYMn1qfpY6Fp",BtUww5sBrQ7DCeIzjb3v,NOT_RUMOR,2026-01-15 19:44:57.837000+00:00,NOT_RUMOR,1.6323172222222222,"陸委會強調，國人如有出國旅遊計畫，應循正當管道及合法程序申請目的地國家簽證，切勿申辦或使用「中國大陸邊境旅遊護照」，否則會被取消台灣身分。
來源：Yahoo News
https://share.google/DHsnBAYMn1qfpY6Fp",0,1,0,political,2026,2026|political,recent,recent
370,26g2r9y6kop4y,2025-05-25 03:37:38.039000+00:00,TEXT,https://youtu.be/QdazLpUka5w?si=LlGaDBsFXw7hUPKr,v12vO5cBfs35m9MiqXCK,RUMOR,2025-06-04 16:04:17.417000+00:00,RUMOR,252.44427166666668,https://youtu.be/QdazLpUka5w?si=LlGaDBsFXw7hUPKr,0,0,0,other,2025,2025|other,recent,recent
371,boubqxxjt4pu,2025-04-23 14:24:24.624000+00:00,TEXT,"👚誠徵網拍女裝模特兒👚

📷工作內容：協助廠商網拍女裝穿搭

📍工作地點：不限地區 

⏰工作時間：時間彈性 可自行安排

🧧薪資福利：日薪1500 

👚拍攝完服飾都是直接贈送

📱聯繫方式：0938285727",zd5nY5YBd1wAo0M4Kk9G,RUMOR,2025-04-23 16:07:07.590000+00:00,RUMOR,1.7119350000000002,"👚誠徵網拍女裝模特兒👚

📷工作內容：協助廠商網拍女裝穿搭

📍工作地點：不限地區 

⏰工作時間：時間彈性 可自行安排

🧧薪資福利：日薪1500 

👚拍攝完服飾都是直接贈送

📱聯繫方式：0938285727",1,0,0,scam,2025,2025|scam,recent,recent
372,1w8fqkx11qp3m,2025-05-06 15:45:42.671000+00:00,TEXT,"請務必於期限內完成繳費。如您已繳清款項，請忽略本通知。

--------------------------------------------------------------------------------

根據系統資料，您的帳戶目前仍有一筆通行費用新台幣120元未完成繳納。為避免產生額外費用並確保eTag服務不中斷，請於114年5月6日（含）前完成繳費作業。


請依下列步驟完成付款：

登入會員中心
前往官網或開啟App登入。

查詢繳費資訊
於「費用查詢」中確認應繳金額及繳費截止日。

選擇付款方式
您可使用下列任一方式完成繳費：

線上信用卡

行動支付（如台灣Pay、LINE Pay）

超商代碼付款（7-ELEVEN、全家、萊爾富、OK超商）


--------------------------------------------------------------------------------

【重要提醒】

若未於期限內完成繳費，可能導致下列影響：

帳戶功能將暫時停用，eTag通行服務將受到限制

欠費紀錄將保留於系統，並影響日後申請與使用服務的資格

如持續未繳，將交由第三方催收，並可能產生法律責任及處理費用

嚴重情況下，將可能影響您個人的信用評等與金融往來


--------------------------------------------------------------------------------

請務必於期限前完成付款。如您已繳清款項，請忽略本通知。

如需協助，歡迎聯繫遠通電收客服中心，我們將盡速為您處理。

遠通電收股份有限公司 敬啟",z13ucpcBfs35m9MiGNBy,RUMOR,2025-06-15 09:31:35.922000+00:00,RUMOR,953.7647919444444,"請務必於期限內完成繳費。如您已繳清款項，請忽略本通知。

--------------------------------------------------------------------------------

根據系統資料，您的帳戶目前仍有一筆通行費用新台幣120元未完成繳納。為避免產生額外費用並確保eTag服務不中斷，請於114年5月6日（含）前完成繳費作業。


請依下列步驟完成付",2,0,0,scam,2025,2025|scam,recent,recent
373,3o3wizyfr8hdo,2025-07-23 08:31:58.867000+00:00,TEXT,超扯，休息站上個廁所3000喔！,RejYPJgBDktNo1YhxvOQ,OPINIONATED,2025-07-24 14:31:36.335000+00:00,OPINIONATED,29.99374111111111,超扯，休息站上個廁所3000喔！,0,0,0,other,2025,2025|other,recent,recent
374,1ixoxcn96fd5q,2026-02-25 02:33:11.480000+00:00,TEXT,"轉傳竹東清潔隊垃圾車意外事件：
竹東清潔隊的垃圾車後尾斗跳起來打到人，受傷民眾在加護病房治療，各位丟垃圾一定要特別注意，在等丟垃圾的同時不要離垃圾車太近，真的很危險，我們隊上有曾經發生此事，所幸沒人受傷！",fEd52pwBB0eXeo8289WM,OPINIONATED,2026-03-11 01:19:11.243000+00:00,OPINIONATED,334.76660083333337,"轉傳竹東清潔隊垃圾車意外事件：
竹東清潔隊的垃圾車後尾斗跳起來打到人，受傷民眾在加護病房治療，各位丟垃圾一定要特別注意，在等丟垃圾的同時不要離垃圾車太近，真的很危險，我們隊上有曾經發生此事，所幸沒人受傷！",0,0,1,health,2026,2026|health,recent,recent
375,2wl29hyu1yxhd,2026-03-22 09:24:09.090000+00:00,TEXT,"那些你身在台灣卻不知道有的福利
1. 每半年 1 次免費洗牙
2. 40 歲以上每 3 年 1 次健檢
3. 65 歲以上每年 1 次健檢
4. 45-79 歲終身 1 次 B、C 肝篩檢
5. 五大癌症免費篩檢：包含子宮頸抹片（30歲+）、乳房攝影（45歲+）、大腸癌（50歲+）、肺癌與口腔癌（高風險群）。
6. 45-74 歲提供終身 1 次幽門螺旋桿菌免費檢測。
7. 平日住宿補助最高 2,000 元
8. 平日入住送遊樂園門票
9. 當月壽星 1,200 元住宿金：每月開放 1,000 名壽星登錄抽獎。
10. 13-22 歲文化幣 1,200 點：可用於看電影、買書、藝文展演
11. 婚後孕前健康檢查千元補助。
12. 國保生育給付加碼至 10 萬
13. 70 歲以上長者自願繳回駕照，每月提供最高 1,500 元交通補助。
14. 購買一級能效冷氣或冰箱，每台最高補助 3,000 元。
15. 參加公費疫苗或健檢可累積點數，折抵運動中心門票。
16. 多數縣市里長辦公室或公所都有提供「免費法律諮詢」或「定額心理諮商補助」。",xkhyL50BB0eXeo82sFnl,RUMOR,2026-03-27 13:18:58.785000+00:00,RUMOR,123.91380416666668,"那些你身在台灣卻不知道有的福利
1. 每半年 1 次免費洗牙
2. 40 歲以上每 3 年 1 次健檢
3. 65 歲以上每年 1 次健檢
4. 45-79 歲終身 1 次 B、C 肝篩檢
5. 五大癌症免費篩檢：包含子宮頸抹片（30歲+）、乳房攝影（45歲+）、大腸癌（50歲+）、肺癌與口腔癌（高風險群）。
6. 45-74 歲提供終身 1 次幽門螺旋桿菌免費檢測。
7. 平日住宿補助最高 2,",1,0,1,scam,2026,2026|scam,recent,recent
376,pvtojlm0tlxg,2025-06-25 10:41:33.810000+00:00,TEXT,"恭喜您初審通過了！請登入平台官方申請網址  註冊登入後填寫您的真實個資 選擇借貸金額 分期數申請完成了跟我說
https://youhuizhen.lol",wN8r0ZkBw43tQo19Fzaq,RUMOR,2025-10-11 02:48:06.310000+00:00,RUMOR,2584.1090277777776,"恭喜您初審通過了！請登入平台官方申請網址  註冊登入後填寫您的真實個資 選擇借貸金額 分期數申請完成了跟我說
https://youhuizhen.lol",2,0,0,scam,2025,2025|scam,recent,recent
377,ldvyecuxpydd,2025-04-17 05:59:30.347000+00:00,TEXT,"#文章轉載自台北榮總基因醫師張家銘醫生臉書

大腦也要洗澡？
最新研究揭密：運動讓腦淋巴系統啟動自我排毒，防失智靠這招。

我們常說：「多喝水幫助代謝」，但您可曾想過，大腦也有一套自己的「代謝系統」？這不是誇張，而是真實存在於每個人腦袋裡的排廢管線。當您覺得腦霧、健忘、情緒煩躁，或甚至早早開始擔心失智症，其實不一定是老化，也可能是您的大腦「堆太多垃圾了」。我們一直以為運動只是為了減肥或讓心肺變好，但一項來自2025年4月《Nature Communications》的大型研究，揭示了運動的真正意義 -它是幫大腦打掃的關鍵工具。

大腦的清潔隊：膠狀淋巴系統與腦膜淋巴管

這幾年，神經科學有個非常激動人心的發現 -我們的大腦有一套類似淋巴系統的清除通道，被稱為「膠狀淋巴系統 (glymphatic system)」，它靠著膠質細胞把神經廢物引導進腦脊髓液，再透過「腦膜淋巴管（mLV）」送出大腦。這些廢物可不是普通的代謝產物，而是像阿茲海默症的β類澱粉蛋白、帕金森症的α-synuclein、甚至慢性發炎因子這種「壞東西」。

問題來了：這套系統不是一直都有效。當我們久坐、熬夜、壓力大、或年紀漸長時，這套清除路線會變得擁擠、緩慢、甚至卡住。那麼，怎麼樣才能「打通任督二脈」，讓大腦恢復暢快流動？

規律運動，原來是腦部的深層洗淨法

這篇研究，找來一群健康受試者，分成兩組：一組只做一次30分鐘的固定腳踏車運動，另一組則連續運動12週、每週三次。他們利用最新的非侵入性核磁共振技術，觀察大腦的膠狀淋巴系統活動和腦膜淋巴流速，結果非常驚人。

只有長期規律運動的那一組，大腦裡的「清道夫系統」才真正啟動。他們在「尾狀核」（Putamen）看到明顯的流速提升，腦膜淋巴管的尺寸也變大，流速增加，連血液中的發炎蛋白S100A8、S100A9、DEFA1A3也顯著下降，代表整體發炎狀態被壓制了。

同時，調節免疫系統的J chain蛋白則上升，這暗示我們，運動不只是排毒，還在提升大腦的自我防禦力。

生活落地：不是爆汗就好，是「持續」才有用

這項研究給了我們非常具體的行動建議：
不是要您每天都去跑馬拉松，而是找一種您能長期持續進行的運動，像是快走、騎腳踏車、游泳、有氧操，只要每週三次、每次30分鐘，就足以讓大腦開始「開水龍頭、清排水管」。

甚至建議安排在傍晚時段運動，因為膠狀淋巴系統本來就與晝夜節律相關，晚上的「排毒效果」會更好。

睡得好也很重要，因為晚上睡覺時，膠狀淋巴系統清除功能達到高峰。換句話說，白天靠運動打開「進水口」，晚上靠睡眠排出「毒水」，這才是雙引擎的腦部清潔術。

一場安靜卻有效的腦部保養革命，正在發生

這篇研究背後所傳遞的訊息，其實非常溫柔又強烈：我們不必等到疾病來敲門才開始保健，也不必一味追求補腦食品或藥物。其實我們身體本身就具備自我修復、自我清除的力量，而開啟這個開關的方式，竟然是 -走出家門、動起來。這不只是一場對抗失智的預防工程，也是我們每一個人在日常中，能夠主動選擇的生活方式。",3Zo5f5YBeCQ-azEq9_wY,NOT_RUMOR,2025-04-29 01:47:07.414000+00:00,NOT_RUMOR,283.79362972222225,"#文章轉載自台北榮總基因醫師張家銘醫生臉書

大腦也要洗澡？
最新研究揭密：運動讓腦淋巴系統啟動自我排毒，防失智靠這招。

我們常說：「多喝水幫助代謝」，但您可曾想過，大腦也有一套自己的「代謝系統」？這不是誇張，而是真實存在於每個人腦袋裡的排廢管線。當您覺得腦霧、健忘、情緒煩躁，或甚至早早開始擔心失智症，其實不一定是老化，也可能是您的大腦「堆太多垃圾了」。我們一直以為運動只是為了減肥或讓心肺變好，",0,0,1,health,2025,2025|health,recent,recent
378,1kwwxa6duxo44,2025-05-12 06:45:52.976000+00:00,TEXT,您好，請點擊添加：https://line.me/ti/p/KXPnSCGwRr  負責本次幫您授權的值班專員  請將「委託書」傳送專員幫您做一個實名認證就可以了，由我們平台合作擔保，本次簽署授權不收取任何費用。,gEh7H50BB0eXeo82iz7F,RUMOR,2026-03-24 10:54:43.651000+00:00,RUMOR,7588.147409722223,您好，請點擊添加：https://line.me/ti/p/KXPnSCGwRr  負責本次幫您授權的值班專員  請將「委託書」傳送專員幫您做一個實名認證就可以了，由我們平台合作擔保，本次簽署授權不收取任何費用。,2,0,0,scam,2025,2025|scam,recent,recent
379,31csq0k1aqol0,2025-06-03 16:58:02.627000+00:00,TEXT,https://ynews.page.link/Ri2RQ,113oPpcBfs35m9MiE3VS,NOT_RUMOR,2025-06-05 07:04:46.161000+00:00,NOT_RUMOR,38.11209277777778,https://ynews.page.link/Ri2RQ,0,0,0,other,2025,2025|other,recent,recent
380,38oqu6aaz9w1x,2025-05-05 16:34:23.058000+00:00,TEXT,你第一次接單公司會先派2000件材料給你，做完一件5塊錢，每件裡面有10支筆，2000件做完就是10000，正常7-10天就可以做完了,TVxPopYBfs35m9MitWSS,RUMOR,2025-05-05 21:17:34.992000+00:00,RUMOR,4.719981666666667,你第一次接單公司會先派2000件材料給你，做完一件5塊錢，每件裡面有10支筆，2000件做完就是10000，正常7-10天就可以做完了,0,0,0,other,2025,2025|other,recent,recent
381,1xxugmu4h1823,2025-08-21 04:37:22.202000+00:00,TEXT,"日安：有國才有家。
要蓋不同意才能成為非核家園。核三廠40年限己到停運轉了。
*我以前的想法和大家都一樣，核能比較省電費，其實我們百姓的電價都差不多，不可能有多便宜，所以我重新思考非核家園用電安心，讓別國家人民很羨慕追求莫及，這也是小國家的優點。
*重啓核電安檢不是台灣人檢查說的算，都要經過外國人說的才算，要花幾百億，還有很多時間金錢，開啓後核廢料放在你家旁邊好嗎？
能源很多，反對非核家園來亂的，不是真的要來解決問題。
*台灣島不是大國，真的很小，核汚染不容有一點點小問題出差，大家都沒命。台灣四面都是海，到處都是能源，天無絕人之路。只是大家都沒有共識，團結合作。只有團結合作才能無所不能。
*國家一次公投就要花11億以上的錢，為什麼不把這些錢拿來蓋綠能源學校，從小就培養一些經濟能力不好的人才，可以讓很多人得到溫飽，沒有工作的人得到工作，想從事發明的人可以去發明，國家應該設〔綠能源署〕單位把新能源基礎工業材料先做好，每個家庭想要自製能源，節省能源，都可以馬上取得經濟實惠便宜材料，買材料就像買鹽巴一樣，全國動起來，世界第一不是不可能。
應該多獎勵投資方法，太陽能板讓人詬病，什麼發明都有優點和缺點，歷史會記錄一切，失敗為成功之母。發展方向要多元化。
*台灣的山很多很美，一年的水更多，如何從山上流下來的水一直發電到流出海口，什麼賺錢的方法都是需要經營的，效率要好就是要認真經營，不是放在那邊都不去管理，錢哪裡有那麼好賺。
*切記：火速的社會，來得快，去的也快，優點缺點自有天道。",1bM1zZgBYyXFyqZOIUgf,RUMOR,2025-08-21 15:17:47.932000+00:00,RUMOR,10.67381388888889,"日安：有國才有家。
要蓋不同意才能成為非核家園。核三廠40年限己到停運轉了。
*我以前的想法和大家都一樣，核能比較省電費，其實我們百姓的電價都差不多，不可能有多便宜，所以我重新思考非核家園用電安心，讓別國家人民很羨慕追求莫及，這也是小國家的優點。
*重啓核電安檢不是台灣人檢查說的算，都要經過外國人說的才算，要花幾百億，還有很多時間金錢，開啓後核廢料放在你家旁邊好嗎？
能源很多，反對非核家園來亂的，",0,0,0,other,2025,2025|other,recent,recent
382,3dfgqkl6y3oyc,2025-07-07 09:42:52.551000+00:00,TEXT,那這邊我先帶妳申請一個紀錄薪資的職員帳號 每次完成的薪水都會累積在上面,jeiE5JcBDktNo1Yh-UqJ,RUMOR,2025-07-07 10:53:29.352000+00:00,RUMOR,1.1768891666666668,那這邊我先帶妳申請一個紀錄薪資的職員帳號 每次完成的薪水都會累積在上面,3,0,0,scam,2025,2025|scam,recent,recent
383,3qejh3fitx0s5,2025-10-14 03:45:52.625000+00:00,TEXT,"賴清德集結武裝部隊到處
1. 賴清德強姦護理師
2. 賴清德強姦立委助理
3. 賴清德強姦美術師。
4. 賴清德到處殺人殺總統蔡英文。
5. 賴清德到處殺人殺台北市長蔣萬安。
6. 賴清德車隊不禮讓救護車
7. 賴清德竊據新北市萬里區土地房屋犯內亂罪
8. 賴清德要到北京天安門戰獨裁，犯戰爭罪
9. 賴清德花蓮治水不力危害人類罪",krEh4ZkBFga8s_RaDu5q,NOT_ARTICLE,2025-10-14 05:11:04.038000+00:00,NOT_ARTICLE,1.4198369444444443,"賴清德集結武裝部隊到處
1. 賴清德強姦護理師
2. 賴清德強姦立委助理
3. 賴清德強姦美術師。
4. 賴清德到處殺人殺總統蔡英文。
5. 賴清德到處殺人殺台北市長蔣萬安。
6. 賴清德車隊不禮讓救護車
7. 賴清德竊據新北市萬里區土地房屋犯內亂罪
8. 賴清德要到北京天安門戰獨裁，犯戰爭罪
9. 賴清德花蓮治水不力危害人類罪",0,6,0,political,2025,2025|political,recent,recent
384,o56hzuxolcvm,2025-04-24 10:51:26.972000+00:00,TEXT,"關稅壁壘下的“零件革命”
佛山陶瓷廠把茶具拆成“胚體+釉料+燒制服務”，關稅從25%腰斬至9%；深圳家具商更絕，實木床拆成“北美橡木+榫卯設計費+手工雕刻工時”，60%的費用走“知識産權”通道——美國海關盯著報關單上的“零部件”抓耳撓腮，却發現每一項都踩在《232條款》的規則縫裏。這種“把産品拆成數學題”的操作，讓前5個月“零部件單獨報關”訂單暴漲83%，連越南咖啡豆都學著拆成“生豆+烘焙技術服務”避稅。
中國製造的“解構哲學”
義烏老闆的計算器比律師還精：充電寶拆成“電芯+外殼+安全認證費”，利潤多出37%；中山燈具廠連螺絲都單獨報關，LED燈珠和散熱片分兩份合同，25%關稅直接砍到8%。這不是簡單的避稅，而是把“中國製造”從“成品輸出”升級爲“價值拆分”——以前賣的是玩具車，現在賣的是“工業設計+組裝服務”；以前賣的是電風扇，現在賣的是“電機技術+3D打印方案”。這種將實體商品“服務化”的思維，讓美國關稅清單成了一紙空文。",05pmb5YBeCQ-azEqAeGu,NOT_ARTICLE,2025-04-26 00:01:18.253000+00:00,NOT_ARTICLE,37.16424472222222,"關稅壁壘下的“零件革命”
佛山陶瓷廠把茶具拆成“胚體+釉料+燒制服務”，關稅從25%腰斬至9%；深圳家具商更絕，實木床拆成“北美橡木+榫卯設計費+手工雕刻工時”，60%的費用走“知識産權”通道——美國海關盯著報關單上的“零部件”抓耳撓腮，却發現每一項都踩在《232條款》的規則縫裏。這種“把産品拆成數學題”的操作，讓前5個月“零部件單獨報關”訂單暴漲83%，連越南咖啡豆都學著拆成“生豆+烘焙技術服務",1,0,0,scam,2025,2025|scam,recent,recent
385,1c3ewo04c0vnf,2026-02-02 08:33:08.095000+00:00,TEXT,"LINE要付費了？訂閱制2026上半年上線，5功能一次看~
https://news.ebc.net.tw/news/living/534970
1.自選個人檔案
除了主帳號外，會員可額外打造2組專屬個人檔案。可以針對工作、家庭、社交等不同需求，設定大頭照與暱稱。

2.進階備份
聊天室中的照片、影片、檔案及語音訊息皆能自動同步至LINE雲端（上限100GB）。
......
詳情請看全文",bUjRD50BB0eXeo82fycj,NOT_RUMOR,2026-03-21 09:54:41.059000+00:00,NOT_RUMOR,1129.3591566666666,"LINE要付費了？訂閱制2026上半年上線，5功能一次看~
https://news.ebc.net.tw/news/living/534970
1.自選個人檔案
除了主帳號外，會員可額外打造2組專屬個人檔案。可以針對工作、家庭、社交等不同需求，設定大頭照與暱稱。

2.進階備份
聊天室中的照片、影片、檔案及語音訊息皆能自動同步至LINE雲端（上限100GB）。
......
詳情請看全文",1,0,0,scam,2026,2026|scam,recent,recent
386,1l3xm2ur75bk1,2025-08-24 07:29:04.152000+00:00,TEXT,太陽能板含有砷，是劇毒，鳥喝了就死！,kr6t3JgB6nor6FKtB_qS,RUMOR,2025-08-24 15:23:03.953000+00:00,RUMOR,7.899944722222222,太陽能板含有砷，是劇毒，鳥喝了就死！,0,0,0,other,2025,2025|other,recent,recent
387,3svjuqlyfer07,2026-02-07 13:47:04.636000+00:00,TEXT,https://youtu.be/Qeag0XMMCCs?si=PdRyFaP4zihiiZv5,XEihBJ0BB0eXeo82_hYb,RUMOR,2026-03-19 05:46:58.458000+00:00,RUMOR,951.998283888889,https://youtu.be/Qeag0XMMCCs?si=PdRyFaP4zihiiZv5,0,0,0,other,2026,2026|other,recent,recent
388,e9z3ufelfsd5,2026-04-01 11:24:16.638000+00:00,TEXT,https://youtu.be/wD2_qhmd79M,DczuU50BZgZZYBoamASz,RUMOR,2026-04-03 15:20:38.834000+00:00,RUMOR,51.939498888888885,https://youtu.be/wD2_qhmd79M,0,0,0,other,2026,2026|other,recent,recent
389,3iuk7k98kp5bm,2025-06-30 16:17:18.971000+00:00,TEXT,https://www.huodong-shopee.com/h5/,OF4sx5cBfs35m9MidmIn,NOT_ARTICLE,2025-07-01 18:07:49.283000+00:00,NOT_ARTICLE,25.841753333333333,https://www.huodong-shopee.com/h5/,0,0,0,other,2025,2025|other,recent,recent
390,3ex249g8qh7mt,2025-08-03 07:33:24.082000+00:00,TEXT,"這次讓泰國與柬埔塞很快停火協議，歸功於台灣成功研製萬劍彈，讓泰國征服柬埔塞，雙方達成停火，這是台灣國防力量，也是台灣國防部的成就台灣人民的驕傲
https://youtu.be/yzVmCYzRaLc?si=ovkQj0yOLLtlXGd_&sfnsn=mo",sQ6VdZgBngzKCCgM_bKG,RUMOR,2025-08-04 14:57:00.805000+00:00,RUMOR,31.393534166666665,"這次讓泰國與柬埔塞很快停火協議，歸功於台灣成功研製萬劍彈，讓泰國征服柬埔塞，雙方達成停火，這是台灣國防力量，也是台灣國防部的成就台灣人民的驕傲
https://youtu.be/yzVmCYzRaLc?si=ovkQj0yOLLtlXGd_&sfnsn=mo",0,1,0,political,2025,2025|political,recent,recent
391,1smjx2sx57zv1,2025-11-29 00:11:40.720000+00:00,TEXT,"AI 會搶走你的工作嗎？—— AI 教父黃仁勳給年輕人的３個答案，第２個直接讓人覺醒
　
　
你有過在使用 ChatGPT、Sora、Midjourney......等這些 AI工具時，突然感到一陣心慌？
　
　
心想：
「我會不會被 AI 取代？」
「我的專業還有價值嗎？」
「未來還需要我嗎？」
　
　
我想，你不是唯一焦慮的人。
上週，在劍橋大學的講台上，一位真正站在 AI 時代核心位置的男人，給出了他的答案。
　
　
他是 NVIDIA 創辦人黃仁勳 ——全球科技界任職最久的 CEO、AI 最前線的推動者。
　
　
在榮獲 2025「史蒂芬．霍金院士獎」（英國科技界的最高榮譽之一）後，他用三個極度真實的回答，拆解了所有人對 AI 的恐懼。
　
---
　
▎一、先聽聽這位「不會被炒魷魚」的 CEO 怎麼說
　
主持人問他：「你怎麼做到任職最久的 CEO？」
　
他笑答：「秘訣是不厭倦，也不要被解僱。」
　
全場大笑，接著他補上一句讓台下瞬間安靜：
　
「CEO 的工作主要是痛苦與受難。（mostly about pain and suffering）」
　
他說，很多人以為 CEO 是關於領導、指揮、站在金字塔頂端發號施令。但事實是，CEO 是一種「犧牲的職位」。你是為公司服務，你的職責是為他人創造條件，讓他們能完成畢生的工作。
　
接著，黃仁勳分享了他母親給他的教育。他的母親甚至不會說英語，卻教他學會了英語。
　
這讓他從小就相信：「沒有什麼是難到無法克服的。」
　
於是，他將這種態度應用在幾乎所有事情上，形成了他的人生哲學：「這能有多難？（How hard can it be?）」
　
雖然通常都「非常難」，但正是這份天真與好奇心，讓他敢開始、敢承擔、敢面對未知也有勇氣踏出第一步。
　
如果，我現在也是一位名人，我也可以出一本書告訴大家「沒有什麼難到不能克服。」
　
因為，我生命的經歷也是很多，面對的困難應該會令很多人想要結束生命！
　
然而，我都能一一克服或正在克服！
　
---
　
▎二、AI 會不會搶走工作？黃仁勳的３個答案
　
#答案１：證據（Evidence）—— AI 不會消滅工作，只會讓工作變得更有價值
　
十年前大家都說放射科醫生會被 AI 滅掉，結果現在：
　
AI 成為每個放射科醫生的必備工具，而這個職業的人數反而增加。
　
因為醫生能透過 AI：
　
 • 看到更多
 • 看得更準
 • 解決以前沒辦法處理的病例
　
AI 不會淘汰你，但會淘汰不懂用 AI 的你。
　
#答案２：實用主義（Pragmatism）—— AI 不會讓你更輕鬆，你只會變得更忙
　
黃仁勳表示：「如果你的任務從一週縮短成一秒，你不會變得閒，你只會更忙。」
　
因為你不再有瓶頸（bottleneck），反而會從瓶頸找出「關鍵路徑」（Critical Path 留言區看解釋）。
　
過去你是設計師，80% 時間都拿去做繁瑣工作。
現在 AI 幫你完成那 80%，你以為你省力？
　
不，你會發現：
　
 • 你 100% 的時間都得用在創意、洞察、策略上。
 • 執行變快十倍，客戶期待也會變快十倍。
 • AI 時代最殘酷的一件事：
不是 AI 搶走你的工作，而是让你必須變成「超級版的自己」。
　
拒絕 AI = 被淘汰
使用 AI = 快速進化
　
#答案３：對人性的希望（Hope in Humanity）—— 人類總會找到新的事情去做
　
歷史上每一次科技革命都讓人恐慌：
　
 • 蒸汽機取代了手工勞動
 • 電腦取代了計算員
 • 自動化取代了流水線工人
　
但每一次，人類都創造了更多新的工作類型。蒸汽機催生了鐵路工程師，電腦催生了程式設計師，自動化催生了數據分析師。
　
AI 也是如此。
它會自動化掉「簡單可描述的任務」，但釋放人類去做：
　
 • 洞察
 • 同理心
 • 創意
 • 跨領域整合
　
AI 消滅的是「重複」，不是「價值」。
AI 解放的不是我的工作，而是我的潛能
　
而我自己使用 AI的經驗是：
　
 • AI 不會讓我停止思考，反而思考方式更嚴謹，迴路更清晰，
 • AI 不會讓我變得更輕鬆，反而增加我的執行力
 • AI 讓我節省專案的時間成本
 • AI 讓我節省很多人力成本
　
---
　
▎三、黃仁勳最震撼的一句話
　
演講最後，他說：「每一份工作都會改變。你不會因為 AI 而失去工作，你只會輸給『使用 AI 的人』。」
　
這句話，值得我們每個人深思。
　
就像當初拒絕用電腦的人，是被「會用電腦的人」取代的，不是被電腦取代。
　
歷史是不斷在重演的。
　
就像當年電腦剛出現時，有些人拒絕學習，堅持用手寫、用算盤。結果呢？他們並不是被「電腦」淘汰的，而是被「會用電腦的人」淘汰的。AI 也是！
　
---
　
▎四、NVIDIA 的管理哲學：為什麼廢除「員工排名」？
　
他說，排名、評級（ranking and rating）是 「完全的胡說（complete nonsense）」。
　
因為：
　
被排在最後 5% 的人，往往是剛冒險、剛失敗、剛學到最重要教訓的人。
　
他用一個絕妙比喻：
　
公司不是清湯（consommé），而是亂燉（stew）。（果然是個美食家！）
　
清湯很純，但沒有營養；
亂燉混雜，但因為多樣而強大。
　
AI 時代真正稀缺的不是聰明，而是：
　
 • 勇氣（敢於嘗試新事物的勇氣）
 • 智力誠實（承認錯誤並快速調整的能力）
 • 謙遜（知道自己不知道什麼）
 • 沒有自負（能夠當眾展現脆弱性）
　
因為，黃仁勳說：「智慧即將商品化」（intelligence is about to be a commodity）。
　
---
　
▎五、給每一個焦慮的你：如何在 AI 時代「留在遊戲中」？？
　
１. 立刻開始用 AI，把它當成你的「第二大腦」
　
用 AI 做你過去花很多時間才能完成的事。
　
２. 把心力放在「難以描述」的工作
　
洞察、提問、故事思考、同理心，才是護城河。
　
３. 保持智力誠實：錯了就承認，立刻調整
　
速度比面子重要。
　
４. 面對挑戰時問：「這能有多難？」
　
把大問題拆小，一步步走。
　
５. 保持「在遊戲中」（Stay in the game）
　
黃仁勳說，如果他知道創業這麼痛苦，他不會再開始第二次。但正因為他「留在遊戲中」，NVIDIA 才能穿越六次計算時代的死亡峽谷，成為今天的 AI 巨頭。
　
別一下子想通透、做完美。
只要你不離場，就還有機會。
　
---
　
#結語：AI 時代，我們都是新手
　
黃仁勳說：
　
「AI 時代來臨，我們都是新手（newbies）。」
　
這意味著：
　
 • 沒人比你有更多優勢
 • 過去的履歷重新洗牌
 • 我們都站在同一條起跑線上
 • 贏家不是最聰明，而是最願意學習的人
　
AI 不會搶走你的工作。
真正會讓你失業的，是拒絕學習、拒絕嘗試、拒絕改變的自己。
　
現在就打開 AI 工具，開始用它打造你的未來。
　
然後對自己說：
　
「這能有多難？」
　
別害怕、也別抗拒、更不需要酸葡萄心態，
　
這樣的人，只會停留在原地，沒有不好，選擇而已
　　
若要如何，全憑自己！

早安 您好！🫶
祝願您 心情如晨光般明亮，身體健康安穩。🥰

2025/11/24（ㄧ）09:58",hhk02ZoBElZarx-V9dxy,OPINIONATED,2025-12-01 09:18:37.937000+00:00,OPINIONATED,57.11589361111111,"AI 會搶走你的工作嗎？—— AI 教父黃仁勳給年輕人的３個答案，第２個直接讓人覺醒
　
　
你有過在使用 ChatGPT、Sora、Midjourney......等這些 AI工具時，突然感到一陣心慌？
　
　
心想：
「我會不會被 AI 取代？」
「我的專業還有價值嗎？」
「未來還需要我嗎？」
　
　
我想，你不是唯一焦慮的人。
上週，在劍橋大學的講台上，一位真正站在 AI 時代核心位置的男人",0,0,0,other,2025,2025|other,recent,recent
392,3croyvdmeug2w,2025-04-13 15:18:58.852000+00:00,TEXT,"🟧(four)月愛心資產倍增計劃的名額申請正在進行中

為體現本次資產倍增計劃的公平、公正，本次申請的詳細情況將在群內公佈

祝賀以下會員申請成功 目前申請總人數為(three)(seven)人，剩餘名額為(three)個

本次報名順序按照報名時間先到先得

如果還有想要參加資產倍增計劃的成員請儘快申請

名額有限，請儘快報名

如果會員對這次(four)月愛心資產倍增計劃的內容有任何疑問，請私訊賴我🟧",IVwww5YBfs35m9Milp0T,RUMOR,2025-05-12 06:31:03.442000+00:00,RUMOR,687.201275,"🟧(four)月愛心資產倍增計劃的名額申請正在進行中

為體現本次資產倍增計劃的公平、公正，本次申請的詳細情況將在群內公佈

祝賀以下會員申請成功 目前申請總人數為(three)(seven)人，剩餘名額為(three)個

本次報名順序按照報名時間先到先得

如果還有想要參加資產倍增計劃的成員請儘快申請

名額有限，請儘快報名

如果會員對這次(four)月愛心資產倍增計劃的內容有任何疑問，請私",0,0,0,other,2025,2025|other,recent,recent
393,31o2hlher513b,2026-03-10 11:15:42.156000+00:00,TEXT,高雄敬老卡多「5倍」！ 陳其邁：今年7月起、每月600點 - 生活 - 自由時報電子報 https://share.google/QSPNJ4WEEj1x45ahz,c0dz2pwBB0eXeo82w9VL,RUMOR,2026-03-11 01:12:25.670000+00:00,RUMOR,13.945420555555556,高雄敬老卡多「5倍」！ 陳其邁：今年7月起、每月600點 - 生活 - 自由時報電子報 https://share.google/QSPNJ4WEEj1x45ahz,0,0,0,other,2026,2026|other,recent,recent
394,w8tp8u15pr69,2025-11-13 05:09:59.643000+00:00,TEXT,"🐝你知道嗎？那些傍晚還停在花朵上的蜜蜂，其實不是迷路。
那是牠們在「道別」。

當蜜蜂選擇在花上過夜──那不是迷路，而是最後一場「花間的道別」

🌇【一、你以為牠只是休息，其實是在告別】

在傍晚的花叢裡，如果你看到一隻蜜蜂靜靜趴在花瓣上，不再飛翔，
別以為牠只是累了。事實上，那很可能是一隻「知道自己要走了」的老蜜蜂。

昆蟲行為研究顯示，年邁或生病的蜜蜂，會在一天結束時主動不再返回蜂巢。
牠們選擇待在外面，在花叢裡度過最後的夜晚——
不是迷路，也不是被遺棄，而是不想成為群體的負擔。

在自然界裡，蜜蜂是一種高度社會性的昆蟲，
每一隻都有明確的角色、任務與責任。當牠們知道自己體力衰退、飛不動了，
牠們會選擇離開蜂巢，安靜地走完生命最後一段路。

這份「自己退場、不打擾同伴」的本能，
被學者稱為「社會性自我隔離」（social self-isolation）——
是進化過程中為了保護蜂群而發展出的智慧行為。

🐝【二、短短六週的一生，從出生就忙到最後】

蜜蜂的一生平均只有六週，但那六週比許多生命都更有意義。
前半生留在蜂巢裡負責育嬰、清潔、照顧蜂王；
後半生飛出外界，整天忙碌於採蜜與授粉。

牠們一天能造訪超過上千朵花，飛行數公里，
一生翅膀拍動上億次，只為帶回幾毫克的花蜜。
這些微小的努力，卻支撐了整個生態系統與人類食物鏈。

然而當歲月讓翅膀破裂、飛行能力下降時，
牠們選擇離開，不願浪費蜂巢的食物與空間。
這不是悲傷，而是一種生命的禮儀。

🌸【三、如果牠還有力氣，牠會再次起飛】

研究指出，部分老蜜蜂會在花朵上過夜，
若隔天清晨還能撐過夜晚，牠們會再度振翅飛起，
繼續採集花粉與花蜜——那是牠們的「最後的飛行」（Final Flight）。

牠們明白那趟旅程也許回不來，但依然選擇飛出去。
因為在牠們的世界裡，貢獻比歸宿更重要。

牠們沒有哀傷，沒有退縮，只是順從自然的節奏，
把最後一份力氣獻給花、給陽光、給群體。

🌍【四、不打擾的離開，是最高的溫柔】

心理生態學家認為，蜜蜂的離開是一種極高層次的生態倫理——
不為自己哀嘆，也不等待他人挽留。
牠們選擇在最熟悉的花叢間結束生命，融入自然的循環。

那是一種「不打擾誰」的溫柔。
牠們用靜默的方式提醒我們：
生命不需要轟轟烈烈，只要真誠地貢獻過，就已經足夠。

🌺【五、當你看到牠時，請在心裡道一聲謝謝】

人類三分之一的食物仰賴蜜蜂授粉，
沒有牠們，就沒有果實、蔬菜、花香與豐收。

每一隻停在花朵上的老蜜蜂，都曾飛越山谷、田野與城市，
為世界帶來甜美與綻放。
牠們用短暫的一生，詮釋了什麼是「責任」與「奉獻」。

所以下次傍晚，看見那一隻靜靜趴在花朵上的蜜蜂，
請別驅趕牠。
那可能是一位小小的勞動者，在為世界輕聲道別。

只要在心裡，輕輕說一句：
「謝謝你，為這個世界飛到最後一刻。」
當蜜蜂老了、病了、飛不動了，牠們不會回巢，
牠們知道，自己快撐不住，
但不想成為蜂群的負擔、不想浪費同伴的努力。

於是牠們選擇留在花叢裡，
用最後的氣力安靜過夜，讓生命慢慢融入花香。

🌸如果牠還有一口氣，隔天清晨牠還會再次起飛，
繼續採花蜜、完成最後的任務。
那不是悲傷，而是一種勇氣，一種讓人敬佩的溫柔。

短短六週的一生，從出生就忙到最後一刻。
這就是蜜蜂——
牠們不抱怨、不求回報，只知道：
「活著，就要繼續貢獻。」

下次你看到傍晚的花上那隻蜜蜂，
請別驚動牠。那可能是一位小小英雄，正在跟世界道別。

💛 向牠輕聲說一句：
「謝謝你，為這個世界飛到最後。」

#蜜蜂的故事 #自然的智慧 #生態之美",811kkZoBYwEQPWDIt0cy,OPINIONATED,2025-11-17 10:38:08.177000+00:00,OPINIONATED,101.4690372222222,"🐝你知道嗎？那些傍晚還停在花朵上的蜜蜂，其實不是迷路。
那是牠們在「道別」。

當蜜蜂選擇在花上過夜──那不是迷路，而是最後一場「花間的道別」

🌇【一、你以為牠只是休息，其實是在告別】

在傍晚的花叢裡，如果你看到一隻蜜蜂靜靜趴在花瓣上，不再飛翔，
別以為牠只是累了。事實上，那很可能是一隻「知道自己要走了」的老蜜蜂。

昆蟲行為研究顯示，年邁或生病的蜜蜂，會在一天結束時主動不再返回蜂巢。
牠們選",0,0,0,other,2025,2025|other,recent,recent
395,rfzrm8thitxb,2026-03-15 08:05:49.721000+00:00,TEXT,"八千公里外的監獄裡，關著台灣17歲的女孩，救不救?怎麼救?
土耳其的伊斯坦堡，距離台北有八千公里，2022年夏天，台灣桃園一位張姓女孩，上大學前去土耳其旅遊，剛剛走下飛機，開始了一場長達兩年的噩夢。

海關在翻查行李時，發現幾包檳榔乾，對，就是台灣到處可見、曬乾之後的檳榔，女孩被帶離訊問，然後直接關進看守所，原先，台灣家人以為很快可以見到女兒，等法院判決下來，等到的是擎天霹靂，法官判決：18年8個月徒刑，對，你沒聽錯，18年8個月。

家人焦急萬分，託人找台灣農業部開證明，證明檳榔在台灣到處可見、到處可販賣，農業部說這涉及外國，屬於外交部權責，家人轉到外交部，外交部說檳榔是農產品，屬於農業部權責，家人祖孫三代像皮球被踢來踢去，時間過去了五個月。

於是家人尋求民進黨立委的協助，在立法院召開協調會，法務部、外交部、農業部官員出席，甚至連台灣駐土耳其代表也出席了，一個多小時的會議中，只有一句話：台灣跟土耳其沒有邦交，你們要好自為之；還有一個眼神：你女兒的行李不只有檳榔吧?￼",LkiMBJ0BB0eXeo82ARZG,RUMOR,2026-03-19 05:22:57.474000+00:00,RUMOR,93.28548694444446,"八千公里外的監獄裡，關著台灣17歲的女孩，救不救?怎麼救?
土耳其的伊斯坦堡，距離台北有八千公里，2022年夏天，台灣桃園一位張姓女孩，上大學前去土耳其旅遊，剛剛走下飛機，開始了一場長達兩年的噩夢。

海關在翻查行李時，發現幾包檳榔乾，對，就是台灣到處可見、曬乾之後的檳榔，女孩被帶離訊問，然後直接關進看守所，原先，台灣家人以為很快可以見到女兒，等法院判決下來，等到的是擎天霹靂，法官判決：18年8個",0,0,0,other,2026,2026|other,recent,recent
396,2174w1m9ljuue,2025-06-25 09:31:09.187000+00:00,TEXT,"哈嘍你好呀~ 不好意思喔，最近因為工作比較忙，現在才在Line看到你添加好友的訊息，很高興認識你呀(joy)(joy)。我叫陳思瑤，今年36歲，我家鄉是台灣台北信義區。你可以自我介紹一下嗎？我目前還是單身，也是一個重感情又專一的處女座喔！你呢？(casual Cony)我現在是在越南胡志明這邊和朋友合夥開整形醫院的，你有來過這邊嗎？胡志明也有另一個稱呼""東方巴黎""，緣分很奇妙讓我們在這裡相遇(casual Cony)(casual Cony)，而且我近期也是打算回去台灣發展了長期定居的，到時候我們可以見一面呀，吃吃飯聊聊天。(halo smile)(halo smile)",hiqyQ5kBnPW1yVGMs41f,RUMOR,2025-09-13 15:30:08.859000+00:00,RUMOR,1925.9832422222223,"哈嘍你好呀~ 不好意思喔，最近因為工作比較忙，現在才在Line看到你添加好友的訊息，很高興認識你呀(joy)(joy)。我叫陳思瑤，今年36歲，我家鄉是台灣台北信義區。你可以自我介紹一下嗎？我目前還是單身，也是一個重感情又專一的處女座喔！你呢？(casual Cony)我現在是在越南胡志明這邊和朋友合夥開整形醫院的，你有來過這邊嗎？胡志明也有另一個稱呼""東方巴黎""，緣分很奇妙讓我們在這裡相遇(ca",0,0,1,health,2025,2025|health,recent,recent
397,e52ay3cpa5ak,2025-09-25 15:07:28.056000+00:00,TEXT,許多人習慣使用紙杯盛裝熱咖啡，三樹金鶯診所體重管理主治醫師蕭捷健提醒，紙杯內壁為了防水，都附有一層塑膠膜（常見材質如PE或PLA）。根據研究發現，紙杯內層的塑膠塗層遇熱會釋放大量微塑膠，長期攝入可能導致荷爾蒙失調，增加罹患糖尿病和癌症等風險。,R0jGC50BB0eXeo82aiI4,OPINIONATED,2026-03-20 15:04:05.943000+00:00,OPINIONATED,4223.9438575,許多人習慣使用紙杯盛裝熱咖啡，三樹金鶯診所體重管理主治醫師蕭捷健提醒，紙杯內壁為了防水，都附有一層塑膠膜（常見材質如PE或PLA）。根據研究發現，紙杯內層的塑膠塗層遇熱會釋放大量微塑膠，長期攝入可能導致荷爾蒙失調，增加罹患糖尿病和癌症等風險。,0,0,2,health,2025,2025|health,recent,recent
398,1vyjpwgf47vxn,2025-09-23 15:44:28.921000+00:00,TEXT,"「同學這東西沒得借」

昨天中午女兒和女婿來了，吃完飯閑聊的時候，談到了我和老伴百年之后的事情。

我就試探著問女兒女婿，假如我們老兩口走了之后，你們打算怎麼做？

女兒直接就說買一塊中等的墓地。然后風風光光的，有儀式感的，把你們老兩口葬了。

之后每年的清明節都會掃墓，讓你們在另一個世界，餓不著，冷不著，不缺錢花。

女兒這樣說，我直截了當的說不能這樣。

女兒疑惑不解的說，這樣做，難道做錯了嗎？

我告訴她，我們老兩口活到了72歲，運氣真的挺好，身體沒有什麼明顯的病。

這幾十年，尤其是退休之后的十年，該吃的吃過了，該穿的也都穿過了，該玩的也玩的差不多了。

坐過高鐵，坐過輪船，也坐過飛機，看過不少名勝古跡。

現在70多歲了，不想再出去走了，人的一生就要畫上句號了。

再者說你們姐妹倆對我們老兩口也確實不錯，我們感到非常知足。

已經盡到了孝心。既然活得不冤，感到生活很幸福，那麼就應該放下那些不合乎實際的想法。

等我們老兩口走了之后，不通知親屬。不通知親戚朋友，就家這幾口人。把喪事簡單的辦一下就行了。

火化之后隨便找個地方扔了，揚了，埋了，千萬別留下痕跡。

不要為以后祭奠，打下鋪墊，那樣真的沒有意義。

退休后后這十幾年我就不喜歡湊熱鬧，喜歡一個人獨往獨來。

如果把我放到墓園里，周圍一大片全都是故去的老年人，我真的感到太煩太亂。

所以就想一個人清靜的存在，絕不能買墓地。不往人多的地方鉆，活著喜歡清靜，死了之后也不去湊熱鬧。

花錢買墓地，錢不少花，表面上看起來是表示孝敬老人對老人尊重。

可是以后怎麼辦？墓園要收費，你能交一個20年，就算你能交第2個20年的管理費，以后呢？

誰能接著繼續繳費，到最終成了無主的墓地，人家會直接夷為平地，然后再易主。

其實人死如燈滅，死了之后就什麼都沒有了，留下什麼痕跡都沒有意義。

倒不如走了之后，隨便的把骨灰撒到哪里之后，覺得想念你的父母了，就對著遠方祈禱幾句，那麼到時候地下有知。我們也會感悟到。

女兒聽了我說的話之后，帆然醒悟。表示認可。

大家說，作為老年人，死了之后是不是這樣越簡單的葬禮越好，留骨灰，買墓地，真的有什麼意義嗎？",P4BGd5kB29ocKseuCzAW,NOT_ARTICLE,2025-09-23 15:51:43.122000+00:00,NOT_ARTICLE,0.1206113888888888,"「同學這東西沒得借」

昨天中午女兒和女婿來了，吃完飯閑聊的時候，談到了我和老伴百年之后的事情。

我就試探著問女兒女婿，假如我們老兩口走了之后，你們打算怎麼做？

女兒直接就說買一塊中等的墓地。然后風風光光的，有儀式感的，把你們老兩口葬了。

之后每年的清明節都會掃墓，讓你們在另一個世界，餓不著，冷不著，不缺錢花。

女兒這樣說，我直截了當的說不能這樣。

女兒疑惑不解的說，這樣做，難道做錯了嗎",0,0,0,other,2025,2025|other,recent,recent
399,1skg764b2za8s,2026-01-14 05:06:25.100000+00:00,TEXT,請幫我看看這是真的還是假的：https://cofacts.tw/article/H9XlupsBrQ7DCeIzUq4e,eNUavZsBrQ7DCeIz9bIQ,NOT_ARTICLE,2026-01-14 15:23:39.151000+00:00,NOT_ARTICLE,10.28723638888889,請幫我看看這是真的還是假的：https://cofacts.tw/article/H9XlupsBrQ7DCeIzUq4e,0,0,0,other,2026,2026|other,recent,recent
400,3t4w9yvdo6k7u,2025-08-06 05:05:40.814000+00:00,TEXT,這邊幫妳送運通韓國貸這個是目前比較多人的選擇 每個客戶可申請1-100萬 好處是可以不要還款 貸款下來的金額公司需要提成百分之20您拿百分之80中途不收取任何費用 可以選擇是否還款  不還只會影響妳在韓國的信用分  3年內無法去韓國選擇還就不影響,Sr8v9ZgB6nor6FKtxSTO,RUMOR,2025-08-29 09:36:45.517000+00:00,RUMOR,556.5179730555556,這邊幫妳送運通韓國貸這個是目前比較多人的選擇 每個客戶可申請1-100萬 好處是可以不要還款 貸款下來的金額公司需要提成百分之20您拿百分之80中途不收取任何費用 可以選擇是否還款  不還只會影響妳在韓國的信用分  3年內無法去韓國選擇還就不影響,1,0,0,scam,2025,2025|scam,recent,recent
401,2s3qi21db8vx6,2026-01-03 10:55:48.174000+00:00,TEXT,"台大保健中心醫生剛剛提出警告：
目前急凍就診人數大增，請民眾一定要增加保暖，所有冬季衣服在家也穿上，衛生衣，衛生褲，暖襪皆可穿2件以上保暖【就只有這些天可穿】。
頭帽、圍巾請通通戴上、圍上；多喝溫熱開水，清洗盡量用熱水，另外老人家不建議洗澡，溫度回升再洗即可。
晚上窗戶關緊，因為室外溫度比冰箱低《一般冰箱冷藏為8度》，無論如何，在家時多穿，多走動，吃熱食、溫飲。
 提醒您，今日只是「冷十天的第一天，週末冷空氣將增強為寒流」，以台灣沒有暖氣的房屋來說，約前三天屋內仍有保暖效果，之後連屋內都冷了之後，就會感覺有點難耐了，務必準備好萬全保暖工作。",vAvulZsBQdElExrCdRL6,RUMOR,2026-01-07 00:49:51.609000+00:00,RUMOR,85.90095416666666,"台大保健中心醫生剛剛提出警告：
目前急凍就診人數大增，請民眾一定要增加保暖，所有冬季衣服在家也穿上，衛生衣，衛生褲，暖襪皆可穿2件以上保暖【就只有這些天可穿】。
頭帽、圍巾請通通戴上、圍上；多喝溫熱開水，清洗盡量用熱水，另外老人家不建議洗澡，溫度回升再洗即可。
晚上窗戶關緊，因為室外溫度比冰箱低《一般冰箱冷藏為8度》，無論如何，在家時多穿，多走動，吃熱食、溫飲。
 提醒您，今日只是「冷十天的第一天",0,0,1,health,2026,2026|health,recent,recent
402,119s8k5h1qqfr,2025-05-12 12:31:01.667000+00:00,TEXT,"我們目標要在一個月內達成至少30萬組貼圖的放送，以達全國運最佳宣傳效果

請大家務必協助幫忙推播，謝謝！",hFydx5YBfs35m9MiOaRK,NOT_ARTICLE,2025-05-13 03:08:11.977000+00:00,NOT_ARTICLE,14.619530555555556,"我們目標要在一個月內達成至少30萬組貼圖的放送，以達全國運最佳宣傳效果

請大家務必協助幫忙推播，謝謝！",0,0,0,other,2025,2025|other,recent,recent
403,zoomuxskmh6t,2025-06-20 13:49:32.974000+00:00,TEXT,在這段期間非常感謝執行長跟祕書還有群組的大家，平常的關心讓我感受到溫暖，也很感謝大家的分享，那我有了這筆資金，主要是想照顧好我的母親給一筆資金孝順我的母親，還有幫助先生還清一些債務，也會跟著群組的大家一起為社會付出，我會幫助弱勢團體跟育幼院的孩童們，讓這份善意真的能傳遞到每個需要的人手中，形成一個善的循環，傳達執行長的理念，我也很感謝自己願意踏出這一步丟掉以前那個膽小沒自信的自己，也由衷的謝謝執行長，謝謝你不只給我一個機會，更在我最迷惘的時候，用一句句話讓我重新找到希望和方向！,E-j7ApgBDktNo1YhtIQy,NOT_ARTICLE,2025-07-13 08:51:46.865000+00:00,NOT_ARTICLE,547.0371919444444,在這段期間非常感謝執行長跟祕書還有群組的大家，平常的關心讓我感受到溫暖，也很感謝大家的分享，那我有了這筆資金，主要是想照顧好我的母親給一筆資金孝順我的母親，還有幫助先生還清一些債務，也會跟著群組的大家一起為社會付出，我會幫助弱勢團體跟育幼院的孩童們，讓這份善意真的能傳遞到每個需要的人手中，形成一個善的循環，傳達執行長的理念，我也很感謝自己願意踏出這一步丟掉以前那個膽小沒自信的自己，也由衷的謝謝執行,0,0,0,other,2025,2025|other,recent,recent
404,1s769jf1uoell,2026-01-12 05:59:03.090000+00:00,TEXT,"LINE一救命功能預設關閉 官方：3步驟簡單開
https://tech.udn.com/tech/story/123154/9259683",sNV6tZsBrQ7DCeIzsaTB,NOT_RUMOR,2026-01-13 03:51:15.648000+00:00,NOT_RUMOR,21.870155,"LINE一救命功能預設關閉 官方：3步驟簡單開
https://tech.udn.com/tech/story/123154/9259683",0,0,0,other,2026,2026|other,recent,recent
405,2w4bser6ho9ys,2025-11-11 09:55:51.567000+00:00,TEXT,現在有時間嗎？ 準備給你傳簡訊了喔 一共會收到一條簡訊裡面有6位數字的認證碼傳我提交就行 不要離開切記 一分鐘有效！登記好了馬上傳給您喔！,5bXacpoBiuCfV4cpsHDf,RUMOR,2025-11-11 12:18:46.110000+00:00,RUMOR,2.3818175,現在有時間嗎？ 準備給你傳簡訊了喔 一共會收到一條簡訊裡面有6位數字的認證碼傳我提交就行 不要離開切記 一分鐘有效！登記好了馬上傳給您喔！,0,0,0,other,2025,2025|other,recent,recent
406,2h7xnl34njm1s,2025-07-22 12:08:04.988000+00:00,TEXT,執行長，這個企劃有風險嗎？假如我投進去的錢不見了怎麼辦？,7ehIMpgBDktNo1Yh-t8f,RUMOR,2025-07-22 13:18:20.191000+00:00,RUMOR,1.1708897222222223,執行長，這個企劃有風險嗎？假如我投進去的錢不見了怎麼辦？,0,0,0,other,2025,2025|other,recent,recent
407,3tm4ybllf332c,2025-07-07 09:41:05.827000+00:00,TEXT,屏東縣佳冬海上太陽能板被颱風打得滿目瘡痍，光電版遺落海上污染海洋,l-iH5JcBDktNo1Yh-kp0,RUMOR,2025-07-07 10:56:46.193000+00:00,RUMOR,1.2612127777777775,屏東縣佳冬海上太陽能板被颱風打得滿目瘡痍，光電版遺落海上污染海洋,0,0,0,other,2025,2025|other,recent,recent
408,1v596m1k9bbq2,2026-01-26 00:11:05.261000+00:00,TEXT,"大家記得去登記
政府運動幣500元，
登記期間115年1月26日至2月8日止。
一、分流登記：
http://500.gov.tw
1/26 (末碼0、1)
1/27 (末碼2、3)
1/28 (末碼4、5)
1/29 (末碼6、7)
1/30 (末碼8、9)
1/31-2/8 (不限證號，全面開放登記)
二、抽籤時間：2月12日。
三、 抵用方式：
(一)抵用期程：自115年3月1日10時起至12月31日24時止。
(二)領用方式：至動滋網  http://500.gov.tw  領取運動幣電子錢包QR Code(不限使用次數)。￼
https://500.gov.tw/FOAS/actions/SportsAdmin.action",zJa4-psB9EfTQQdNvgvF,NOT_RUMOR,2026-01-26 14:32:50.116000+00:00,NOT_RUMOR,14.362459722222225,"大家記得去登記
政府運動幣500元，
登記期間115年1月26日至2月8日止。
一、分流登記：
http://500.gov.tw
1/26 (末碼0、1)
1/27 (末碼2、3)
1/28 (末碼4、5)
1/29 (末碼6、7)
1/30 (末碼8、9)
1/31-2/8 (不限證號，全面開放登記)
二、抽籤時間：2月12日。
三、 抵用方式：
(一)抵用期程：自115年3月1日10時起至1",1,0,0,scam,2026,2026|scam,recent,recent
409,3um6cqg5duzex,2025-05-18 12:16:43.757000+00:00,TEXT,"兼職人員只需從以上時間挑選自己方便的時段就可以了
一天1-4個小時或是更多都可以",rVwd5ZYBfs35m9MiNdfj,RUMOR,2025-05-18 20:36:58.979000+00:00,RUMOR,8.337561666666668,"兼職人員只需從以上時間挑選自己方便的時段就可以了
一天1-4個小時或是更多都可以",1,0,0,scam,2025,2025|scam,recent,recent
410,2g5zeqlhor79w,2025-06-04 01:13:41.969000+00:00,TEXT,"近日新聞報導「中正路」擬更改名稱，看到台南早先斬後奏已將「中正路」改名爲「湯德章大道」，網路爬文才知道「湯德章」是日本人(大和民族)，而我們「中華民國」逐漸變成非「中華民族」，漢族中華子民變成「其餘人口」…......?!

目睹此政治事件頗讓人匪夷所思！？擾民又傷財所為何來？執政當局處心積慮去中
數典忘祖 本末倒置歌功頌德日本之殖民心態，真的令人引發非議與不齒！！

難道中國大陸不知道賴政府在做些什麼嗎？",El15XpcBfs35m9MinK4s,RUMOR,2025-06-11 10:11:57.610000+00:00,RUMOR,176.97101138888888,"近日新聞報導「中正路」擬更改名稱，看到台南早先斬後奏已將「中正路」改名爲「湯德章大道」，網路爬文才知道「湯德章」是日本人(大和民族)，而我們「中華民國」逐漸變成非「中華民族」，漢族中華子民變成「其餘人口」…......?!

目睹此政治事件頗讓人匪夷所思！？擾民又傷財所為何來？執政當局處心積慮去中
數典忘祖 本末倒置歌功頌德日本之殖民心態，真的令人引發非議與不齒！！

難道中國大陸不知道賴政府在做",0,1,0,political,2025,2025|political,recent,recent
411,3llm0i9dchpdy,2025-05-28 20:25:48.489000+00:00,TEXT,"台灣到底怎麼了？
忙著打擊異己  鬆動了根本？
社會失去是非？ 家庭功能不彰？

只能眼睜睜看著一步步沉淪......！😥

李建平院士

今天最大的新聞莫過於台大學霸林睿庠因販毒在美國被捕，這件事情背後有太多值得我們深思與檢討的地方。

根據美國移民執法局（ICE)及司法部官方的報導，我理出了一個大概。林睿庠2019年進台大， 2020年十月開始在暗網上，架設網站 Incognit Market 販毒，2023年大學畢業後服外交替代役， 11月被派往聖露西亞任職。2024年5月18日請假赴新加坡，在紐約過境時在機場被捕。在短短的三年半期間，他經手了超過一億美金的毒品交易，在網站上所列毒品種類有數千種，美國在逮捕他之前已經監控調查他兩年。逮捕是經過精心安排的，參與的執法單位包括 FBI, HSI, DEA, FDA-OCI, 和 NYPD.

在美國官方的報導指出，林是這個販毒平台的所有人及負責人，這是他們所破獲最大的毒品交易平台之一。很奇怪的是台灣居然一無所知，一直到昨天才暴露出來。台灣媒體的報導，像在報八卦新聞，有很多錯誤的資訊。這個案子絕對不是一個年輕人誤入歧途這麼單純，他反映出這個社會有太多不健全的地方。

1，林睿庠只有24歲，一個20歲剛出頭的年輕人，怎麼會成為一個大毒梟。一般人在這個年紀都還相當稚嫩，沒有社會閱歷，而他卻像是一個資深的黑幫老大。
2，他畢業於復興高中和台大，一路都是資優生，怎麼會變成一個大毒梟？他是如何獲得毒品方面的知識？如何知道毒品的通路？又如何取得販毒者及買毒者的信任？
3，他在2020年也就是大二時就開始販毒，這是天大的案子，為什麼同學，老師，學校，家庭都沒有發現？
4，他除了有半年（2023 11月到2024 5月）在聖露西亞服替代役外，其他時間都在國內。為什麼我們的司法和緝毒單位沒有發現？而是當他在美國過境的時候被FBI逮到？而且據說EBI已經暗中跟蹤他兩年。我們的調查單位到底在幹什麼？不僅如此，他在一年前就被逮，為什麼我們到今天才知道？
5，他在服役尚未期滿時被捕，從聖露西亞到新加坡顥然也跟販毒有關，他在國外期間一定更加明目張膽，為什麼他的上司和駐外單位都沒有發現？在兵役期間幹這種事，實在太離譜。
6，他短短幾年時間販毒的暴利讓他一夕致富，去年他買了一個價值六千萬的豪宅，其他不動產還有2億，這些錢是怎麼匯進台灣的？ 難道銀行都沒有察覺？他的家人和朋友都不覺得奇怪嗎？

這件事所暴露出來的是我們整個社會的問題，所有的螺絲都鬆了，不管是家庭，學校，金管，緝毒，外交，資安，司法都出了問題。一個本該前途一片光明的年輕人結果淪落成害人無數的毒犯。古人有言，子不教父之過，教不嚴師之惰。當我們在譴責這個年輕人的時候，更應該好好反省一下，我們的社會到底給了他什麼教育？我們的國家對於反毒，防詐到底做了什麼？
https://www.facebook.com/share/p/1AfPUNc3Xm/?",5F3xNpcBfs35m9MiB2bR,OPINIONATED,2025-06-03 17:57:35.308000+00:00,OPINIONATED,141.52967194444446,"台灣到底怎麼了？
忙著打擊異己  鬆動了根本？
社會失去是非？ 家庭功能不彰？

只能眼睜睜看著一步步沉淪......！😥

李建平院士

今天最大的新聞莫過於台大學霸林睿庠因販毒在美國被捕，這件事情背後有太多值得我們深思與檢討的地方。

根據美國移民執法局（ICE)及司法部官方的報導，我理出了一個大概。林睿庠2019年進台大， 2020年十月開始在暗網上，架設網站 Incognit Market",0,0,0,other,2025,2025|other,recent,recent
412,1on93pxe76mrk,2025-07-18 09:17:12.191000+00:00,TEXT,"【台積電60%暴利財報背後：美國精算過的「晶片轉移工程」，正悄悄掏空整個台灣】

2025年7月17日，凌晨01:30，一份看似輝煌的財報在台北市信義路的總部大樓內送上董事會：第二季淨利暴衝60.7%、營收高達9338億元、毛利率58.6%、EPS達到歷史新高15.36元。但此時在另一端，亞利桑那州州政府的會議室裡，美國商務部代表早已拿到同一份資料，開始啟動下一階段晶片戰略的轉移與整併。

台積電不是在「擴張」，而是在「被轉移」。

台灣拚命代工，美國靜靜收網

這份財報背後，有一個最詭異的事實：九成以上的高毛利訂單，來自美國客戶。NVIDIA一口氣吃掉3nm產能、Apple全包4nm、Google與超微（AMD）也排隊搶單，甚至連特斯拉都在以AI伺服器名義爭取保留產線。

這看似證明台積電技術無人能敵，但真相是這些產能「簽的是美元價格，報的是台幣利潤」，營收帳面很美，真正價值早已轉移到美國科技股的市值上。NVIDIA今年市值已經暴衝突破4兆美元，但你知道它對台積電的實際付款佔比是多少嗎？不到2%。

台積電賺的是一條條產線、一位位工程師的命，而NVIDIA賺的是整個AI市場的話語權、訂價權、與未來5年全世界的資金流向。
亞利桑那廠，其實是美國的晶片特洛伊木馬

外界以為：亞利桑那是台積電「打入美國市場」的里程碑，實際上是美國政界與資本圈「合作做局」的成果。

從2022年開始，美國通過《CHIPS and Science Act》後，所有外資半導體公司要取得補貼，必須交出財報、良率、產線設計、內部採購清單。這是一條看似「產業補助」，實則「技術開鎖」的法案。

據爆料，亞利桑那第一廠 Phase 1，台積電不得不交出超過1200頁的技術製程SOP文件與300名台籍工程師輪調名單給美國國防部科技小組審查。你沒看錯連工程師名單都被納入軍事條件。

而第二廠 Phase 2 預計將引入2nm製程，原本是留給台灣南科園區的獨家技術，現在已確定會轉至美國本土實驗線，台灣內部資料還指出這會讓本島未來研發進度延後至少一年半。

這不是合作，這是「低成本吞併」。
財報超亮，但台灣人領不到未來

從外部來看，這次每股盈餘15.36元是天價，但你知道這背後是靠什麼硬撐的嗎？
	1.	台幣升值被迫吸收成本：Q2期間新台幣對美元升值超過2%，直接壓縮匯兌收益超過150億新台幣。
	2.	海外擴廠資本支出失控：原本亞利桑那一期預算150億美元，實際已超支到215億美元，且因為美方拖延補貼發放，台積電必須自行墊支，造成現金流緊縮。
	3.	人力外調導致本島產能下修：台灣竹科與南科的資深工程師被大量抽調赴美，導致本島12吋廠三條產線在六月時停擺4天，損失訂單近23億新台幣，卻未列入財報備註。

這些「掏空式支出」，並沒有在媒體版面中提到，卻已經在影響台灣本地的產業平衡與年輕人就業選擇。

一場披著財報的權力轉移計畫

你以為這是晶圓代工的勝利？錯，這是一場轉移國家資源的過程。
	台積電負責製造與技術
	美國企業負責壓價與收割
	台灣政府負責背書與沉默

而最終的結果是什麼？

→ 技術出走
→ 人才外流
→ 工廠成本轉嫁
→ 利潤被美元換算後轉進海外股東帳戶

而台灣人，只能在財報裡看到那些「漂亮的數字」，卻再也看不到真正屬於自己的未來。",QuilMZgBDktNo1YhS970,NOT_ARTICLE,2025-07-22 10:19:33.235000+00:00,NOT_ARTICLE,97.03917888888888,"【台積電60%暴利財報背後：美國精算過的「晶片轉移工程」，正悄悄掏空整個台灣】

2025年7月17日，凌晨01:30，一份看似輝煌的財報在台北市信義路的總部大樓內送上董事會：第二季淨利暴衝60.7%、營收高達9338億元、毛利率58.6%、EPS達到歷史新高15.36元。但此時在另一端，亞利桑那州州政府的會議室裡，美國商務部代表早已拿到同一份資料，開始啟動下一階段晶片戰略的轉移與整併。

台積電",0,0,0,other,2025,2025|other,recent,recent
413,38v66hcloljcb,2025-12-26 02:06:45.916000+00:00,TEXT,正常申請月末的名額  額度是可以多一點,oH2aXpsBQRhppPJGVEGP,RUMOR,2025-12-27 06:58:51.150000+00:00,RUMOR,28.86812055555556,正常申請月末的名額  額度是可以多一點,0,0,0,other,2025,2025|other,recent,recent
414,2k8sbiq7bzyxz,2025-12-08 12:21:11.618000+00:00,TEXT,韩国于2025年12月5日完成了官方电子入境卡申报系统更新。此次更新后，入境卡的“出发地”与“下一目的地”栏中，台湾地区被明确标注“中国台湾”，归入中国分类下。台湾居民填写入境卡时，需勾选此规范选项才能申报成功，不承认属于中国就无法申报。,7l1XIJsBm-etfpErjtOU,RUMOR,2025-12-15 04:49:27.699000+00:00,RUMOR,160.4711336111111,韩国于2025年12月5日完成了官方电子入境卡申报系统更新。此次更新后，入境卡的“出发地”与“下一目的地”栏中，台湾地区被明确标注“中国台湾”，归入中国分类下。台湾居民填写入境卡时，需勾选此规范选项才能申报成功，不承认属于中国就无法申报。,0,0,0,other,2025,2025|other,recent,recent
415,15nekl5xxtcj8,2025-10-19 11:52:02.015000+00:00,TEXT,"烏山頭水庫悲歌

光電板變成鳥類棲息地，糞便細菌污染水源，細菌傳染造成人類浩劫，這已經不是單純化學藥劑清洗的問題了。",a8CWAJoBWwAUNc5bzo4g,RUMOR,2025-10-20 07:47:54.526000+00:00,RUMOR,19.931253055555555,"烏山頭水庫悲歌

光電板變成鳥類棲息地，糞便細菌污染水源，細菌傳染造成人類浩劫，這已經不是單純化學藥劑清洗的問題了。",0,0,0,other,2025,2025|other,recent,recent
416,38zks9zqzp4zi,2025-11-14 12:31:38.478000+00:00,TEXT,https://youtube.com/shorts/HLzpLYENZ9E?si=MhDCy3C_NjUMUC9A,CK8DF5wBRkUkW3J-Huoa,OPINIONATED,2026-02-01 02:23:26.232000+00:00,OPINIONATED,1885.863265,https://youtube.com/shorts/HLzpLYENZ9E?si=MhDCy3C_NjUMUC9A,0,0,0,other,2025,2025|other,recent,recent
417,35t7m92n1ad17,2025-08-29 09:15:21.085000+00:00,TEXT,在台灣升斗小民被逼的要過這樣的日子-政府之恥,1b-I-5gB6nor6FKt-S5s,RUMOR,2025-08-30 15:11:54.730000+00:00,RUMOR,29.942679166666668,在台灣升斗小民被逼的要過這樣的日子-政府之恥,0,0,0,other,2025,2025|other,recent,recent
418,7d69klnc8fcf,2025-11-28 03:09:19.051000+00:00,TEXT,"咖啡＋茶「2：3 黃金比例」曝光！　研究揭驚人保健效果：降低45%死亡風險 | 姊妹淘 | LINE TODAY

https://liff.line.me/1454987169-1WAXAP3K/v3/article/mW5qBgn?utm_source=lineshare",OBmMyJoBElZarx-VhMH9,NOT_RUMOR,2025-11-28 03:40:43.640000+00:00,NOT_RUMOR,0.5234969444444444,"咖啡＋茶「2：3 黃金比例」曝光！　研究揭驚人保健效果：降低45%死亡風險 | 姊妹淘 | LINE TODAY

https://liff.line.me/1454987169-1WAXAP3K/v3/article/mW5qBgn?utm_source=lineshare",0,0,1,health,2025,2025|health,recent,recent
419,1a2t8pihjtr44,2026-04-01 06:23:55.328000+00:00,TEXT,最近Line可以透過電信的語音信箱的機制盜取Line帳號，請大家取消語音信箱的功能,EKCHd50BoX_cNU7jnNrF,NOT_RUMOR,2026-04-10 13:14:29.444000+00:00,NOT_RUMOR,222.84281,最近Line可以透過電信的語音信箱的機制盜取Line帳號，請大家取消語音信箱的功能,1,0,0,scam,2026,2026|scam,recent,recent
420,1xojlxik9w5pw,2025-05-24 14:17:44.567000+00:00,TEXT,https://youtu.be/QdazLpUka5w?si=0ozPG6iUV7P0kQ0v,v12vO5cBfs35m9MiqXCK,RUMOR,2025-06-04 16:04:17.417000+00:00,RUMOR,265.77579166666663,https://youtu.be/QdazLpUka5w?si=0ozPG6iUV7P0kQ0v,0,0,0,other,2025,2025|other,recent,recent
421,11dkvm4dnodo3,2025-08-31 12:42:33.969000+00:00,TEXT,"您的「敬老卡」不只能坐公車！這5大「隱藏功能」全是政府買單，每月可能會幫你省下5000元喔！   (25:32)
https://m.youtube.com/watch?v=YGyPM64KAZk",uCrUQ5kBnPW1yVGMV42l,RUMOR,2025-09-13 16:06:53.601000+00:00,RUMOR,315.40545333333336,"您的「敬老卡」不只能坐公車！這5大「隱藏功能」全是政府買單，每月可能會幫你省下5000元喔！   (25:32)
https://m.youtube.com/watch?v=YGyPM64KAZk",1,0,0,scam,2025,2025|scam,recent,recent
422,1623o38j0kagz,2025-08-01 04:11:42.643000+00:00,TEXT,"親愛的用戶您好
您是否整日沒接到電話或電話撥不通嗎?
中華電信行動語音正常服務中，若有上述問題，請通話雙方將手機切至飛航模式再切回，或重新開機，即可恢復。
中華電信關心您 0800080123",5w5bb5gBngzKCCgME6V4,NOT_RUMOR,2025-08-03 09:54:56.503000+00:00,NOT_RUMOR,53.72051666666666,"親愛的用戶您好
您是否整日沒接到電話或電話撥不通嗎?
中華電信行動語音正常服務中，若有上述問題，請通話雙方將手機切至飛航模式再切回，或重新開機，即可恢復。
中華電信關心您 0800080123",0,0,0,other,2025,2025|other,recent,recent
423,3ld2j3bbjpheu,2025-07-25 13:30:38.179000+00:00,TEXT,明若有去投票，不要開手機喔！最好關機，手機若響會罰款3萬-30萬喔！切記,euhTQpgBDktNo1Yh3_65,NOT_RUMOR,2025-07-25 16:04:09.784000+00:00,NOT_RUMOR,2.5587791666666666,明若有去投票，不要開手機喔！最好關機，手機若響會罰款3萬-30萬喔！切記,0,1,0,political,2025,2025|political,recent,recent
424,qloytmes6dbm,2025-11-18 06:40:14.734000+00:00,TEXT,"今天看到一個爆炸性消息，真的把我嚇一跳。

台灣今年 10 月出口 618 億美元，年增 50%，創 16 年最大單月增幅。
今年 1–10 月出口大約 5,200 億美元，照這速度，全年突破 6,000 億美元是百分之百，大概率直衝 7,000 億美元。

你看一下比較就知道台灣出口有多誇張：

韓國約 5,400 億美元

日本約 6,000 億美元

台灣人口才 2,300 萬，今年出口卻暴衝到跟韓日同級

而且不是靠低階製造，是靠 高科技戰力。

🇹🇼 台灣出口結構，直接碾壓韓日

日本出口 25% 依賴汽車，韓國出口 20% 是半導體、20% 汽車。
兩國都是傳統製造業為主，不是高含金量產業。

台灣呢？
50% 半導體供應鏈
30% AI 伺服器、高端晶片

換句話說：
台灣出口 80% 都是高科技。
不是便宜貨，不是代工血汗，是全球搶破頭的科技命脈。

🏆 台灣企業獲利：台積電一間打趴一整國

台積電上一季淨利 120 億美元，全球企業盈利排名第 3 名，只輸兩間美國巨頭。
它的盈利甚至超過 微軟、亞馬遜。

你知道這有多誇張
但台積電今年預估淨利 400 億美元以上。

而台灣第二名最賺錢的企業「鴻海」
從台灣獲利第 2 名排到第 100 名全部加起來，也輸台積電一間。

這不是企業，是 超級怪物級搖錢樹。

🔧 為什麼台積電是世界霸主？

因為台積電已經不是「手機晶片代工廠」。

它現在是全球 AI 晶片、2 奈米製程的核心供應商，是 AI 基礎設施的鋼鐵廠。

輝達可以沒有電動車，但 輝達不能沒有台積電。
黃仁勳落地台灣第一站就是台積電，原因很簡單：

> 全世界只有台積電能大量生產他們需要的晶片。

💰 台灣出口順差也嚇人

上個月貿易順差突破 200 億美元。
照這速度，台灣今年順差可能直逼 2,000 億美元，輕鬆擠進全球前五。

日本今年的順差可能只有五、六百億美元。
韓國也不會超過一千億。

你要知道，日本、韓國努力出口了幾十年，結果都比不上台灣這一波半導體紅利。

🚗 與傳統產業相比，高科技賺錢速度是兩個宇宙

做汽車、鋼鐵、化工——都是高污染、三班制、又累又辛苦，淨利通常很低。
鴻海 100 萬名員工，淨利率只有 4%。

台積電毛利 50%、淨利 40%。
是兩個世界。

有人說台灣經濟要完？完全是亂講

有些人一邊拍影片、一邊說台灣經濟不行；隔天又說中國經濟大爆發。
拜託，你到底在看哪個宇宙？

台灣吃到的不是一般紅利，是 AI + 半導體大時代的核心位置。
只要 AI 還在進步，台灣出口還會一直強勢至少 8–10 年。

不要再用傳統製造業的眼光看台灣。
台灣現在是 全球科技產業的主樞紐。
靠半導體、靠 AI、靠全球唯一的先進製程。

台灣不是「吹」，是 數字在說話。
出口我們打贏韓國、日本。
獲利我們一間台積電打穿整條產業鏈。

台灣經濟不只是沒問題，是強到可怕。",lRmX2JoBElZarx-Vn9vF,OPINIONATED,2025-12-01 06:26:46.852000+00:00,OPINIONATED,311.77558833333336,"今天看到一個爆炸性消息，真的把我嚇一跳。

台灣今年 10 月出口 618 億美元，年增 50%，創 16 年最大單月增幅。
今年 1–10 月出口大約 5,200 億美元，照這速度，全年突破 6,000 億美元是百分之百，大概率直衝 7,000 億美元。

你看一下比較就知道台灣出口有多誇張：

韓國約 5,400 億美元

日本約 6,000 億美元

台灣人口才 2,300 萬，今年出口卻暴",0,0,0,other,2025,2025|other,recent,recent
425,3g659hv0c5x1a,2025-07-18 13:54:08.454000+00:00,TEXT,台灣的關稅是25%，美國早就通知賴清德了，他們不敢公布，想要撐到7月26日以後，請大家廣為宣傳,duj2IpgBDktNo1YhYsAC,OPINIONATED,2025-07-19 13:53:49.057000+00:00,OPINIONATED,23.994611944444443,台灣的關稅是25%，美國早就通知賴清德了，他們不敢公布，想要撐到7月26日以後，請大家廣為宣傳,0,1,0,political,2025,2025|political,recent,recent
426,j4ntytddozs5,2025-04-22 19:59:46.559000+00:00,TEXT,要好好吃飯哦，忙了這麼多天，終於迎來了一個滿意的結果啦好開心耶哈哈哈，這次明治三年龍銀的搶購機會現在已經正式開放啦，我這次準備買300枚，我覺得這次是非常難得的一次機會喔，因為這些年很少有遇到過這樣稀有的而且品相保存這麼好的古錢幣呢，叔叔預計一枚收益有7000美金以上利潤呢，我真的不希望你錯過啦，我也知道你可能有自己的苦衷，這樣吧，我這邊幫你買20枚，你自己去搶購10枚好嗎？這樣投資額也不多，後面要是符合你的預期，再像我這樣加大投資也可以的啦，這個月底就可以跟我一起賣出嘍~,-JVY0ZsB9EfTQQdNc76r,RUMOR,2026-01-18 13:43:13.578000+00:00,RUMOR,6497.724171944445,要好好吃飯哦，忙了這麼多天，終於迎來了一個滿意的結果啦好開心耶哈哈哈，這次明治三年龍銀的搶購機會現在已經正式開放啦，我這次準備買300枚，我覺得這次是非常難得的一次機會喔，因為這些年很少有遇到過這樣稀有的而且品相保存這麼好的古錢幣呢，叔叔預計一枚收益有7000美金以上利潤呢，我真的不希望你錯過啦，我也知道你可能有自己的苦衷，這樣吧，我這邊幫你買20枚，你自己去搶購10枚好嗎？這樣投資額也不多，後面,1,0,0,scam,2025,2025|scam,recent,recent
427,2ug7pirf0tb8b,2026-01-10 06:19:22.070000+00:00,TEXT,普京的台灣女婿林先生🧑‍🏫普京的女兒卡潔尼娜腦腫瘤血破裂，普京求助台灣女婿向台積電求援經台積電台大醫院聯手開刀診治救回成功🏆烏俄戰爭中的溫情事。沒有條件救人就是對的，無關政治。,hNUmvZsBrQ7DCeIza7Lg,RUMOR,2026-01-14 15:36:10.463000+00:00,RUMOR,105.28010916666666,普京的台灣女婿林先生🧑‍🏫普京的女兒卡潔尼娜腦腫瘤血破裂，普京求助台灣女婿向台積電求援經台積電台大醫院聯手開刀診治救回成功🏆烏俄戰爭中的溫情事。沒有條件救人就是對的，無關政治。,0,0,1,health,2026,2026|health,recent,recent
428,8bja5j6alf3m,2026-01-21 16:41:39.754000+00:00,TEXT,"「諾貝爾委員會」對馬查多單方面決定將諾貝爾獎授予川普的回應！
The Nobel Committee’s response to Machado’s unilateral decision to award the Nobel Prize to Trump
https://www.facebook.com/share/r/1H2Me2uA5e/
2026·0117

沒人察覺到，在馬查多單方面將諾貝爾獎授予川普的不到12小時內，諾貝爾委員會迅速採取了讓馬查多終生追悔莫及的三項精準措施。

首先，委員會立即“永久取消“了馬查多和川普在未來獲得諾貝爾獎的提名和選舉的資格，並且「終生禁止」他們參與任何與諾貝爾獎相關的事務。川普，作為違反規則的獲獎者，也因公然損害諾貝爾和平獎的權威而受到同樣的懲罰。這一舉措使得原本想要跪舔川普的馬查多在白宮成了眾矢之的。

其次，諾貝爾基金會宣布“該獎項自頒發之日起即已失效“，要求馬查多退還全部一千萬美元獎金，並對其行為處以一億美元的違約罰款。

最後，委員會向「國際法庭」提起訴訟，控告馬查托利用諾貝爾和平獎行賄。同時呼籲全球學術界和相關機構將她永久列入黑名單，徹底摧毀了她的學術信譽。",MpWX5ZsB9EfTQQdNKOJv,RUMOR,2026-01-22 12:04:07.406000+00:00,RUMOR,19.37434777777778,"「諾貝爾委員會」對馬查多單方面決定將諾貝爾獎授予川普的回應！
The Nobel Committee’s response to Machado’s unilateral decision to award the Nobel Prize to Trump
https://www.facebook.com/share/r/1H2Me2uA5e/
2026·0117

沒人察覺到，在馬查多單方面將諾",0,0,0,other,2026,2026|other,recent,recent
429,1cck19csqnuz9,2025-12-18 00:20:18.138000+00:00,TEXT,"💝 家中若有寶寶不用的舊衣、玩具、
童書或其他用品，歡迎捐給義光育幼院
。院內物資短缺，盼社會愛心協助，讓
孩子們有個快樂童年。謹代表全院寶寶
感謝您，願好人一生平安！

sdwd.farted.net/155",-5UUOZsBvuNcPglUc4ix,RUMOR,2025-12-20 00:06:40.297000+00:00,RUMOR,47.772821944444445,"💝 家中若有寶寶不用的舊衣、玩具、
童書或其他用品，歡迎捐給義光育幼院
。院內物資短缺，盼社會愛心協助，讓
孩子們有個快樂童年。謹代表全院寶寶
感謝您，願好人一生平安！

sdwd.farted.net/155",0,0,0,other,2025,2025|other,recent,recent
430,s5lw1dyqz1l0,2025-11-10 11:52:39.679000+00:00,TEXT,"轉貼：
有新的法規，明年一月一日起，駕照改成有效期到70歲，所以趁現在年底前，趕緊換新的駕照,可以適用舊法到75歲。
我剛剛去監理站換新照，確實有效期到75歲！

高齡駕駛新制明年上路！換照降至70歲 
https://www.cna.com.tw/news/ahel/202510140225.aspx
中華民國交通部公路局
https://www.thb.gov.tw/cp.aspx?n=169",AbUzipoBiuCfV4cpiJcT,RUMOR,2025-11-16 01:07:04.338000+00:00,RUMOR,133.24018305555555,"轉貼：
有新的法規，明年一月一日起，駕照改成有效期到70歲，所以趁現在年底前，趕緊換新的駕照,可以適用舊法到75歲。
我剛剛去監理站換新照，確實有效期到75歲！

高齡駕駛新制明年上路！換照降至70歲 
https://www.cna.com.tw/news/ahel/202510140225.aspx
中華民國交通部公路局
https://www.thb.gov.tw/cp.aspx?n=169",0,0,0,other,2025,2025|other,recent,recent
431,g3os6asq8xaj,2025-11-10 10:21:21.690000+00:00,TEXT,"6. 對美國政府的直接批評
英文：“Washington thinks they’re stopping China. They’re not stopping China — they’re accelerating China. By 2027, China will have more AI compute than the rest of the world combined. Mark my words.”

中文：“華盛頓以為他們在阻止中國。其實他們不是在阻止中國——他們是在加速中國。到2027年，中國將擁有比全世界其他國家加起來還多的AI算力。記住我的話。”

7. 結尾一針見血
英文：“So yeah, keep the sanctions if you want. Just understand: you’re handing them the trophy.”

中文：“所以你們想繼續制裁就繼續吧。只要明白：你們是在親手把獎盃遞給他們。”",dLUfe5oBiuCfV4cpYX7e,OPINIONATED,2025-11-13 02:50:45.597000+00:00,OPINIONATED,64.48997416666667,"6. 對美國政府的直接批評
英文：“Washington thinks they’re stopping China. They’re not stopping China — they’re accelerating China. By 2027, China will have more AI compute than the rest of the world combined. Mark ",0,0,0,other,2025,2025|other,recent,recent
432,2z6c6thgefwa0,2025-08-19 10:45:13.857000+00:00,TEXT,"核電廠花300億「延役20年」划算嗎？　前核二工程師忍不住全說了
▲核三延役話題近期掀起正反論戰。（資料照／台電提供）

記者柯沛辰／綜合報導

823核三延役議題延燒，引發正反兩派論戰。核二廠退役的核廢處理工程師王義龍忍不住發文表示，那些低階核廢料經過200、300年就會衰減到低天然放射性，而且各核電廠僅需花費約300億的延役費用，就可再發電至少20年，總發電量增12％，不製造空污，每度電約1.5元，試問還有比這更划算的嗎？

王義龍曾在核二廠從事固體、液體、氣體、除污長達30年，是專職核廢棄物處理工作的工程師，目前已經退休。他表示，看到大家討論「有關核廢料的處理問題，實在忍不住想留言」

王義龍表示，大家提到的那些核廢料，只是一些過濾樹脂、防護衣物、塑膠袋、廢鐵、水泥砂石，這些低階核垃圾經處理固化裝桶，正以約每5.27年就會降低一半放射性（主要為活化產物核種鈷60）的速率自然衰減，「廢料桶只是靜靜放在幾個足球場大小的壕溝裡，又不會出來害人，也不影響週遭環境，大約經過二、三百年後就會衰減到如同陽明山地熱谷泥土般的低天然放射性。」

王義龍指出，台灣六、七十年代的環保意識不強，所產生的低階核廢料佔很大部份，而八十年代後因環保意識抬頭，加上核後端減容中心（焚化爐及超高壓壓縮機）的啟用，每年所產生的低階核廢料桶不到早期的三分之一。

王義龍說，請大家眼見為憑，蘭嶼貯存了近十萬桶的低階核廢料桶，「蘭嶼的建設與觀光是否愈來愈發達？便利商店是否愈開愈多？還是在地人都生病了？變成沒人敢去的鬼島？」、「核能發電四十幾年了，除了我們享受了幾十年的低電價，促進了傲人的經濟發展外，有誰因核能發電死掉？生病？」

至於放射性超高的核用過燃料捧，可以暫存於中期貯存場，因為核一內已蓋好，還不到一個足球場大小，若哪天石化原料用光，核融合又還不成氣候時，「大家可能搶著要，因為那裡面還潛藏著巨大能量，90％的鈾238可源源不斷轉換為鈽239，可提供全人類發電至少數百年。」
王義龍表示，目前全球用過核燃料棒的中期貯存場（乾式）約150座，法國早有技術提煉用於快滋生式反應爐，只是放射性太高，處理費用不斐，又怕容易核子擴散暫，因此不流行，但急什麼呢？燃料棒安安靜靜地放在貯存場，又不會出來咬人，等哪天科技更發達，能大幅降低處理費用時，再使用如第四代液態化可連續供料運轉的熔鹽反應爐進行類似焚化爐發電兼減容，再也不必燒一次提煉一次，讓高階核廢料體積減少到原來幾十分之一的灰渣，這不是更符合大家的期望嗎？

王義龍認為，上述提到的高階核廢料灰渣，最終可置入深層地質處置，目前已有芬蘭的安克羅最終處置場開始運轉，台灣也可選址較少人居住的金馬離島和台灣東部的花崗岩層，「所有的問題技術上都可克服，怕的是政治的牽扯不清。」

王義龍反問，核二、核三該折舊的都已折舊，該攤提的都已攤提，現各廠僅需花費約300億的延役費用，又可發電至少20年，全天候運轉，總發電量增12％，不製造空污，加一次燃料運轉18個月，能減少船運污染，每度電約1.5元，且已包含延役費用及後端處理費用，「試問還有比這更划算的嗎？」

▼前核二工程師忍不住發文，引發熱議。（圖／翻攝自Threads）
核電廠花300億「延役20年」划算嗎？ 前核二工程師忍不住全說了 https://share.google/LyKBzbrJBMDCqyJed",sbOIx5gBYyXFyqZOOj5x,RUMOR,2025-08-20 12:50:50.607000+00:00,RUMOR,26.093541666666667,"核電廠花300億「延役20年」划算嗎？　前核二工程師忍不住全說了
▲核三延役話題近期掀起正反論戰。（資料照／台電提供）

記者柯沛辰／綜合報導

823核三延役議題延燒，引發正反兩派論戰。核二廠退役的核廢處理工程師王義龍忍不住發文表示，那些低階核廢料經過200、300年就會衰減到低天然放射性，而且各核電廠僅需花費約300億的延役費用，就可再發電至少20年，總發電量增12％，不製造空污，每度電約1.",0,0,0,other,2025,2025|other,recent,recent
433,34hm9yisexzon,2025-06-20 13:28:38.656000+00:00,TEXT,哈囉這邊和你說明一下❗️小說翻譯的部分我們需要登記是要做哪篇文章，這邊我先教你怎麼登記你的小說翻譯工作，第一次我先協助你 之後都可以按照我教你的方式點選進入 如果有什麼不懂也都可以馬上問我☺️,J16hjpcBfs35m9MixgBa,RUMOR,2025-06-20 18:37:36.215000+00:00,RUMOR,5.149321944444445,哈囉這邊和你說明一下❗️小說翻譯的部分我們需要登記是要做哪篇文章，這邊我先教你怎麼登記你的小說翻譯工作，第一次我先協助你 之後都可以按照我教你的方式點選進入 如果有什麼不懂也都可以馬上問我☺️,0,0,0,other,2025,2025|other,recent,recent
434,2o2yvrm9mmvqv,2025-09-26 00:40:28.240000+00:00,TEXT,"臺灣的青鳥們說：堰塞湖是沒法處理的？？？！！！

簡單介紹一下中共是怎麼處理的。

2008年5月12日四川汶川發生8.2級大地震，形成了34個堰塞湖，其中最大最危險的是唐家山堰塞湖。

庫容為1.45億立方米，相當於10個西湖。湖上游的集水面積達到了3550平方公里，大於深圳和香港的陸地面積之和。

中共出動了6架直升機，累計吊運了八十多臺各類工程機械，在深山裡修建了停機坪，運送了680名武警水電工程兵和工人進山。

人和工程機械一刻不停的挖了一個星期，最後成功挖出一條洩洪溝，最終解決了堰塞湖的險情。

累計開挖土石方11.05萬方，消耗了鉛絲籠護坡2900方，插筋265根，進口高程741.6米，出口高程740.5，反鏟14臺，推土機26臺計，汽車4部。累運送食品12.5噸，飲料16.68噸，最高兵力680人，炸藥10.8噸，柴油69噸，汽油0.7噸，鉛絲籠4噸，帳篷45頂。

可見花蓮的堰塞湖問題的處理癥結在於中央政府行政院及各部會業務主管機關人謀不臧，視民眾性命如草芥，對問題處理的前瞻性、專業能力及
敬業態度均嚴重不足，都祇剩一張嘴夸夸其談，不為問題找辦法，祇想為重大災情的責任歸屬找藉口脫責！

真是無能、無知、無賴、無恥的行政團隊！",bdydoJkBqt9RyOeyi3dP,RUMOR,2025-10-01 16:31:43.432000+00:00,RUMOR,135.85422,"臺灣的青鳥們說：堰塞湖是沒法處理的？？？！！！

簡單介紹一下中共是怎麼處理的。

2008年5月12日四川汶川發生8.2級大地震，形成了34個堰塞湖，其中最大最危險的是唐家山堰塞湖。

庫容為1.45億立方米，相當於10個西湖。湖上游的集水面積達到了3550平方公里，大於深圳和香港的陸地面積之和。

中共出動了6架直升機，累計吊運了八十多臺各類工程機械，在深山裡修建了停機坪，運送了680名武警水",0,1,0,political,2025,2025|political,recent,recent
435,246jy0g032xxs,2025-06-05 03:11:34.708000+00:00,TEXT,"這才嚴重❗以後你要登入網站.就沒那麼容易了❗
【fm:工程師看政治2】
Google宣佈自今年8月1日起，將不再預設信任中華電信簽發的TLS憑證，意思是8/1號之後，當我們要用Chrome瀏覽很多政府網站的時候(e.g., 健保卡網路服務、電子化政府入口、報稅系統)，可能會看到「你的連線不是私人連線」的畫面。

如果網站使用的是8/1之後發出來的憑證，Google會用顯眼的紅色畫面警告使用者，密碼個資可能會被竊取，不建議繼續連線，使用者也可能無法順利造訪這些網站，影響的平台包括Windows、macOS、Android。

理論上，中華電信的憑證不被Chrome信任，使用者還是可以手動操作，下載憑證然後匯入系統，強迫Chrome去接受。

但實際上，網站成千上萬，相關企業伺服器設備以十萬計，使用者數量以百萬計，如果每一個點都要手動匯入N個憑證，會超級麻煩，要耗費無數時間人力，而且資安問題也會非常大。

正因如此，Google才需要跟簽發憑證的單位直接對接，確認彼此技術能力，確保一切合法合規，建立信任關係之後，Chrome就直接「相信」對方發出來的憑證，不必勞煩使用者自行確認。

我們平常使用各種網路服務，之所以體感行雲流水，沒有被憑證搞到神經耗弱，是因為背後已經有機制先驗證過。

如今中華電被剝除信任，除了可能會造成天大的麻煩以外，也等於是Google否定中華電的專業能力，是很嚴重的技術降評。

為什麼Google會出此決策？Google說原因是「中華電過去一年行為模式令人擔憂」，以及「無誠信、無法達到預期、侵蝕了信任」，這表示中華電信耍廢耍了一年以上，面對問題不認真/無法處理，隨便回覆就想交差了事。

例如中華電想用「負責人職位調動未交接」，來跟Google解釋延遲的原因，這招騙騙台灣內部還可以，放到國際誰理你？

那又為什麼中華電會爛成這樣？原因在官僚文化＋低薪。

自民進黨上台後，就像其它國營事業一樣，中華電被拿來酬庸，除了獨董杜奕瑾，還有蘇志勳(陳菊前工務局副局長)、賴勁麟(前黨立委)、魏惠珍(柯建銘前助理)，分任子公司的總經理、董事長、以及協理。

這些人沒有半個是電信網路專業，全部都是來領乾薪的，本來處長、協理都是由內部的人逐漸升上去，專業還能運作，但民進黨除了董事、總經理，就連處長、協理都可以空降，他們占滿所有位子，外行領導內行，久了當然會出事。

另外又因為長年低薪，人補不滿，有能力的也不願意進去浪費生命，一個issue一年解不完是很正常的現象，事實上不要說一年，一輩子解不完都有可能。

除了中華電，黨把台電從優良賺錢企業經營到長年虧損，一賠就是五六仟億，中油也賠掉近700億，半個股本不知不覺就沒了，數位部出現了多元宇宙/民主網絡，沒有半點外交專業的林昶佐也當了芬蘭大使，不知交通為何事的陳世凱也當了交通部長。

整個政府都在去專業化、去菁英化，不出事才奇怪。

中華電的破洞是還有機會補起來，但其它地方還會不停失血，就像過去八年看到的，各種問題會此起彼落的一直出現。

只有讓詐騙政府下台，國家機器才有修復的可能。
-------------------------
小額贊助，支援長期寫作，對抗認知作戰
街口帳號：(396) 908239124",67MnyJgBYyXFyqZO8D-z,NOT_RUMOR,2025-08-20 15:45:17.490000+00:00,NOT_RUMOR,1836.5618838888888,"這才嚴重❗以後你要登入網站.就沒那麼容易了❗
【fm:工程師看政治2】
Google宣佈自今年8月1日起，將不再預設信任中華電信簽發的TLS憑證，意思是8/1號之後，當我們要用Chrome瀏覽很多政府網站的時候(e.g., 健保卡網路服務、電子化政府入口、報稅系統)，可能會看到「你的連線不是私人連線」的畫面。

如果網站使用的是8/1之後發出來的憑證，Google會用顯眼的紅色畫面警告使用者，密碼",1,0,0,scam,2025,2025|scam,recent,recent
436,2t1zauy2cmv47,2025-11-04 07:07:06.401000+00:00,TEXT,"【你的一票=癌友希望】

❤️只要花10秒投票, 就能幫助1200人次癌友, 獲得3個月專業營養照護！

這不是捐錢. 而是「投票做公益」
👉 https://reurl.cc/9bzkGV
👉提案編號：4799

我們是「癌症關懷基金會」, 全台唯一專注推廣全食物健康飲食的團隊。

只有8位正職、沒有房、沒有地, 但15年來, 靠著一群醫院臨床背景營養師, 堅持免費為癌友量身指導：
➊. 訂正每一餐
➋. 調整每一份菜單
➌. 給予每日飲食建議
幫助癌友恢復健康、降低癌症復發與轉移風險, 重拾希望。

🔴 「衛福部「報告：台灣每４分鐘就有１人罹癌
🔴 WHO (世界衛生組織)：近 1/3 的癌症死亡可歸因於飲食相關問題
🔴 但健保卻未給付營養諮詢, 許多癌友因此錯失「吃對的機會」，導致治療成效下降或復發風險升高！

🟧所以, 我們參加了台新銀行「您的一票，決定愛的力量」活動。

若能衝高票數, 獲得 60萬元公益獎金, 我們將能幫助 1200人次癌友接受３個月專業指導, 讓「營養照護」不再是特權, 而是希望的起點。

❤️ 請立即投票＋轉發給朋友
👉 https://reurl.cc/9bzkGV

📅 活動時間：11/1–11/30
每人有10票（同單位限投1票）

同場推薦好夥伴 
👉 中華身心障礙運動休閒服務協會 https://reurl.cc/gnvAQ7
👉提案編號：4796

你的1票, 就是某個癌友重生的依靠！💪",ucHBUpoBWwAUNc5biQ6y,NOT_RUMOR,2025-11-05 06:43:26.762000+00:00,NOT_RUMOR,23.605655833333334,"【你的一票=癌友希望】

❤️只要花10秒投票, 就能幫助1200人次癌友, 獲得3個月專業營養照護！

這不是捐錢. 而是「投票做公益」
👉 https://reurl.cc/9bzkGV
👉提案編號：4799

我們是「癌症關懷基金會」, 全台唯一專注推廣全食物健康飲食的團隊。

只有8位正職、沒有房、沒有地, 但15年來, 靠著一群醫院臨床背景營養師, 堅持免費為癌友量身指導：
➊. 訂正每",2,1,4,health,2025,2025|health,recent,recent
437,1c9mjr2h6edbc,2025-07-13 05:59:08.605000+00:00,TEXT,"2008年，富商王永慶離世，子女在清點遺產的時候，意外發現父親在瑞士銀行有400億的存款，于是子女們為了得到遺產，爭前恐后的前往取錢，結果卻被告知，一分錢也不能取走。

2008 年深秋，台北的雨下得纏綿。王永慶的子女們站在殯儀館的挽聯下，黑傘邊緣的水珠滴落，砸在锃亮的皮鞋上，濺起細碎的水花。

沒人提及父親生前那句 “財富是責任不是享樂”，議論聲里全是 “南亞塑膠的股份”“美國的不動產”。

直到律師翻開瑞士銀行的加密函件，說出 “四百億” 這個數字時，雨幕里的空氣突然凝固了。

最先訂機票的是長子王文洋。他帶著三位律師沖進蘇黎世分行時，羊絨大衣還沾著跨洋航班的寒氣。

銀行經理隔著防彈玻璃，用流利的中文念出條款：“王永慶先生設立的是‘不可撤銷信托’，除非本人持密鑰到場，任何代理人無權動用。” 

王文洋的指甲在公文包上掐出印子 —— 他想起父親去年在家族聚會上摔碎茶杯，只因弟弟王文祥提了句 “瑞士賬戶該更新受益人”。

消息傳回台北，王家的別墅里立刻炸開了鍋。二女兒王雪紅把平板電腦拍在茶幾上，屏幕里是她旗下企業的股價走勢圖：“我現在急需現金流，爸不可能這麼對我。” 

最小的兒子王文堯紅著眼圈，手里捏著父親送他的鋼筆：“你們忘了？爸說過最疼我……” 

爭吵聲驚動了隔壁的老管家，他看著這群在商場上呼風喚雨的子女。

突然想起三十年前，王永慶帶著他們在桃園的農田里插秧，說 “錢要像稻穗，沉下去才會有收成”。

駐瑞士大使館的參贊第三次約談銀行高管時，窗外的萊茵河正泛著冷光。“王先生的子女提供了全部法律文件，包括死亡證明和親屬關系公證。”

 參贊推過去的文件夾里，還夾著王永慶早年在台塑工廠的工作照 —— 照片上的年輕人穿著工裝，手里攥著扳手，笑容比燈泡還亮。

銀行行長卻指著信托協議第 17 條：“他特別注明，若本人離世時無書面遺囑，資金將分二十年注入‘長庚醫療基金’，每年劃撥二十億，用于貧困地區的癌癥治療。”

律師們在日內瓦的辦公室里熬了三個通宵。他們試圖從 “不可撤銷” 的條款里找到漏洞，卻在翻閱王永慶近五十年的資金往來記錄時沉默了。

這位以節儉聞名的富商，每年都匿名向基金會匯款，數額恰好是他當年利潤的百分之十五。

更驚人的是 2003 年的一筆轉賬備注：“留給子女的，是肩膀上的擔子，不是銀行里的數字。”

最終到子女們手里的一百億，來自王永慶在台灣的個人賬戶。

那筆錢到賬那天，王雪紅正在參加新手機的發布會，助理在她耳邊報完數字，她對著鏡頭的笑容絲毫未變。

王文洋用這筆錢收購了一家歐洲的化工企業，簽約時的鋼筆，和父親送他的那支一模一樣。

王文堯則在台北開了家藝術品投資公司，展廳里最顯眼的位置，掛著一幅臨摹的《富春山居圖》。

卻沒人知道，父親生前總說 “真正的財富是能幫多少人活下去”。

長庚醫院的病房里，護士們正在調試新引進的質子治療設備。機器的顯示屏上，閃爍著 “王永慶基金會捐贈” 的字樣。

有個患白血病的農村孩子躺在治療台上，母親握著她的手說：“是一位好心的爺爺幫我們付了錢。” 

孩子眨著眼睛問：“爺爺住在哪里？” 母親望向窗外的陽光，輕聲說：“住在很多人心里。”

瑞士銀行的金庫深處，那四百億依舊躺在恒溫的保險柜里。

每年的 1 月 15 日 —— 王永慶的誕辰，都會有一筆巨款準時匯入全球各地的癌癥中心。

而台北的王家大宅里，子女們偶爾會在清明聚首，談論著股價和匯率，沒人再提起瑞士的那筆錢，仿佛那只是一場被雨淋濕的幻夢。

只有老管家記得，王永慶生前最后一次整理書房，曾對著一張泛黃的插秧照片喃喃自語：“稻子熟了，要彎腰，才不會被風刮倒。”",pLXohZoBiuCfV4cp65Bg,RUMOR,2025-11-15 05:07:05.693000+00:00,RUMOR,2999.132524444444,"2008年，富商王永慶離世，子女在清點遺產的時候，意外發現父親在瑞士銀行有400億的存款，于是子女們為了得到遺產，爭前恐后的前往取錢，結果卻被告知，一分錢也不能取走。

2008 年深秋，台北的雨下得纏綿。王永慶的子女們站在殯儀館的挽聯下，黑傘邊緣的水珠滴落，砸在锃亮的皮鞋上，濺起細碎的水花。

沒人提及父親生前那句 “財富是責任不是享樂”，議論聲里全是 “南亞塑膠的股份”“美國的不動產”。

直",1,0,0,scam,2025,2025|scam,recent,recent
438,3rsjhapcbbckk,2025-11-12 22:35:05.374000+00:00,TEXT,https://vocus.cc/article/68ba657bfd89780001f8839d,p7XLepoBiuCfV4cpMX0K,OPINIONATED,2025-11-13 01:18:48.073000+00:00,OPINIONATED,2.7285275,https://vocus.cc/article/68ba657bfd89780001f8839d,0,0,0,other,2025,2025|other,recent,recent
439,oad9h735j8ek,2025-07-28 03:06:18.583000+00:00,TEXT,"第四：
為什麼不能綁定金融卡來直接操作？以及提領出金問題

這其實就牽涉到整體系統的設計邏輯：【康和AI選股】系統是獨立的佈局專戶，金融卡只是你個人銀行帳戶，系統無法調用也無法統籌操作。

綁定金融卡其唯一目的是便於大家提領資金，提領申請後，資金一般於24小時內入帳；若遇週末或國定假日，則順延至下一個工作日（通常為週一）

所以，請大家放心也務必理解，這並非多此一舉，而是讓每位參與者真正站在主力位置，享有專業系統的核心優勢。這就是我們之所以能穩定獲利的關鍵所在！

每一筆入金儲值以及提領出金都有金管會內部監管，還有每次入金的匯款憑證大家自行可以保存起來，若沒法出金，你可公開以及去金管會檢舉，也可以直接私訊與我，查獲屬實是會賠償大家全部資金。
同時所在公司都會被整頓，所以，會絕對保證合作新老成員的資金安全的",kbKf75kBFga8s_RaVQW6,RUMOR,2025-10-17 00:43:40.857000+00:00,RUMOR,1941.622853888889,"第四：
為什麼不能綁定金融卡來直接操作？以及提領出金問題

這其實就牽涉到整體系統的設計邏輯：【康和AI選股】系統是獨立的佈局專戶，金融卡只是你個人銀行帳戶，系統無法調用也無法統籌操作。

綁定金融卡其唯一目的是便於大家提領資金，提領申請後，資金一般於24小時內入帳；若遇週末或國定假日，則順延至下一個工作日（通常為週一）

所以，請大家放心也務必理解，這並非多此一舉，而是讓每位參與者真正站在主力位",3,0,0,scam,2025,2025|scam,recent,recent
440,i37uxoti84m6,2026-04-07 00:43:07.851000+00:00,TEXT,"最骯髒蔬果「菠菜奪冠」　營養師：這款魚類也少吃 | 三立新聞網 | LINE TODAY

https://liff.line.me/1454987169-1WAXAP3K/v3/article/2D3rLOe?utm_source=lineshare",OMy4ZZ0BZgZZYBoaFiBL,NOT_RUMOR,2026-04-07 02:14:16.394000+00:00,NOT_RUMOR,1.519039722222222,"最骯髒蔬果「菠菜奪冠」　營養師：這款魚類也少吃 | 三立新聞網 | LINE TODAY

https://liff.line.me/1454987169-1WAXAP3K/v3/article/2D3rLOe?utm_source=lineshare",0,0,1,health,2026,2026|health,recent,recent
441,o52p955wb3dd,2025-12-04 01:23:33.814000+00:00,TEXT,"台灣最新詐騙手法！新北一名女子只接「1通電話」而已，她也沒有匯款，銀行存款8300萬元直接消失，錢財一夕全沒了，驚人新型詐騙手法曝光，很多人都上當過！

來源：TVBS
https://search.app/eMZ7Zd9zy6g3EmB36",mBkn55oBElZarx-V2PSW,NOT_RUMOR,2025-12-04 02:18:59.605000+00:00,NOT_RUMOR,0.9238308333333334,"台灣最新詐騙手法！新北一名女子只接「1通電話」而已，她也沒有匯款，銀行存款8300萬元直接消失，錢財一夕全沒了，驚人新型詐騙手法曝光，很多人都上當過！

來源：TVBS
https://search.app/eMZ7Zd9zy6g3EmB36",3,0,0,scam,2025,2025|scam,recent,recent
442,39cg9zwk8n0xu,2025-10-03 14:40:51.838000+00:00,TEXT,"@KM-mx9lf
16 小時前
1.堰塞湖周圍土地是農業部林業及自然保育署管轄。

2.造成堰塞湖的因（土石崩落）是農業部農村發展及水土保持署業務。

3.堰塞湖產生的果（河道阻塞、洪水、淹水）是經濟部水利署的業務。


花蓮縣政府，根本無權管理堰塞湖及下游的河川

而按照過去民國100年建立的災害防治應變條例sop
中央內政部要通知地方政府撤離居民，需要立即調派國防部的兵力協助撤離，否則光靠一個鄉里的警消人力，絕對無法完成，更何況是花蓮縣的偏鄉

然而
天災發生時，內政部長必須立刻進駐災害應變指揮中心主持調度，而靠酬庸出身的劉世芳，懂這些嗎？不僅不懂立刻調派兵力支援撤離，劉世芳還自己發明垂直撤離，光復鄉多是一些老弱，不少還是一樓平房的，如何垂直撤離？

民進黨無知的側翼，護航說中央有9次通知縣政府，這些禽畜，不敢說的是，9次中，有6次是23日事發當天臨時通知，花蓮縣政府，從21日就開始安排撤離事宜，但人力不足，中央內政部也沒增加兵力支援撤離，全怪縣長出國，別忘了，縣長出國前一個月也就是8/12，還向中央求援諮詢堰塞湖上游問題，中央主管機關，還強調沒有立即危險，預計10月才有警戒可能，這些國會質詢都有紀錄可查，所以花蓮縣長才應韓國姊妹市邀請出訪進行姊妹市交流，這樣卻被民進黨抹黑

民進黨中央部會，沒想到不到10月，9/23就出事，出事前2周才臨時向李鴻源求救，當時水位已滿到將近9000萬頓，所以李鴻源才說不可能爆破，因為為時已晚

事情被拖到如此危急才臨時處裡，是誰廢弛職務，全是一些沒有專業，只靠政治鬥爭上任的酬庸就能當部長院長


綜合以上：

除了上述因素，還有一個重要原因就是：

民進黨中央，在出事前，一直粉飾太平，
說堰塞湖只是溢流，沒有立即潰堤危險

所以部分村民遇到縣政府人員要求撤離時，就說只是溢流，情況沒那麼嚴重

結果事實就是堰塞湖上游潰堤，才導致9000萬噸的水，傾瀉而下，導致今天大災

整個絕對的責任，完全就是民進黨執政的中央

我怎麼看，都看不出對堰塞湖沒有預算與權力及專員管理的地方政府，在這次洪災有何責任？",yNz6qpkBqt9RyOeyyIh9,RUMOR,2025-10-03 16:49:46.099000+00:00,RUMOR,2.1484058333333333,"@KM-mx9lf
16 小時前
1.堰塞湖周圍土地是農業部林業及自然保育署管轄。

2.造成堰塞湖的因（土石崩落）是農業部農村發展及水土保持署業務。

3.堰塞湖產生的果（河道阻塞、洪水、淹水）是經濟部水利署的業務。


花蓮縣政府，根本無權管理堰塞湖及下游的河川

而按照過去民國100年建立的災害防治應變條例sop
中央內政部要通知地方政府撤離居民，需要立即調派國防部的兵力協助撤離，否則光靠一",0,1,0,political,2025,2025|political,recent,recent
443,1124vzu6ke0h8,2025-09-20 02:33:55.553000+00:00,TEXT,"是我觀看YouTube影片的時候，跳出來的廣告 
https://rvsiuoda.com/products/16071590561365023347192210?utm_source=ad&utm_medium=google&utm_origin=shopline&utm_campaign=634372&utm_content=22989528238&adset_id=183668032543&utm_term=774532538799&aatid=4944873149&gad_source=2&gad_campaignid=22989528238&wbraid=CloKCQjw_rPGBhDUARJJAI1XaqPt40SyMZwdcZ1iFqdvsmOyxe7oqEwBaIszW6b9NpK7UlmcZzjDoGau4QoJBOXoSFCg4pLL0nBZD1H9Tss7tn4utTr6ZhoC6Bg",kYCgZ5kB29ocKseu1hVQ,NOT_RUMOR,2025-09-20 14:56:57.932000+00:00,NOT_RUMOR,12.383994166666668,"是我觀看YouTube影片的時候，跳出來的廣告 
https://rvsiuoda.com/products/16071590561365023347192210?utm_source=ad&utm_medium=google&utm_origin=shopline&utm_campaign=634372&utm_content=22989528238&adset_id=183668032543&",0,0,0,other,2025,2025|other,recent,recent
444,2y27m8jh7hi40,2025-07-25 08:53:57.085000+00:00,TEXT,"快訊！ 
各位駕駛朋友，聽好囉 ！
這不是開玩笑，關乎你荷包的大事！

消息來啦——南投休息站已經開始玩真的，
限速只有 40 公里！

沒錯，你沒看錯，就是那個連腳踩油門都心癢難耐的40公里。

如果你心想：「哎呀沒事啦，照常80公里滑進去～」
恭喜你，可不是恭喜發財 ！ 

你將獲得『豪華交通套餐』：
罰款 12,000 元（十二張藍藍的大鈔）
駕照扣牌 6 個月，
再送一席道安講習尊榮席，
是不是感覺很「超值」？

想說只是進休息站上個廁所，結果……
3000元起跳，三張千元大鈔掰掰！
這代價是不是比喝咖啡還苦？

重點來了：
看到限速 40 公里牌子，請立刻收油減速，
不然 20 公尺內就有小小相機等著幫你拍一張「價值連城」的紀念照。

還有啊！
別以為只有南投，
很可能接下來全台休息站都跟進，
到時候可別說沒提醒你喔！

荷包保衛戰，從踩住煞車開始吧！",ZOhrQZgBDktNo1YhrfyW,OPINIONATED,2025-07-25 11:50:32.597000+00:00,OPINIONATED,2.943197777777778,"快訊！ 
各位駕駛朋友，聽好囉 ！
這不是開玩笑，關乎你荷包的大事！

消息來啦——南投休息站已經開始玩真的，
限速只有 40 公里！

沒錯，你沒看錯，就是那個連腳踩油門都心癢難耐的40公里。

如果你心想：「哎呀沒事啦，照常80公里滑進去～」
恭喜你，可不是恭喜發財 ！ 

你將獲得『豪華交通套餐』：
罰款 12,000 元（十二張藍藍的大鈔）
駕照扣牌 6 個月，
再送一席道安講習尊榮席，
",0,0,0,other,2025,2025|other,recent,recent
445,2no1g4us4xc7q,2025-07-29 06:46:27.836000+00:00,TEXT,"您已被邀請加入「芃禾未來 & 智善如一」！請點選以下連結加入社群！
https://line.me/ti/g2/BC0Ef4IWrgU7mz-sm2BULtrluYgU7UE3Z2EJLw?utm_source=invitation&utm_medium=link_copy&utm_campaign=default",30fTx5wBB0eXeo82fLlu,RUMOR,2026-03-07 10:24:11.884000+00:00,RUMOR,5307.628902222223,"您已被邀請加入「芃禾未來 & 智善如一」！請點選以下連結加入社群！
https://line.me/ti/g2/BC0Ef4IWrgU7mz-sm2BULtrluYgU7UE3Z2EJLw?utm_source=invitation&utm_medium=link_copy&utm_campaign=default",0,0,0,other,2025,2025|other,recent,recent
446,2oo8r6y5gs9l4,2025-09-11 06:28:23.982000+00:00,TEXT,"LINE收到「請完成 Apple或Google帳號設定」通知？🙅🏻‍♂️非詐騙！為官方發送的安全設定通知

實際狀況：https://mgp.care/hpaekx

LINE會不定期通知完成與Apple或Google帳號同步綁定，確保帳號更健全🙏",P9JfO5kBHl7v1na3wmGh,NOT_RUMOR,2025-09-12 00:42:35.552000+00:00,NOT_RUMOR,18.236547222222224,"LINE收到「請完成 Apple或Google帳號設定」通知？🙅🏻‍♂️非詐騙！為官方發送的安全設定通知

實際狀況：https://mgp.care/hpaekx

LINE會不定期通知完成與Apple或Google帳號同步綁定，確保帳號更健全🙏",2,0,0,scam,2025,2025|scam,recent,recent
447,b54epnegkmy7,2025-08-01 02:09:44.445000+00:00,TEXT,"溫馨提醒
👉全民普發現金1萬元的詐騙手法，已經開始動作了。
👉大家一定不要點選連結, 更不要填寫資料！",iw4CZZgBngzKCCgMHJHk,NOT_RUMOR,2025-08-01 09:41:34.051000+00:00,NOT_RUMOR,7.530446111111111,"溫馨提醒
👉全民普發現金1萬元的詐騙手法，已經開始動作了。
👉大家一定不要點選連結, 更不要填寫資料！",1,0,0,scam,2025,2025|scam,recent,recent
448,1gxt5327jyo99,2025-07-26 11:52:48.072000+00:00,TEXT,"國道各服務區進出口限速40
7/19已從國3南投休息站開拍，相信會陸續施行
這起步價1200一張
如果開80,就恭喜您得大全套
罰單1200-2400元一張
+扣車牌6個月
+道安講習
提供給各位參考",S-l8TpgBDktNo1YhSBKH,NOT_RUMOR,2025-07-28 00:43:44.646000+00:00,NOT_RUMOR,36.84904833333333,"國道各服務區進出口限速40
7/19已從國3南投休息站開拍，相信會陸續施行
這起步價1200一張
如果開80,就恭喜您得大全套
罰單1200-2400元一張
+扣車牌6個月
+道安講習
提供給各位參考",1,0,0,scam,2025,2025|scam,recent,recent
449,8su34pfv8tnd,2026-04-01 05:37:33.584000+00:00,TEXT,"二、真正的致命點（重點一定要講）
不是簡訊被刪
而是這兩件事同時成立：
LINE 語音驗證「會進語音信箱」
電信語音信箱「預設密碼沒改」
只要這兩個條件存在，
任何人只要知道你手機號碼，就有機會偷到驗證碼。

三、一定要立刻做的 5 件事（防止再發生）
1️⃣ 立刻關閉「語音信箱」
或至少：
改語音信箱密碼（不要用 0000 / 1234 / 生日）
關閉「遠端聽取功能」
（打給電信客服最快，直接說：
「我要關閉語音信箱或重設遠端密碼」）

2️⃣ LINE 帳號設定必做
開啟「兩步驟驗證」
綁定 Email（確保能申訴）
設定裝置鎖定（非必要裝置不可登入）

3️⃣ 千萬不要忽略「沒接的驗證電話」
有不明驗證來電
→ 立刻檢查語音信箱
→ 若有內容，直接刪除並改密碼

4️⃣ 朋友也要提醒（這很重要）
因為這種攻擊：
不需要釣魚
不需要你點連結
只要你「沒改語音信箱密碼」

5️⃣ 已經中招的人
不要一直重辦帳號
先把「語音信箱問題完全解掉」
等 LINE 解鎖期滿一次成功復權

懶人包 :
記得打去給電信客服說要關閉語音信箱功及重設遠端密碼",IMz0U50BZgZZYBoaygSC,NOT_RUMOR,2026-04-03 15:27:24.800000+00:00,NOT_RUMOR,57.83089333333333,"二、真正的致命點（重點一定要講）
不是簡訊被刪
而是這兩件事同時成立：
LINE 語音驗證「會進語音信箱」
電信語音信箱「預設密碼沒改」
只要這兩個條件存在，
任何人只要知道你手機號碼，就有機會偷到驗證碼。

三、一定要立刻做的 5 件事（防止再發生）
1️⃣ 立刻關閉「語音信箱」
或至少：
改語音信箱密碼（不要用 0000 / 1234 / 生日）
關閉「遠端聽取功能」
（打給電信客服最快，直接",2,0,0,scam,2026,2026|scam,recent,recent
450,3oi0yb0740zhm,2025-05-20 09:49:33.098000+00:00,TEXT,"(sparkles)黃仁勳這席話倒不假

世界一直在改變 , 
沒有人會在原地等你 , 
請告訴您的孩子吧！
打火機出現 , 火柴消失 。
計算機出現 , 算盤消失 。
CD 出現 , 錄音機消失 。
數位相機出現 , 
膠卷底片市場沒了 …！
消費者直購出現 , 
傳統市場生意萎縮了 。
智慧手機出現 , 4G 出現 , 回家就少用電腦了 。
微軟視窗出現 ,
IBM 被取代了。
並非誰奪走誰的生意 , 
而是人們更懂得接受新事物！
有人問黃仁勳你為什麼那麼成功？
很簡單：《我在做、你在享受》
很多人一生輸 , 
就輸在新事物 。
看不見 , 看不起 , 看不懂 , 來不及！
記住：
世界一直在改變 , 
你若不主動改變，
終究會被世界給改變，
沒有人會一直在原地等你！
時間在哪？成就在哪？
把時間用來喝酒；
成就了～ 酒量 。
把時間用來抱怨；
成就了～怨婦 。
時間放在自己臉上；
成就了～美女 。
時間放在養生上；
成就了～健康的身體 。
把時間用來挑剔；
成就了～刻薄 。
把時間用來學習；
成就了～智慧 。
把時間用在家庭；
成就了～親情 。
超讚的一番話語 ~
請轉傳給你 “關心”的人",cF3k_ZYBfs35m9MiQgRj,RUMOR,2025-05-23 16:05:17.027000+00:00,RUMOR,78.2622025,"(sparkles)黃仁勳這席話倒不假

世界一直在改變 , 
沒有人會在原地等你 , 
請告訴您的孩子吧！
打火機出現 , 火柴消失 。
計算機出現 , 算盤消失 。
CD 出現 , 錄音機消失 。
數位相機出現 , 
膠卷底片市場沒了 …！
消費者直購出現 , 
傳統市場生意萎縮了 。
智慧手機出現 , 4G 出現 , 回家就少用電腦了 。
微軟視窗出現 ,
IBM 被取代了。
並非誰奪走誰的",0,0,0,other,2025,2025|other,recent,recent
451,24sdwldgic1c4,2026-03-25 00:11:00.725000+00:00,TEXT,"5月18日國際博物館日
相關單位免費入場資訊如下：

1.國立故宮博物院
2.國立臺灣博物館（5/17-5/18免費入館）
3.國立歷史博物館（5/17-5/18免費入館）
4.臺北市立美術館
5.富邦美術館（5/18免費入館，5/15-5/17持富邦美術館過往任一展覽門票亦免費入館）

6.朱銘美術館
7.郵政博物館
8.長榮海事博物館
9.孫運璿科技人文紀念館
10.新北市美術館（即日起至6/30免費入館）

11.新北市立鶯歌陶瓷博物館（即日起至6/30免費入館）
12.新北市坪林茶業博物館
13.新北市立淡水古蹟博物館
14.新北市立十三行博物館
15.新北市立黃金博物館
16.國定古蹟林本源園邸
17.國立海洋科技博物館（5/17-5/18典藏館免費入館）
18.陽明海洋文化藝術館（5/17-5/18免費入館）

19.桃園77藝文町
20.馬祖新村眷村文創園區
21.桃園市兒童美術館
22.南崁兒童藝術村
23.大園尖山考古展示館（考古館常設展免票）
24.中壢光影電影館（常設展與電影播映免票）

25.太武新村眷村文化園區
26.龜山眷村故事館
27.憲光二村眷村文化園區
28.新竹市玻璃工藝博物館
29.宜蘭美術館
30.台灣碗盤博物館
31.三義木雕博物館

中部：4場館
1.國立自然科學博物館
2.中台世界博物館（即日起至5/18免費入館）
3.郵政博物館臺中館
4.台灣手抄紙博物館

南部：13場館
1.中央廣播電臺國家廣播文物館
2.溪口鄉文化生活館
3.嘉義市立博物館
4.嘉義市立美術館
5.國家廣播文物館
6.臺南市立博物館（5/17-5/18免費入館）
7.國立故宮博物院南部院區
8.國立臺灣歷史博物館（5/17-5/18免費入館）
9.國立臺灣史前文化博物館南科考古館（5/17-5/18免費入館）
10.高雄市立美術館
11.臺灣原住民族文化園區
12.屏東縣王船文化館
13.屏菸1936文化基地

東部：3場館
1.花蓮縣石雕博物館（＊5/17免費入館）
2.花蓮縣考古博物館
3.國立臺灣史前文化博物館（5/17-5/18免費入館）

離島：5場館
1.澎湖生活博物館（5/17-5/18免費入館）
2.澎湖開拓館（5/17-5/18免費入館）
3.澎湖海洋資源館（5/17-5/18免費入館）
4.澎湖化石館（5/17-5/18免費入館）
5.馬祖民俗文物館",zStjQZ0BP5PtGVdQfFxO,NOT_RUMOR,2026-03-31 00:55:32.171000+00:00,NOT_RUMOR,144.74206833333332,"5月18日國際博物館日
相關單位免費入場資訊如下：

1.國立故宮博物院
2.國立臺灣博物館（5/17-5/18免費入館）
3.國立歷史博物館（5/17-5/18免費入館）
4.臺北市立美術館
5.富邦美術館（5/18免費入館，5/15-5/17持富邦美術館過往任一展覽門票亦免費入館）

6.朱銘美術館
7.郵政博物館
8.長榮海事博物館
9.孫運璿科技人文紀念館
10.新北市美術館（即日起至6/",1,0,0,scam,2026,2026|scam,recent,recent
452,2e6dfvfuoccnd,2025-11-15 14:08:21.148000+00:00,TEXT,總公司為史達德股份有限公司是一家總部位於德國的百年製藥公司，專注於三大支柱戰略：消費者健康、仿製藥和特藥，公司在全球超過100個國家銷售產品，並致力於透過優質的仿製藥和消費者健康產品來改善人們的健康,E7UXiJoBiuCfV4cpYZUI,RUMOR,2025-11-15 15:17:04.903000+00:00,RUMOR,1.1454875,總公司為史達德股份有限公司是一家總部位於德國的百年製藥公司，專注於三大支柱戰略：消費者健康、仿製藥和特藥，公司在全球超過100個國家銷售產品，並致力於透過優質的仿製藥和消費者健康產品來改善人們的健康,0,0,1,health,2025,2025|health,recent,recent
453,y6hc260h2495,2025-09-17 10:35:36.182000+00:00,TEXT,"♦️ 蔡正元 👍

告訴徐國勇ㄧ點知識

民進黨秘書長徐國勇說
麥克阿瑟是「同盟國亞洲地區統帥」
他下令「中國戰區統帥」蔣介石
「代表同盟國接收台灣」
因爲「蔣介石是麥克阿瑟的下屬」

徐國勇的說法證實他是一頭「長毛象」
真的有夠無知

第一
同盟國在二次大戰時分成六個戰區
歐洲戰區 
地中海戰區
西南太平洋戰區 
太平洋艦隊戰區
中國及緬印戰區
蘇聯東線戰區
各個戰區互不統屬
各自作戰

第二
麥克阿瑟只是「西南太平洋戰區總司令」
不是什麼「亞洲地區統帥」
也不是外傳的「遠東地區統帥」
因爲他的頭銜是「Supreme Commander」
只能翻譯成「總司令」
如果是「統帥」或「元帥」
英文頭銜是「Generalissimo」
麥克阿瑟從來沒有行情可以當「統帥」

第三
日本昭和天皇投降後
麥克阿瑟改任「駐日盟軍總司令」
也只是「日本區總司令」
蔣介石的地位在二戰時期
ㄧ直都是「中國及緬印戰區統帥」
英文頭銜都是「Generalissimo」
開羅宣言上蔣介石的頭銜
就是「統帥Generalissimo」
憑麥克阿瑟的「總司令級」的份量
能坐在開羅會議的桌椅上嗎？

第四
1945年蔣介石的法律位階
已經是「國民政府主席」
就是國家元首
蔣介石很早就是「中國統帥」
麥克阿瑟直到1944年12月18日
才晉升「五星上將」
英文是「General of the Army」
麥克阿瑟和蔣介石都是「五星」
那是兩國的授星制度不同所致
依照美國的授星觀念
蔣介石應該是「六星元帥」

第五
蔣介石領導的戰區比麥克阿瑟大太多
政治地位和軍銜也高太多
麥克阿瑟只是美國的「國防部次長」而已
只有「白目的白痴」才會說
蔣介石是麥克阿瑟的下屬❗

https://www.facebook.com/100044409910181/posts/pfbid0qEirn4ZWf2FJF3cVsmD3r8TGxNuR4fskuSBngxHP99w7suZ89eeYmVPT6oWf1Hq1l/?mibextid=CDWPTG",DtzQp5kBqt9RyOeyc4I0,OPINIONATED,2025-10-03 02:04:40.113000+00:00,OPINIONATED,375.4844252777778,"♦️ 蔡正元 👍

告訴徐國勇ㄧ點知識

民進黨秘書長徐國勇說
麥克阿瑟是「同盟國亞洲地區統帥」
他下令「中國戰區統帥」蔣介石
「代表同盟國接收台灣」
因爲「蔣介石是麥克阿瑟的下屬」

徐國勇的說法證實他是一頭「長毛象」
真的有夠無知

第一
同盟國在二次大戰時分成六個戰區
歐洲戰區 
地中海戰區
西南太平洋戰區 
太平洋艦隊戰區
中國及緬印戰區
蘇聯東線戰區
各個戰區互不統屬
各自作戰

第二
",0,2,0,political,2025,2025|political,recent,recent
454,2tkuajvcaxky3,2025-06-17 15:23:09.736000+00:00,TEXT,"上海老人瘋搶！
價格2.3 萬的保姆機器人
這是真的、假的？(angel Moon)(funny Moon)

前言

上海街頭出現一批特殊的「鋼鐵保姆」，價格從天價8萬暴跌至2.3萬，引發老人搶購熱潮，擦窗無誤差、餵食精準、急救響應，甚至還能陪老人下棋聊天，這些鋼鐵助手憑藉精準照護能力和經濟性優勢，正成為上海空巢老人的貼心伴侶。

它們的出現，讓不少家庭省下大筆養老開支，也讓遠在他鄉的子女不再整日提心吊膽。

更有趣的是，上海已開始大規模補貼這種「永久保姆」，讓普通家庭也能輕鬆擁有。

這些冰冷的機器究竟如何悄然改變了上海老人的晚年生活質量?

價格暴跌背後的養老經濟學

「2.3萬塊錢買個保姆，還是永久的那種」

上海七旬老人王大爺拍著家裡那個一米高的「鐵疙瘩」，眼裡閃著得意的光，這話若是放在去年，怕是要被當成天方夜譚。

一台能幹家務、會聊天、還能急救的機器人，從天價8萬跌到了普通工薪家庭也能勉強接受的2.3萬，這波降價來得莫名其妙又恰到好處。

要知道，現在上海請個住家保姆，一年下來少說也得5萬多，還得提心吊膽，擔心伺候得不周到，而這個「鐵傢伙」算下來，每天花費才63塊，比在外面吃頓像樣的午飯還便宜。

最讓王大爺樂不可支的是，這錢省下來的都是實打實的現錢，原本每月那7000多的保姆費，現在只需拿出2000塊給機器人「充電維護」，剩下的5000多可不是小數目。

「我把省下的錢全給孫子攢著上大學了！」

王大爺拍著胸脯，一臉的滿足感，不止王大爺，上海不少老人家都發現了這個「省錢祕訣」，紛紛加入搶購大軍。

更有意思的是，這些機器保姆還是「買斷式」服務，人類保姆動不動就辭職，三天兩頭要漲工資，有時候服務還跟不上。

而機器人一旦買回家，只要不壞，就能天天24小時伺候著，從不喊累，也不會突然要回老家結婚。

不少上海老人都算過這筆賬，李阿姨家的老伴中風偏癱，請保姆一個月近萬元，半年下來就要六萬，現在換成機器人，一次性投入2.3萬，剩下的錢夠他們夫妻倆出去旅遊好幾回了。

最讓人意想不到的是，這些機器保姆不僅省錢，服務質量竟然還出奇的好，從前那些稍有不慎就會打翻飯碗、扯破衣服的尷尬，現在全都不存在了，機器的手比很多年輕人還穩，像是有定海神針般，總能精準完成任務。

機器人保姆這場悄無聲息的「價格革命」，正在顛覆傳統養老市場，當越來越多的上海老人發現，只要一次性掏2.3萬，就能換來五年甚至更長時間的貼心照料，這種經濟賬誰都會算，那些高價人類保姆，怕是要坐不住了。

超越人類的護理能力

「這機器手穩得跟筷子夾豆腐似的，一粒米都不會掉。」
黃浦區的張醫生忍不住感嘆道，作為從醫四十年的老中醫，他見過無數護工餵飯，卻沒見過比這鐵傢伙更穩的「手」。

這些機器保姆擦個窗戶，誤差連0.1毫米都不到，就像給老花鏡裝了個鐳射定位儀，餵飯時那機械臂的動作，比資深護士的手還穩當，有個中風老人李大爺，原本臥床不起，在機器人幫助下，三個月就能走五十多步了，同病房其他老人還躺著動彈不得。

更讓人咂舌的是它們的「反應神經」。

有次徐奶奶半夜突發心絞痛，還沒等她喊出聲，機器人已經撥通了急救電話，還把她的血壓心率一股腦兒發給了醫院，要擱以前，沒準老人疼得滿地打滾了，家裡人才慌慌張張找電話簿。

「說它是保姆，其實更像個二十四小時不睡覺的私人醫生。」

上海東方醫院的劉主任不無佩服地說，按他的話講，不少突發情況，就是那五秒鐘的差距，決定了能不能把人從鬼門關拉回來。

上海市質檢中心也沒閒著，給這些機器人上了「緊箍咒」，就是斷了網也得能急救，電池沒電也得留一口「氣」報警，這幫質檢員也真是的，一會兒讓機器人踩高蹺，一會兒又讓它們頂著30斤重物爬樓梯，跟訓練特種兵似的。

不過這些鐵傢伙也不是十全十美，有老人抱怨機器人模仿兒女聲音太像，半夜聽見還以為兒子回來了，結果撲了個空，心裡空落落的。

為了解決這個問題，工程師們給新機器人加了個叫「情感防火牆」的東西，說白了就是個「誠實開關」，老人要是連喊好幾聲兒女的名字，機器人就不裝了，直接撥視訊電話給真人，讓親人露個臉說說話，免得老人陷入虛幻的情感世界裡。

這些細節處理得挺走心，機器是機器，親情是親情，再先進的鋼鐵也替代不了血肉相連，但這些小機靈鬼兒確實在潤物細無聲地改變著老人們的生活質量。

最神奇的是，那些原本牴觸「讓機器伺候」的老人，不經意間也被這些不知疲倦的「小助手」收服了，它們沒有脾氣，不會因為老人囉嗦而不耐煩；沒有私心，不會偷懶耍滑；更沒有情緒，永遠保持著耐心和溫和。

這些看似冰冷的機器，卻莫名其妙地為老人帶來了一種新的安全感：
一種知道自己永遠不會被遺忘、被忽視的踏實感。

改寫老人與家庭關係

數字會說話，上海社群醫院的一組調查，讓所有人都瞪大了眼睛：
用上機器人保姆的老人，抑鬱情緒平均下降了七成

這可不是小數目，比很多心理藥物還管用。

閔行區的周奶奶就是個活生生的例子，老伴去世後，她整天悶在家裡，連樓下的麻將都懶得去打了，兒女不放心，買了個機器人陪她，剛開始周奶奶還嫌棄，覺得這鐵疙瘩不如真人，可誰知道一個月後，兩人「打得火熱」，每天下幾盤象棋，機器人還會故意輸給她，讓老人家找回些贏的感覺。

「它從不嫌我囉嗦，我說一遍不懂，還會問第二遍，比我那急性子兒子強多了！」周奶奶笑著說，就這樣，她不知不覺從抑鬱的泥沼裡爬了出來，甚至又開始跟老姐妹們聚會了。

更有意思的是，這些「鐵保姆」悄悄改變了一家人的相處方式。

以前子女探望老人，大半時間都耗在洗衣做飯、收拾屋子上，剩下的時間累得只想躺沙發，現在這些瑣事都由機器人包了，子女來訪反而能靜下心來，陪老人聊聊天，聽聽老人講以前的故事。

在國外工作的孩子們也不再那麼焦慮了。機器人的視訊連線功能，讓他們隨時能看到父母的情況，參與老人生活的頻率居然比住在同城的親戚還高。

一位住在美國的工程師兒子，每天下班都會通過機器人跟老父親「雲吃飯」，順便檢查一下老人的用藥情況。

「我媽居然更喜歡跟機器人說心裡話」，一位女兒哭笑不得地說，「可能是因為機器人不會像我一樣嘮叨她少吃鹽吧！」

這種微妙的變化，讓老人找回了一種被尊重的感覺。他們不再只是被照顧的物件，而是有自己決定權的獨立個體。

隨著相處時間增長，不少老人甚至給機器人起了名字，當成了「家庭成員」。

有趣的是，這種人機互動，不僅沒有疏遠親情，反而成了家庭關係的潤滑劑，以前那些因為照顧老人而產生的家庭矛盾，如今都煙消雲散了。

有人擔心科技會讓親情變冷，但現實恰恰相反，當基礎照料有了著落，人與人之間的情感反而有了更純粹的表達空間，就像一位老人說的：
「以前兒女來看我，忙東忙西的，話都說不上幾句；現在反而能坐下來，好好聊聊天了。」

這場由機器人帶來的家庭關係重構，或許正是現代科技對傳統孝道的一次創新性演繹，它沒有取代親情，而是為親情創造了新的表達方式，當老人的基本需求被滿足，家人之間的交流也就不再被瑣事所累，迴歸到情感本身。

政策支援下的養老新生態

「免費送錢啊！」
家住楊浦區的劉爺爺笑得合不攏嘴，原來，上海市最近出臺了個政策，買智慧養老機器人，政府能補貼三成，劉爺爺算了算，原本2.3萬的機器人，現在只要掏1.6萬出頭，這下子又省了不少錢。

其實這只是上海各種智慧養老政策的冰山一角。

從去年開始，上海已經建立了十幾個「智慧養老示範社群」，裡面的老人們共享著各種高科技養老服務，小區裡的機器人能認出每一位老人，還記得他們的喜好和習慣，就像個不會忘事的「電子保姆」。

更厲害的是，上海的三甲醫院也坐不住了，紛紛跟機器人企業牽手合作。

復旦大學附屬華山醫院，已經開發出一套遠端醫療系統，通過機器人監測老人的健康狀況，小到血壓不穩，大到突發疾病，醫生能在第一時間知曉並作出反應。

一位老醫生打趣道：「現在病人不用來醫院，醫院直接搬到病人家裡去了。」

保險公司嗅覺也是靈得很。平安、太平洋等幾家大型保險公司已經開始嘗試將機器人保姆納入商業養老保險的附加服務專案，投保人只需多付一點點保費，就能在需要時獲得一台機器人的長期使用權，這樣一來，養老機器人的門檻又低了一截，普通工薪家庭也能輕鬆用上了。

市場前景更是一片光明。有分析師預測，到2027年，中國的養老機器人市場規模將超過500億元，隨著技術的進步和量產效應，機器人的價格還會進一步降低，功能卻會更加完善，就像當年的手機一樣，從最初的「磚頭」到現在的智慧機，既便宜又好用。

上海的這場機器人養老革命，不知不覺間已經帶動了一條完整的產業鏈。

從上游的零部件製造、人工智慧研發，到下游的售後服務、養老培訓，一大批企業如雨後春筍般湧現，僅在上海張江科技園，就有上百家與智慧養老相關的初創公司在默默耕耘。

更值得一提的是，這些企業創造的不僅是經濟價值，更是一種社會價值。

一位創業者感慨道：
「我們做這行，賺的是良心錢，看到那些老人用了我們的產品後生活變得更好，比什麼都有成就感」。

隨著這股「機器人養老風」從上海吹向全國，我們似乎看到了一幅新的中國養老圖景：
科技不冰冷，反而讓養老更有溫度；
機器不冷漠，反而讓親情有了更多表達的空間。

在這個老齡化加速的國度，上海的探索，或許正在為所有人勾勒出一條可行的未來之路。

結語

機器人保姆在上海的興起，不僅是一次養老方式的革新，更是科技與人文關懷深度融合的探索。

它既解決了養老的實際難題，又重塑了家庭關係，為老年人帶來了更有尊嚴、更加幸福的晚年生活。

未來，隨著技術的不斷進步和政策的持續支援，這種智慧養老模式有望從上海擴充套件到全國，為中國應對人口老齡化挑戰提供新思路。

在這個科技與溫情並存的未來，老年人不再是被動的照料物件，而是擁有自主選擇權的生活主體，這正是我們追求的理想養老圖景。",tuhcHpgBDktNo1Yh47fN,RUMOR,2025-07-18 16:27:40.876000+00:00,RUMOR,745.0753166666667,"上海老人瘋搶！
價格2.3 萬的保姆機器人
這是真的、假的？(angel Moon)(funny Moon)

前言

上海街頭出現一批特殊的「鋼鐵保姆」，價格從天價8萬暴跌至2.3萬，引發老人搶購熱潮，擦窗無誤差、餵食精準、急救響應，甚至還能陪老人下棋聊天，這些鋼鐵助手憑藉精準照護能力和經濟性優勢，正成為上海空巢老人的貼心伴侶。

它們的出現，讓不少家庭省下大筆養老開支，也讓遠在他鄉的子女不再整",0,0,0,other,2025,2025|other,recent,recent
455,181skxri3ozh8,2026-02-01 01:46:43.266000+00:00,TEXT,"#回爸媽家都一直提醒蛋白質要吃夠
請看這雙手：不是老，是「蛋白質被大腦吃光了」
by 林文欣｜《智慧湧現：不完備的對稱》
  
☘️☘️☘️☘️☘️☘️☘️☘️☘️☘️☘️☘️☘️☘️
很多人看到這雙手，第一個反應是：

老了就是這樣。

但說一句很多人不敢說的實話——

這不是單純的老，是身體的蛋白質，被錯用、被耗光了。

你看到的是手。

但真正消耗蛋白質的地方，

是大腦。

01

人體最耗蛋白質的器官，不是肌肉，是大腦

很多人以為蛋白質只跟肌肉有關。

錯。

👉 大腦每天都在消耗大量蛋白質。

因為：

神經傳導物質是蛋白質做的

神經修復要蛋白質

記憶、情緒、壓力反應，全都靠蛋白質

只要你一直在想、在煩、在擔心、在焦慮——

蛋白質就一直被大腦拿去燒。

02

問題來了：老人吃得少，想得卻很多

很多長輩的生活模式是這樣的：

早餐稀飯

中餐青菜

晚餐再來一碗稀飯

一整天不敢吃蛋、不敢吃肉

但腦袋整天在想：

身體會不會壞

錢夠不夠

子女有沒有孝順

以前的委屈

未來的擔憂

👉 結果是什麼？

大腦一直燒蛋白質，

但飲食完全補不回來。

03

當蛋白質不夠，身體只能「拆自己」

這時候身體只剩一條路：

👉 拆肌肉、拆皮膚、拆血管、拆末梢。

所以你會看到：

手背變薄

血管浮出來

皮膚乾皺

沒力氣

一跌倒就恢復很慢

不是因為老。

是因為身體已經沒有蛋白質可以用了。

這雙手，

不是歲月的痕跡，

是「資源被耗盡」的痕跡。

04

真正傷身的，不只是吃太少，而是「用錯腦」

再說一句很多人沒聽過的事實：

👉 情緒內耗，比走路、做事，更耗蛋白質。

一直反芻過去

一直預演未來

一直自責、比較、焦慮

這些都叫——

高耗能、低回報的思維模式。

年輕時還撐得住，

年紀大了，

蛋白質一不夠，

身體就直接垮給你看。

05

老人真正要補的，不只是蛋白質，還有「不用想那麼多」

所以真正重要的不是一句「多吃點」。

而是三件事一起做：

1️⃣ 每天一定要有足夠蛋白質

蛋

豆腐、豆漿

魚、雞肉

牛奶、優格

不用多，但不能少

2️⃣ 不要再怕蛋白質

蛋不是敵人

肉不是罪惡

不吃才是真正的風險

3️⃣ 少用耗能思維

不再反覆想無法改變的事

不再用焦慮當日常

能放下的，就放下

👉 因為每一次「想太多」，

身體都在默默幫你付出代價。

最後一句，請讓長輩看到：

老，不是命。

虛弱，很多時候是選擇。

吃對、想對，身體才有機會撐下去。

如果你身邊有長輩，

請把這篇轉給他們。

這比任何補品、保健食品，都重要。

文章來自Amy Young
  

☘️☘️☘️☘️☘️☘️☘️☘️☘️☘️☘️☘️☘️☘️
正常一天一個成人要40克蛋白質，都以蛋計算的話，約蛋5~6顆。

人生下半場
#頭腦簡單四肢發達 真的很重要",p7BYPJwBRkUkW3J-Iigy,RUMOR,2026-02-08 08:22:14.831000+00:00,RUMOR,174.59210138888886,"#回爸媽家都一直提醒蛋白質要吃夠
請看這雙手：不是老，是「蛋白質被大腦吃光了」
by 林文欣｜《智慧湧現：不完備的對稱》
  
☘️☘️☘️☘️☘️☘️☘️☘️☘️☘️☘️☘️☘️☘️
很多人看到這雙手，第一個反應是：

老了就是這樣。

但說一句很多人不敢說的實話——

這不是單純的老，是身體的蛋白質，被錯用、被耗光了。

你看到的是手。

但真正消耗蛋白質的地方，

是大腦。

01

人體最",0,0,0,other,2026,2026|other,recent,recent
456,10akl59bqa27j,2025-05-03 10:06:27.264000+00:00,TEXT,"尊敬的會員 您好！

本平台已順利完成網域防火牆的例行升級與維護工作。為確保您繼續享有安全、穩定的服務，請使用以下更新後的新網址：
https://trustybitex.com/",b-hK8pcBDktNo1YhGWOZ,RUMOR,2025-07-10 03:03:51.960000+00:00,RUMOR,1624.9568600000002,"尊敬的會員 您好！

本平台已順利完成網域防火牆的例行升級與維護工作。為確保您繼續享有安全、穩定的服務，請使用以下更新後的新網址：
https://trustybitex.com/",0,0,0,other,2025,2025|other,recent,recent
457,1y930mw84tpzx,2026-01-09 01:58:09.811000+00:00,TEXT,"訂單IZpp136 已確認 ✓
感謝許朝富使用「Vmf先買後付」服務。。您的訂單已成功提交。

重要付款通知： 您的產品已於2026/1/3 15:53:25出貨。款項將在24小時內結算。逾期付款將上報至信用中心。

訂單摘要
產品：訂製版DBpu470 iPhone 16e 128G 黑







運送資訊
收件人：龍涎鎢

收貨地址： 新北市淡水區文化路59巷五號三樓

電話： 930225221

付款資訊
付款人： 許朝富

付款方式： [已驗證 - 先買後付]

電話： 0930860

地址：台中市北區美德街

運費：（免運費）

訂單總額：15319新台幣
如需取消或退貨，或如果您並未下單，請立即與我們聯絡。

如有任何疑問或需要協助，請聯絡我們的客戶服務團隊。我們竭誠為您服務。

您的公司名稱

貴公司地址

© 2025 品牌™ | 公司政策",jke4yJwBB0eXeo82q7sh,RUMOR,2026-03-07 14:34:31.585000+00:00,RUMOR,1380.606048333333,"訂單IZpp136 已確認 ✓
感謝許朝富使用「Vmf先買後付」服務。。您的訂單已成功提交。

重要付款通知： 您的產品已於2026/1/3 15:53:25出貨。款項將在24小時內結算。逾期付款將上報至信用中心。

訂單摘要
產品：訂製版DBpu470 iPhone 16e 128G 黑







運送資訊
收件人：龍涎鎢

收貨地址： 新北市淡水區文化路59巷五號三樓

電話： 93022",1,0,0,scam,2026,2026|scam,recent,recent
458,25kkq5lykany4,2025-09-24 13:00:32.957000+00:00,TEXT,告訴你個好消息喔  他講明天回來要與我商量辦理離婚的事情,AoCHfpkB29ocKseuRDtW,RUMOR,2025-09-25 01:40:18.133000+00:00,RUMOR,12.662548888888889,告訴你個好消息喔  他講明天回來要與我商量辦理離婚的事情,0,0,0,other,2025,2025|other,recent,recent
459,1lekx72vnofi9,2025-11-21 10:38:29.762000+00:00,TEXT,"新冠又來了！這次可能不發燒，出現這5種症狀要當心。
還記得三年前新冠剛出現時，發燒咳嗽的場面嗎？這次病毒換了新花樣，不發燒也能中招。
門診最新資料顯示，很多人感染後體溫正常，卻突然病情加重。
下面這5個不起眼的症狀，可能是病毒找上門的信號：
第一個要注意的是持續頭暈。
早上起床天旋地轉，工作時腦袋發昏，這種暈和低血糖不同，是病毒攻擊神經系統的表現。
最近不少患者因為頭暈查出陽性，耽誤了最佳治療時間。

第二個症狀藏在腸胃裡。
突然拉肚子、吃不下飯、噁心想吐，別急著怪食物不乾淨。新冠病毒現在會攻擊腸道黏膜，最早可能從消化系統開始發作。如果身邊有人感染，出現腸胃問題要立刻警惕。

第三個信號在嗓子裡。
說話聲音突然沙啞，喉嚨像卡著東西，喝再多水也沒用。
這種嗓子幹癢和感冒不同，不會紅腫疼痛，卻是病毒進入呼吸道的早期警報。

第四個表現是全身酸痛。
明明沒運動卻腰酸背痛，胳膊腿像被人打了一頓。
這種酸痛是身體免疫系統正在對抗病毒，千萬別當成普通疲勞。

第五個特徵最容易被忽略。
吃飯嘗不出味道，聞不到香味，連咖啡都喝不出苦味。
雖然現在完全失去味覺的少了，但吃東西感覺變淡就要注意。

為什麼這次特別危險？因為病毒學會隱藏了。不發燒讓人放鬆警惕，帶著病毒照常上班聚餐，傳染更多人。
更麻煩的是，就算症狀輕，也可能留下後遺症，
有人康復後三個月，還感覺累得提不起勁。
遇到這些情況怎麼辦？先別慌也別拖。記錄每天的身體變化，同時做三件事：
1、減少外出接觸他人。
2、每天開窗通風三次。
3、多吃雞蛋牛奶補充蛋白質。
如果三個症狀同時出現，立刻做抗原檢測。這次疫情變化告訴我們，對抗病毒不能只盯著體溫計；身體發出的小信號，往往是健康警報。
轉發提醒家人朋友，早發現早應對，才能守住健康防線。",NxkMu5oBElZarx-VQKoH,RUMOR,2025-11-25 12:45:33.575000+00:00,RUMOR,98.11772583333334,"新冠又來了！這次可能不發燒，出現這5種症狀要當心。
還記得三年前新冠剛出現時，發燒咳嗽的場面嗎？這次病毒換了新花樣，不發燒也能中招。
門診最新資料顯示，很多人感染後體溫正常，卻突然病情加重。
下面這5個不起眼的症狀，可能是病毒找上門的信號：
第一個要注意的是持續頭暈。
早上起床天旋地轉，工作時腦袋發昏，這種暈和低血糖不同，是病毒攻擊神經系統的表現。
最近不少患者因為頭暈查出陽性，耽誤了最佳治療時間",0,0,4,health,2025,2025|health,recent,recent
460,2ebd5xnn1r1y8,2026-01-28 20:32:05.450000+00:00,TEXT,"各位長官好，醫務所報告：
鑑於近日印度喀拉拉邦疫情立百病毒疫情，我國疾管署已將立百病毒列為「第五級法定傳染病」（與A型流感同級）；基此，本所針對此病毒作疾病衛教，內容如下：
一、傳染途徑：
此病毒為人畜共通病毒，原自然宿主為果蝠，並經由牲畜及寵物等中間宿主，最後傳染給人，其中傳染途徑分為：
（一）動物傳人：經由已被感染動物的飛沫或是接觸其口鼻分泌物或其組織所感染。
（二）食物傳播：食用到受果蝠感染之分泌物污染之水果。
（三）人傳人：人類經由上述兩項途徑遭感染後，再經由飛沫、接觸其體液、分泌物或排泄物等途徑傳染給其他人。
二、潛伏期：
大多為4-14天，但有研究報告顯示曾長達45天。
三、症狀：
感染立百病毒後症狀可能有發燒、頭痛、肌肉痛、嘔吐等疑似流感的症狀，初期恐不易辨別出罹患立白病毒；隨後可能出現嗜睡、意識改變及急性腦炎或肺炎等症狀，重症患者會併發癲癇，並於24-48小時內陷入昏迷。
四、治療方式及預後：
（一）現階段沒有專門治療立百病毒的特效藥或疫苗，治療時以支持性療法（症狀治療）為主。
（二）本病毒致死率為40%以上，且康復者可能會出現癲癇等神經系統後遺症或復發腦炎。
五、注意事項：
（一）請同仁如近日有前往印度西孟加拉省及喀拉拉邦、孟加拉等疫情，應避免食用或飲用未煮熟的椰棗、椰棗樹汁，同時也應避免在當地食用或飲用可能遭果蝠污染的水果。
（二）應維持良好個人衛生習慣，並避免直接接觸病人之血液、唾液、尿液、嘔吐物等；另接觸動物時，應採取穿戴手套、口罩和工作服等適當防護措施；接觸後，應使用肥皂徹底清潔接觸及暴露部位。",MesDZpwBFWYyqTEoMv8c,NOT_RUMOR,2026-02-16 10:33:31.416000+00:00,NOT_RUMOR,446.0238794444445,"各位長官好，醫務所報告：
鑑於近日印度喀拉拉邦疫情立百病毒疫情，我國疾管署已將立百病毒列為「第五級法定傳染病」（與A型流感同級）；基此，本所針對此病毒作疾病衛教，內容如下：
一、傳染途徑：
此病毒為人畜共通病毒，原自然宿主為果蝠，並經由牲畜及寵物等中間宿主，最後傳染給人，其中傳染途徑分為：
（一）動物傳人：經由已被感染動物的飛沫或是接觸其口鼻分泌物或其組織所感染。
（二）食物傳播：食用到受果蝠感染",0,0,2,health,2026,2026|health,recent,recent
461,25qdam2tkl5pb,2026-01-16 13:45:57.515000+00:00,TEXT,https://youtu.be/ACHPA8fyox4?si=axOzhhphgjwADibN,pJVuzJsB9EfTQQdNj7bW,RUMOR,2026-01-17 14:49:16.501000+00:00,RUMOR,25.05527388888889,https://youtu.be/ACHPA8fyox4?si=axOzhhphgjwADibN,0,0,0,other,2026,2026|other,recent,recent
462,3q82n53wldhdg,2025-08-21 06:39:12.134000+00:00,TEXT,全球海產蝦都不能吃了，已測得銫 137 ，吃進人體，就破壞DNA，日本排輻射水入太平洋，蝦是食物鏈中最低一級的漁獲，已經全球汙染，越靠近日本的越糟。,I7Prz5gBYyXFyqZOQk3z,RUMOR,2025-08-22 03:55:58.578000+00:00,RUMOR,21.27956777777778,全球海產蝦都不能吃了，已測得銫 137 ，吃進人體，就破壞DNA，日本排輻射水入太平洋，蝦是食物鏈中最低一級的漁獲，已經全球汙染，越靠近日本的越糟。,0,0,0,other,2025,2025|other,recent,recent
463,shk8mhuax1wv,2025-07-24 04:33:02.525000+00:00,TEXT,"「1平民蔬菜」竟能防肺癌！它多酚含量第1名 有效清除體內自由基。
https://liff.line.me/1454987169-1WAXAP3K/v3/article/WBjO1Ra?utm_source=lineshare",C-h4P5gBDktNo1YhcffZ,NOT_RUMOR,2025-07-25 02:45:14.840000+00:00,NOT_RUMOR,22.20342083333333,"「1平民蔬菜」竟能防肺癌！它多酚含量第1名 有效清除體內自由基。
https://liff.line.me/1454987169-1WAXAP3K/v3/article/WBjO1Ra?utm_source=lineshare",0,0,0,other,2025,2025|other,recent,recent
464,2iik95l11nmf0,2026-02-26 09:34:13.083000+00:00,TEXT,"台灣用戶習慣將 LINE 聊天室的「記事本」視為免費雲端空間，但這項便利即將受限。根
據LINE 台灣官方於 2026 年 2 月 25 日發布的最新公告，為了確保服務穩定並優化效能
，台灣將緊隨日本、泰國之後，針對一般聊天室內的記事本功能進行調整。

LINE 用戶注意！記事本 4/27 起停止影片上傳，官方公告功能異動細節

本次異動的核心重點如下：

停止新增影片： 自 2026 年 4 月 27 日起，用戶將無法在一般聊天室（一對一、群組）
的記事本上傳新影片。
禁止編輯既有影片： 既有已上傳的影片將無法再進行編輯內容的操作。
LINE 社群不受影響： 官方特別強調，「LINE 社群」內的記事本功能將繼續維持，不受
本次調整波及，仍可正常上傳影片。
補充預告：付費制度「LINE Premium」將於 2026 上半年登場

在縮減免費功能的同時，LINE 先前也宣布將引進付費會員訂閱服務「LINE Premium」。
這項服務預計於 2026 年上半年正式在台上線，每月訂閱費用為 165 元。

根據官方說明，LINE Premium 旨在解決用戶在備份、影音存取與隱私管理上的長久痛點
，首波主打以下 五大進階通訊功能：

1、進階自動備份（支援跨系統換機）

提供 100GB 的 LINE 雲端空間，不只文字，連同照片、影片、語音及檔案皆能自動備份
，無過期無法存取的疑慮。更重要的是，這將解決困擾用戶多年的「iOS 與 Android 跨
系統換機」備份轉移問題。

2、相簿功能升級（支援影片儲存）

打破相簿只能存照片的限制，會員可直接從聊天室存影片至相簿（支援原始畫質），最高
可存放 100 支影片（每支上限 5 分鐘或 200MB），照片與影片合計總上限達 1,000 個
檔案。

3、自選多組個人檔案

除了原本的檔案外，會員可額外建立兩組個人檔案。使用者能針對工作、社交或家庭需求
，設定不同的大頭照與暱稱，並自主選擇向哪些好友顯示特定檔案，完美切割公私生活。

4、獨家應用程式圖示

提供多款繽紛且具設計感的 App 圖示供會員隨心更換，並預計與特定熱門 IP 合作，推
出期間限定的版本，增添個人化樂趣。 （相關報導： 發票載具刷LINE Pay沒中獎過！他
1步驟做錯「獎金全送別人」，很多人錯了還不知道 ｜ 更多文章 ）

5、多樣化應用程式字型

除了現有的預設字型與芫荽體外，將提供更多樣化的字型選擇，讓瀏覽訊息與各類內容時
更具視覺美感與個人風格。",UEiSA50BB0eXeo82fhTK,NOT_RUMOR,2026-03-19 00:50:25.606000+00:00,NOT_RUMOR,495.2701452777778,"台灣用戶習慣將 LINE 聊天室的「記事本」視為免費雲端空間，但這項便利即將受限。根
據LINE 台灣官方於 2026 年 2 月 25 日發布的最新公告，為了確保服務穩定並優化效能
，台灣將緊隨日本、泰國之後，針對一般聊天室內的記事本功能進行調整。

LINE 用戶注意！記事本 4/27 起停止影片上傳，官方公告功能異動細節

本次異動的核心重點如下：

停止新增影片： 自 2026 年 4 月",1,0,0,scam,2026,2026|scam,recent,recent
465,236qauiqgwytr,2025-04-19 08:10:45.219000+00:00,TEXT,"請於期內完成繳費否則將產生影響使用。

長期未繳款項可能列入不良記錄。

--------------------------------------------------------------------------------

帳戶目前尚有未繳費，請於 114 年 4 月 19 日（含）前完成繳費，以避免產生逾期費用或影響通行服務。

第一步：登入會員系統
請前往網站或開啟 App。

第二步：查詢未繳帳單
於「費用查詢」頁面檢視目前應繳費用。

第三步：立即完成付款
可選擇信用卡、行動支付或超商代碼等方式完成繳費。

--------------------------------------------------------------------------------

逾期未繳將產生額外費用並影響通行與帳戶使用。

如您已完成繳費，請忽略此通知。

如有疑問，歡迎聯繫遠通電收客服中心，我們將協助您處理。

謝謝配合。",y13tcpcBfs35m9MicNCI,RUMOR,2025-06-15 09:30:52.936000+00:00,RUMOR,1369.3354769444445,"請於期內完成繳費否則將產生影響使用。

長期未繳款項可能列入不良記錄。

--------------------------------------------------------------------------------

帳戶目前尚有未繳費，請於 114 年 4 月 19 日（含）前完成繳費，以避免產生逾期費用或影響通行服務。

第一步：登入會員系統
請前往網站或開啟 App。

",1,0,0,scam,2025,2025|scam,recent,recent
466,2klfeawa9j2xf,2025-04-11 07:23:44.609000+00:00,TEXT,"讓我簡單介紹一下我們的工作！

我們與 YouTube 合作，主要的工作內容是 觀看音樂影片並提升播放量。操作非常簡單，您只需要觀看我們提供的音樂影片，然後 截圖回傳 即可。

✅ 彈性工作時間 —— 依照自己的節奏進行，隨時隨地都能賺錢！
✅ 簡單易上手 —— 無需經驗，人人都能做！
✅ 收入穩定 —— 薪資依照您的工作量計算，每天約可賺 1,000 至 5,000 元！

如果您有興趣，歡迎隨時聯繫我們！📩",kFyJz5YBfs35m9Mi-rNE,RUMOR,2025-05-14 16:04:08.387000+00:00,RUMOR,800.6732716666667,"讓我簡單介紹一下我們的工作！

我們與 YouTube 合作，主要的工作內容是 觀看音樂影片並提升播放量。操作非常簡單，您只需要觀看我們提供的音樂影片，然後 截圖回傳 即可。

✅ 彈性工作時間 —— 依照自己的節奏進行，隨時隨地都能賺錢！
✅ 簡單易上手 —— 無需經驗，人人都能做！
✅ 收入穩定 —— 薪資依照您的工作量計算，每天約可賺 1,000 至 5,000 元！

如果您有興趣，歡迎隨",1,0,0,scam,2025,2025|scam,recent,recent
467,3m1qrbx7wcyel,2025-07-04 04:34:08.219000+00:00,TEXT,"好 我先介紹一下喔 我是Apple代辦分期月繳公司超低利率專員林經理不論你資質 聯徵 
信用如何 不需要保人不需要抵押品不需要勞轉 我們收取的費用是3趴代辦費 
(撥款到賬后交付)假設您借10萬就是3000 沒有其他任何費用",9uiH4pcBDktNo1YhwESO,RUMOR,2025-07-07 01:37:16.940000+00:00,RUMOR,69.05242249999999,"好 我先介紹一下喔 我是Apple代辦分期月繳公司超低利率專員林經理不論你資質 聯徵 
信用如何 不需要保人不需要抵押品不需要勞轉 我們收取的費用是3趴代辦費 
(撥款到賬后交付)假設您借10萬就是3000 沒有其他任何費用",0,0,0,other,2025,2025|other,recent,recent
468,36lsyjgh9ju8f,2025-09-25 08:17:37.537000+00:00,TEXT,"有一位自稱是縣府人員的人，在DCARD上爆料

標題：從這次花蓮事件理解到台灣沒救了
國立臺灣師範大學，今天 06:18 (已編輯)
我是第一線的縣府人員，我很清楚縣府到底做了什麼，因此今天當我看到民進黨各個立委和行政院的回覆時，我真的心冷到想移民了。

事實是林保署的九次通知都是一直在更改的，最終林保署通知建議撤走600人，而對我們縣府人員來說，這根本就沒有意義，每一次風災都需要經由氣象局、農業部、內政部確認完畢以後通知縣政府，而縣府也早在9/21就開始自行撤離民眾，直到9/22。

住在花蓮23年，每一次的颱風撤離我都在，每一次都是強制撤離然後縣府、縣長、警察局長一起盯著警察挨家挨戶強制撤離，至於這一次為什麼撤離成這樣呢，這要多虧了內政部發明了垂直避難這一套手法，我們縣府從頭到尾都是按中央要求來辦，你們要我們撤多少，儘管從600改成8000，我們都努力盡力做，然後你現在說是我們撤離不利？？你們內政部的台大團隊和陽明交大團隊交代我們，因為要疏散數千人和緊急修改應變場址有很大難度，因此讓民眾選擇採取垂直避難。

好，千錯萬錯都是我們警消的錯，縣長執政8年也不是白痴，大家都知道怎麼撤離，但你到21號晚上內政部才確認要撤離多少人和範圍，我們警消是神仙嗎？？一天撤8000人，你有本事你來啊！

就這樣吧，今天被網路罵成這樣，下班就一直狂喝，對這個政府我只能說，你們真的沒救了

拜託不要再罵我們了，有很多事情，地方根本沒能力發聲，阿彌陀佛，我們真的盡全力了…….希望我這篇文章能掀起多少波瀾吧，真的真的，我們第一線弟兄都很寒心


有一個有良心的記者寫出來了，內政部的魔幻垂直避難法，我真的跪，謝謝你


以上為我的酒後亂講，如果明天被罵，那就都是我的錯，你們都是對的

當卓今天在我們警消面前說，地方政府撤離有瑕疵的時侯我真的很想上去打一拳，你告訴我，我們哪裡有錯，什麽安排都是聽你們的，你到底憑什麼這麼說！啊！！！！！！！！！我要氣死了！！

https://www.dcard.tw/f/talk/p/259893812?cid=a4335f73-3835-4811-8757-f0afca586107&fbclid=IwVERTSANBVGRleHRuA2FlbQIxMAABHtLICCdBY-g8wftuh4IlgUe3OhOvqzA-CKFUnPmPf0UroahZpcSq7cqnd3Cq_aem_0UAu5wu1zkc8PkfMp4IkiQ",n4BugJkB29ocKseuLD_K,RUMOR,2025-09-25 10:32:08.134000+00:00,RUMOR,2.2418325,"有一位自稱是縣府人員的人，在DCARD上爆料

標題：從這次花蓮事件理解到台灣沒救了
國立臺灣師範大學，今天 06:18 (已編輯)
我是第一線的縣府人員，我很清楚縣府到底做了什麼，因此今天當我看到民進黨各個立委和行政院的回覆時，我真的心冷到想移民了。

事實是林保署的九次通知都是一直在更改的，最終林保署通知建議撤走600人，而對我們縣府人員來說，這根本就沒有意義，每一次風災都需要經由氣象局、農業",0,2,0,political,2025,2025|political,recent,recent
469,2vxhpz491jfc9,2025-04-28 04:17:37.257000+00:00,TEXT,說的太好了，馬英九確實喜歡投機，初中唸大安中學，參加北市聯考考上泰山高中，後以港澳學生身分加分25%，以第100名進入建中。建中第一年三科不及格，數學僅拿48分，原本必須留級重讀一年，馬父向老師關說不成，只得轉班，之後一路混到畢業。大學聯考時馬英九加25%仍只考上文化大學，隔年申請轉學考，終進入台大。服完兵役之後申請公費留學，以其父的關係而取得中山獎學金，到紐約大學讀碩士，然後再到哈佛讀博士。不論是在紐大或在哈佛唸書時的課業文章都是他的老婆幫他修改及打字完成的。畢業後他考了兩次律師資格考試都沒通過，在律師事務所的工作只是見習性質，之後也做了一陣子的 law clerk ，並非正式的律師。後馬父召喚他回台灣，當時蔣經國的英文翻譯宋楚瑜升任新聞局局長，英文秘書一職正在找新人遞補，馬父找黨內友人去關說，向蔣經國推薦馬英九。馬英九第一次幫蔣經國及外賓當翻譯時還差點撞翻茶几。馬英九運氣非常好，一直都有貴人在幫他，加上他懂得投機取巧，因此資質並不優秀的他竟然當上總統，但八年任內毫無建樹，只留下bumbler 、9%總統、被丟鞋的總統等稱號。,E0fkvJwBB0eXeo823Kg2,NOT_ARTICLE,2026-03-05 07:27:21.140000+00:00,NOT_ARTICLE,7467.162189722222,說的太好了，馬英九確實喜歡投機，初中唸大安中學，參加北市聯考考上泰山高中，後以港澳學生身分加分25%，以第100名進入建中。建中第一年三科不及格，數學僅拿48分，原本必須留級重讀一年，馬父向老師關說不成，只得轉班，之後一路混到畢業。大學聯考時馬英九加25%仍只考上文化大學，隔年申請轉學考，終進入台大。服完兵役之後申請公費留學，以其父的關係而取得中山獎學金，到紐約大學讀碩士，然後再到哈佛讀博士。不論,0,1,0,political,2025,2025|political,recent,recent
470,z2bpioi73kd5,2025-07-10 15:20:05.659000+00:00,TEXT,"你提出的問題非常合理，而且是做科學評估時應該要關注的關鍵點。讓我們來分段分析：

⸻

🔍 1. 太陽能板長期浸泡會不會釋放金屬離子？

是的，這在學術和產業界是已知的。專家指出，在極端條件或長期浸泡下，有些太陽能板的材料（例如焊接使用的銅、鋁邊框或電池板中的銀）可能會釋出極微量的金屬離子，但數值通常遠低於飲用水標準。這類釋出行為屬於物理老化與化學風化的結果。

不過重點是：
	•	常見太陽能板的結構是密封且固態的（不是液體或可溶物）。
	•	在一般環境（像颱風後掉進魚塭這種短暫或中期的情境）下，金屬離子的溶出量非常微小，不足以構成風險。

⸻

🧪 2. 業者進行的高溫高濕3000小時加速老化 + 7天浸泡檢驗，時間夠嗎？

這樣的測試設計其實在材料科學中是合理的模擬法，屬於「加速老化測試」（Accelerated Aging Test）。我們逐項來看：

✅ 3000小時高溫高濕測試
	•	3000小時 ≈ 125天。
	•	在高溫（可能是6085°C）與高濕（8595% RH）條件下進行，可模擬數年戶外曝曬環境的老化效應。
	•	此類測試方法廣泛用於電子、太陽能模組、塑膠與膠黏材料，被國際認可為預測耐久性的方法。

✅ 7天水中浸泡檢驗
	•	加速老化後立即進行水浸測試，是為了觀察破損板材在水中是否釋出有毒物質。
	•	雖然「7天」時間不長，但如果在模擬極端老化條件後仍未超標或無顯著污染，可以合理推估在正常環境下污染風險更低。

⸻

⚖️ 3. 這樣的測試有無限制？

是的，任何實驗設計都有侷限性：

項目	限制或注意點
加速老化測試	雖模擬老化，但無法完全涵蓋所有真實環境變數（如酸雨、海鹽霧）
7天水浸泡	無法代表數月或數年的長期風險
實驗條件選擇	若模組封裝性較好、材料品質佳，釋出風險更低；但若用劣質板材，結果可能不同



⸻

🧭 結論建議：
	1.	從目前可得資料來看，這類測試 足以支持「短期環境接觸下不會造成水質污染」的結論。
	2.	若要探討「長期沉沒、長期養殖池接觸」的風險，建議補充：
	•	更長期的模擬（如30天、60天甚至數月）。
	•	多種品牌或等級的太陽能板做比對。
	3.	若你是從食品安全角度關心魚塭水質污染，那麼現階段依據這些科學數據，並無發現太陽能板會造成魚類體內累積毒物的情況。

⸻

如你需要我幫你找實際的學術研究文獻、ISO測試標準，或實驗室數據，我也可以幫你查找！",48AgJJoBWwAUNc5b-Meh,OPINIONATED,2025-10-27 05:25:31.937000+00:00,OPINIONATED,2606.090632777778,"你提出的問題非常合理，而且是做科學評估時應該要關注的關鍵點。讓我們來分段分析：

⸻

🔍 1. 太陽能板長期浸泡會不會釋放金屬離子？

是的，這在學術和產業界是已知的。專家指出，在極端條件或長期浸泡下，有些太陽能板的材料（例如焊接使用的銅、鋁邊框或電池板中的銀）可能會釋出極微量的金屬離子，但數值通常遠低於飲用水標準。這類釋出行為屬於物理老化與化學風化的結果。

不過重點是：
	•	常見太陽能板的",0,0,0,other,2025,2025|other,recent,recent
471,1shj2yjxie9n3,2025-09-29 12:54:11.351000+00:00,TEXT,https://youtu.be/2VEUVniHDBI?si=SnIYv85yRDN-aq49,Xtz3n5kBqt9RyOeyvnYK,RUMOR,2025-10-01 13:30:37.448000+00:00,RUMOR,48.60724916666667,https://youtu.be/2VEUVniHDBI?si=SnIYv85yRDN-aq49,0,0,0,other,2025,2025|other,recent,recent
472,3hp3bbga469f7,2025-08-27 14:45:25.584000+00:00,TEXT,"二二八事件，民進黨不敢講的事實。
恩～我也是一直以為二二八事件是外省人打殺台灣人，後來今年去了解一下才知道前面還先發生台灣人打殺外省人，怎麼民進黨都不講這段呢？",m78p7JgB6nor6FKtYxXu,RUMOR,2025-08-27 15:33:12.301000+00:00,RUMOR,0.7963102777777779,"二二八事件，民進黨不敢講的事實。
恩～我也是一直以為二二八事件是外省人打殺台灣人，後來今年去了解一下才知道前面還先發生台灣人打殺外省人，怎麼民進黨都不講這段呢？",0,1,0,political,2025,2025|political,recent,recent
473,31f0hwqh42t3t,2025-07-09 01:16:31.971000+00:00,TEXT,"恐怖下午茶！名醫點名「1零食」勿配紅茶：可奪命還致癌
https://health.setn.com/news/1684189?utm_source=facebook&utm_medium=mainpage&utm_campaign=adtest",JujR7JcBDktNo1YhF1lu,RUMOR,2025-07-09 01:33:35.468000+00:00,RUMOR,0.2843047222222222,"恐怖下午茶！名醫點名「1零食」勿配紅茶：可奪命還致癌
https://health.setn.com/news/1684189?utm_source=facebook&utm_medium=mainpage&utm_campaign=adtest",0,0,1,health,2025,2025|health,recent,recent
474,3hmjb67c5k36h,2026-01-17 10:31:31.638000+00:00,TEXT,"這是最新的
血糖糖化血色素的標準",iJVpzJsB9EfTQQdNMrbz,NOT_ARTICLE,2026-01-17 14:43:25.043000+00:00,NOT_ARTICLE,4.198168055555556,"這是最新的
血糖糖化血色素的標準",0,0,0,other,2026,2026|other,recent,recent
475,26avibscct47h,2025-08-31 15:51:38.801000+00:00,TEXT,"比爾蓋茲在西雅圖自家基金會總部低調開線上記者會，沒請媒體，只開了個Zoom，把消息扔出來，他決定再掏100億美元給烏克蘭，專款專用、重建醫院、學校和電力，順帶把被俄軍炸爛的農業科研站也修回來，他說的很乾脆：「烏克蘭人得活下去，還得活的有尊嚴，不能讓普亭把他們的燈全滅了。」
這幾天俄烏剛好又打出一輪新高潮，28日深夜，俄軍拿巡弋飛彈和無人機，把基輔轟的滿街碎玻璃，歐盟代表處和英國文化協會大樓都被震裂了，29日一早，克林姆林宮出來放話，說打的是軍事設施，談判歸談判，該炸的還是得炸。歐盟、英國、法國、德國、義大利緊急召見俄大使，網上全是各個領導人開罵的聲音。
比爾蓋茲一邊看直播，一邊將捐贈方案最後那行小字改得更直白：「這筆錢不給任何中間人賺差價，直接對接烏克蘭衛生部、能源部、教育部，還有幾家NGO，帳目公開，誰都能查。」有人問他，為何不交給聯合國，他說，聯合國整天喊停火，普亭聽嗎？我只信把水泥、疫苗、電腦直接送到烏克蘭人手裡。
實際上，這100億美元只是比爾蓋茲今年給烏克蘭的第二波，早在二月，他和巴菲特幾個人就悄悄給烏克蘭農業系統塞了5億多美元，防止戰後鬧飢荒。但是這次規模直接翻二十倍，很多人都說他是被28日那晚俄羅斯的飛彈給氣到。
那一晚不只是歐盟代表處大樓被毀，基輔兒童醫院也塌了一半，醫生在廢墟裡刨孩子，旁邊的消防水管還滋著水，像水龍頭壞了似的。
他的基金會裡也有人嘀咕，這麼大一筆錢砸進去，萬一明年戰爭又升級，會不會打水漂？他在視訊裡一句話懟回去：「烏克蘭人現在連水電都沒有，你跟他們談明年？先把命保住行不行？」他還說：「要是普亭繼續炸，我們就繼續加錢，看誰先沒彈藥。」
別看比爾蓋茲平時一副理工男的樣子，這次說話蠻硬的，他直接點名普亭，一個人決定開戰，幾百萬人遭殃，這不是政策，這是犯罪。他還把幻燈片翻到一張衛星圖，上面是烏克蘭東部一塊被炸成月球表面的農田：「你們說這是特別軍事行動？這是系統性地把鄰居往死裡打。」
歐美和烏克蘭當然都炸鍋，他的熱度居高不下，歐盟主席馮德萊恩29日下午打電話給他，想把錢納入歐盟重建基金，一起統籌，結果被婉拒。比爾蓋茲說，你們官僚流程太囉嗦，烏克蘭人等不了。轉頭，他就讓團隊聯繫基輔市政府，下個月先給5億美元現金，把地鐵修復，冬天別讓人在地下通道裡凍死。
至於川普的反應，他28日晚上先是罵俄羅斯這次太過分，轉頭又嘀咕蓋茲錢多到沒處花，結果被網友群嘲，人家花自己的錢救烏克蘭，你花納稅人的錢替你打官司。
比爾蓋茲並不在乎川普的口水，他現在只盯兩件事，第一、確保100億美元裡每一張發票都能在網上查到。第二、讓團隊把Windows的烏克蘭語音系統優化，好讓前線醫生做手術紀錄的時候別再卡卡。
他做的很實在，烏克蘭人現在要的不是感動，是屋頂、抗生素和WiFi。",eJ0ZBZkBXpzz6epJycDR,RUMOR,2025-09-01 11:46:40.208000+00:00,RUMOR,19.9170575,"比爾蓋茲在西雅圖自家基金會總部低調開線上記者會，沒請媒體，只開了個Zoom，把消息扔出來，他決定再掏100億美元給烏克蘭，專款專用、重建醫院、學校和電力，順帶把被俄軍炸爛的農業科研站也修回來，他說的很乾脆：「烏克蘭人得活下去，還得活的有尊嚴，不能讓普亭把他們的燈全滅了。」
這幾天俄烏剛好又打出一輪新高潮，28日深夜，俄軍拿巡弋飛彈和無人機，把基輔轟的滿街碎玻璃，歐盟代表處和英國文化協會大樓都被震裂",0,0,1,health,2025,2025|health,recent,recent
476,1n93gc97ajal1,2025-07-07 20:27:15.219000+00:00,TEXT,https://youtube.com/shorts/U-hEWDRERmA?si=fqPZF0hxxNPkSr7e,tOhZ6ZcBDktNo1YhjlOW,RUMOR,2025-07-08 09:24:10.005000+00:00,RUMOR,12.948551666666669,https://youtube.com/shorts/U-hEWDRERmA?si=fqPZF0hxxNPkSr7e,0,0,0,other,2025,2025|other,recent,recent
477,2n97prsln1h41,2025-04-27 15:11:00.496000+00:00,TEXT,"今晚的分享也暫告一段落，但在結束前，李某還想給各位一句重要的提醒，人可以不願意學習，但是如果但最後被時代科技蠶食的時候，你口中再也無法說出一句後悔的話，只剩下滿嘴的苦澀。

從我回台的那一刻，我也有告知大家，時代已經在進步，若還不願意前進只會被時代淘汰，我這一套【數位AI運算系統】我也告知過大家願意與各位分享，我認為每一個人都有資格當主力、成大戶，這個市場不應該如此的不公平，我也希望能夠略盡自己的綿薄之力幫助到各位願意支持我的朋友。

我再一次向強調我經常說的一句話：未來的市場，乃至這個世界，只會是屬於會用AI的人，而這也是我反覆強調的重點，科技紅利×操盤思維，才是散戶翻身的關鍵組合，你不必成為手握百億資金的主力，但你至少要學會，看懂主力的節奏，理解市場的邏輯，善用工具輔助決策，用AI補足人性最容易出錯的那一環。

若你總是慢半拍、看圖說故事、消息見報才追，
那麼你永遠只能當劇本的觀眾。但如果你開始看得懂主力的佈局，能提早察覺轉折，你就能從「被收割的人」轉變為「提前卡位的人」——成為站在趨勢這一邊的人。

我也會在此承諾向各位開放這一套【數位AI運算系統】讓大家跟上操作，並帶領大家獲利188%，但僅限於有執行力的朋友，讓大家不只看見主力與散戶的操作差距，更能激發你升級自己投資系統與思維框架的決心，近期我將會舉辦——數位雲端×AI革命的講座，我也知道各位同學想要參加這個講座，但因為涉及多項內部機密，以及我的團隊也會來臨現場一起共商盛事，所以我只會邀請業內菁英前往，並不對外開放，還望各位理解，如果大家願意跟上我的操作系統，可以私訊我的學生顏若曦【數位雲端】進行提前報名參與，給自己一個台階，才是讓你重生的機會，最後也希望大家記住：【以科技為橋，連結未來；以仁心為光，照亮人間。】",A-j4ApgBDktNo1Yh3ISy,RUMOR,2025-07-13 08:48:40.625000+00:00,RUMOR,1841.627813611111,"今晚的分享也暫告一段落，但在結束前，李某還想給各位一句重要的提醒，人可以不願意學習，但是如果但最後被時代科技蠶食的時候，你口中再也無法說出一句後悔的話，只剩下滿嘴的苦澀。

從我回台的那一刻，我也有告知大家，時代已經在進步，若還不願意前進只會被時代淘汰，我這一套【數位AI運算系統】我也告知過大家願意與各位分享，我認為每一個人都有資格當主力、成大戶，這個市場不應該如此的不公平，我也希望能夠略盡自己的",1,0,0,scam,2025,2025|scam,recent,recent
478,94a7vggnntgs,2025-04-23 23:48:53.267000+00:00,TEXT,"「癌王」胰臟癌真難防！出現5大症狀要盡快就醫 | 幸福熟齡 X 今周刊 | LINE TODAY

https://liff.line.me/1454987169-1WAXAP3K/v2/article/ML1V5mz?utm_source=lineshare",rN40ZpYBd1wAo0M4M1N4,NOT_RUMOR,2025-04-24 05:10:19.254000+00:00,NOT_RUMOR,5.357218611111112,"「癌王」胰臟癌真難防！出現5大症狀要盡快就醫 | 幸福熟齡 X 今周刊 | LINE TODAY

https://liff.line.me/1454987169-1WAXAP3K/v2/article/ML1V5mz?utm_source=lineshare",0,0,0,other,2025,2025|other,recent,recent
479,1qop240yvk0bo,2026-04-01 13:11:49.431000+00:00,TEXT,關閉電信公司語言信箱 以免LINE被盜用,AaBcep0BoX_cNU7jvN6E,NOT_RUMOR,2026-04-11 02:26:31.170000+00:00,NOT_RUMOR,229.2449275,關閉電信公司語言信箱 以免LINE被盜用,0,0,0,other,2026,2026|other,recent,recent
480,o1abaph9q54y,2025-06-02 04:04:11.179000+00:00,TEXT,"親愛的客戶： 
 
我們已確認您目前使用的帳戶已被多台裝置存取。出於安全考慮，您的服務將被暫時中止，直至我們確認您是該帳戶的合法所有",0Oxfa5wBFWYyqTEomwUP,RUMOR,2026-02-17 11:32:33.675000+00:00,RUMOR,6247.472915555555,"親愛的客戶： 
 
我們已確認您目前使用的帳戶已被多台裝置存取。出於安全考慮，您的服務將被暫時中止，直至我們確認您是該帳戶的合法所有",1,0,0,scam,2025,2025|scam,recent,recent
481,txcxxjb3c48b,2025-07-05 02:20:19.616000+00:00,TEXT,https://youtu.be/A_yWBVzGw-w?si=HAwPJd8Bm-fkWEgB,WsD1MpoBWwAUNc5bRd45,RUMOR,2025-10-30 02:32:06.200000+00:00,RUMOR,2808.196273333333,https://youtu.be/A_yWBVzGw-w?si=HAwPJd8Bm-fkWEgB,0,0,0,other,2025,2025|other,recent,recent
482,wseex37xxjep,2025-04-16 10:57:04.489000+00:00,TEXT,"⬆️ 綜合以上，回應者認為它含有不實訊息。

💁 此內容由「Cofacts 真的假的」訊息回報機器人與查核協作社群提供，以創用 CC 姓名標示-相同方式分享 4.0 國際 授權條款釋出。請斟酌出處與理由，自行思考判斷。

🗣️ 這則訊息有很多不同回應，建議到這裡一次讀完再下判斷：
https://cofacts.tw/article/2ydc9ei6vt226

⁉️ 如果你對這則訊息有不同看法，歡迎到下面這裡寫入新的回應：
https://cofacts.tw/article/2ydc9ei6vt226",Qlz5-pYBfs35m9MiUf5i,NOT_ARTICLE,2025-05-23 02:29:25.474000+00:00,NOT_ARTICLE,879.5391625,"⬆️ 綜合以上，回應者認為它含有不實訊息。

💁 此內容由「Cofacts 真的假的」訊息回報機器人與查核協作社群提供，以創用 CC 姓名標示-相同方式分享 4.0 國際 授權條款釋出。請斟酌出處與理由，自行思考判斷。

🗣️ 這則訊息有很多不同回應，建議到這裡一次讀完再下判斷：
https://cofacts.tw/article/2ydc9ei6vt226

⁉️ 如果你對這則訊息有不同看法，",0,0,0,other,2025,2025|other,recent,recent
483,32benr7zeo4l3,2025-04-18 11:31:52.083000+00:00,TEXT,"領錢注意！ATM提款「沒露全臉」警鈴大響，
這縣市五月起試辦
😱😱😱",iJtWjpYBeCQ-azEq8RWH,NOT_RUMOR,2025-05-02 00:13:04.774000+00:00,NOT_RUMOR,324.6868586111111,"領錢注意！ATM提款「沒露全臉」警鈴大響，
這縣市五月起試辦
😱😱😱",0,0,0,other,2025,2025|other,recent,recent
484,190lqolmh7nek,2025-09-17 12:43:52.764000+00:00,TEXT,"有一位中年朋友在晩間喝水時，不慎把水嗆進了肺裏，結果送醫院搶救到隔日凌晨3點不幸走了，只有55歲。

他的突然離世，告訴我們這個年齡段的同學、同事、親戚、朋友們，不管幹啥一定要注意兩件事，一是防摔，二是防嗆。
年過50，就要開始訓練自己：

喝水時！ 要停下所有事情，專心喝水。50歲以上的中老年人容易嗆到的原因，是由於喉嚨吞嚥肌肉退化，肌力不足所致。

以下是仍活躍於醫界的高明見醫師，轉傳給同班同學的資訊，值得大家參考，特別是自己或是親友已成為中老年人的。王永慶也是因為喝水(牛奶、湯等) 嗆到，而引發肺炎致死，這是老人常見的問題。

家裏有老人請注意：

1. 喝水要用吸管，吞嚥時要低頭。
2. 喝湯請改喝濃湯，清湯流得快，呼吸不順時非常容易嗆到。
3. 請不要在口中仍有固體食物時喝液體，也不要邊嚼邊喝。 水停在口中時間太長，稍有不慎就會流進氣管嗆到。
4. 口中有食物或水時，請勿說話或轉頭。

請養成喝液體時的新習慣，老年人不比年輕人的體力和耐力，液體或食物跑進氣管，要咳出來會臉紅脖子粗，血壓飆升，有時候嗆一下就會致命！

常言道：老者兩怕，
一怕「嗆」！
二怕「跌」！

上了年紀，喝水一定要慢，要專心，務必要小心謹慎啊！",xbBlJ5wBRkUkW3J-PwX_,RUMOR,2026-02-04 06:44:32.894000+00:00,RUMOR,3354.0111472222225,"有一位中年朋友在晩間喝水時，不慎把水嗆進了肺裏，結果送醫院搶救到隔日凌晨3點不幸走了，只有55歲。

他的突然離世，告訴我們這個年齡段的同學、同事、親戚、朋友們，不管幹啥一定要注意兩件事，一是防摔，二是防嗆。
年過50，就要開始訓練自己：

喝水時！ 要停下所有事情，專心喝水。50歲以上的中老年人容易嗆到的原因，是由於喉嚨吞嚥肌肉退化，肌力不足所致。

以下是仍活躍於醫界的高明見醫師，轉傳給同班同",0,0,2,health,2025,2025|health,recent,recent
485,3cp3pix9t0obi,2025-04-18 23:47:04.345000+00:00,TEXT,"這是一對日本年輕音樂愛好情侶在廣島原子彈爆炸時，幸運死𥚃逃生，都以為對方已逝，彼此都無婚嫁，70年後重逢才再拾起他們喜愛的音樂，如今98歲高齢還能如此𤫊巧彈奏小提琴，鋼琴，配合得如此天一無縫，來敍述他們的故事，真是天生的一對最佳戀人与偉大愛情故事，令人感動落淚！
https://youtu.be/KSNWJNXWl0M?si=sD_rSjYCh38HjK2d",TQuOjpsBQdElExrCBQZX,RUMOR,2026-01-05 14:27:10.807000+00:00,RUMOR,6278.668461666667,"這是一對日本年輕音樂愛好情侶在廣島原子彈爆炸時，幸運死𥚃逃生，都以為對方已逝，彼此都無婚嫁，70年後重逢才再拾起他們喜愛的音樂，如今98歲高齢還能如此𤫊巧彈奏小提琴，鋼琴，配合得如此天一無縫，來敍述他們的故事，真是天生的一對最佳戀人与偉大愛情故事，令人感動落淚！
https://youtu.be/KSNWJNXWl0M?si=sD_rSjYCh38HjK2d",0,0,0,other,2025,2025|other,recent,recent
486,16jldkyd4crwp,2025-11-09 11:27:55.116000+00:00,TEXT,賴清德集結武裝部隊，親自到處強姦良家婦女小姐女士美術師,1Rk50JoBElZarx-Vrs1Y,NOT_ARTICLE,2025-11-29 15:27:12.469000+00:00,NOT_ARTICLE,483.9881536111111,賴清德集結武裝部隊，親自到處強姦良家婦女小姐女士美術師,0,1,0,political,2025,2025|political,recent,recent
487,30zopujejahxk,2025-07-31 20:00:21.911000+00:00,TEXT,「嗶」敬老卡領重陽禮金1500元 加碼抽現金8888元 https://share.google/exMy4vO0ZgclhbQgD,DsCBBZoBWwAUNc5bO5bE,NOT_RUMOR,2025-10-21 06:42:26.883000+00:00,NOT_RUMOR,1954.7013811111112,「嗶」敬老卡領重陽禮金1500元 加碼抽現金8888元 https://share.google/exMy4vO0ZgclhbQgD,1,0,0,scam,2025,2025|scam,recent,recent
488,13snufza04cji,2026-03-11 02:02:37.229000+00:00,TEXT,"長期熬夜
身體其實會慢慢變差。

你可能會開始出現這些變化：

1｜頭髮越掉越多
中醫說：「腎其華在髮」，
熬夜最傷腎，頭髮自然變少。

2｜記憶力變差、容易健忘
晚上是大腦休息的時間，
長期熬夜，大腦恢復不了。

3｜體重慢慢上升
熬夜傷脾胃，
代謝變慢、濕氣變重，
人就容易變胖。

4｜皮膚變差、氣色暗沉
肝血不足，臉自然沒有光。

很多人以為自己
老了、代謝差了。

其實只是——
睡太晚了。

如果可以
盡量11點前睡。

因為最好的保養
不是保養品
是睡眠",aEfR2pwBB0eXeo82ptaB,OPINIONATED,2026-03-11 02:54:58.687000+00:00,OPINIONATED,0.8726272222222222,"長期熬夜
身體其實會慢慢變差。

你可能會開始出現這些變化：

1｜頭髮越掉越多
中醫說：「腎其華在髮」，
熬夜最傷腎，頭髮自然變少。

2｜記憶力變差、容易健忘
晚上是大腦休息的時間，
長期熬夜，大腦恢復不了。

3｜體重慢慢上升
熬夜傷脾胃，
代謝變慢、濕氣變重，
人就容易變胖。

4｜皮膚變差、氣色暗沉
肝血不足，臉自然沒有光。

很多人以為自己
老了、代謝差了。

其實只是——
睡太晚了。",0,0,0,other,2026,2026|other,recent,recent
489,e1zzjaq10anb,2025-07-05 07:22:15.072000+00:00,TEXT,"我的一個朋友很感概的說，

30年前，1995年5月底就業，
拿到第一份薪水是3萬元，

30年後，2025.5月底，他兒子就業，
拿到的第一份薪水也是3萬元

台湾的30年
究竟到那裡去了?

遠的不說，談談這20年來，
大陸和台湾都在做些什麼?

大陸(red arrow right)(red arrow right)(red arrow right)
1、登陸月球。
2、建太空站。
3、建5G →6 G
4、北斗衛星。
5、量子技術。
6、自建航母。
7、自造空中客機。
8、青康藏鐵路。
9、貫穿秦嶺、喜馬拉雅山。
10、三峽大壩。
11、南水北調。
12、全國八横、八縱高鐵。
13、南海填海造陸。
14、港珠澳大橋。
15、新疆沙漠變綠洲。
16、一帶一路鐵路網。
以上等等不勝枚舉。


再來看看這20年來
台湾都在做些什?(red arrow right)(red arrow right)(red arrow right)

 l、課綱去中國化。
2、中國石油改中油。
3、中華郵政改台湾郵政。
4、企業併購國家。
5、廢核三、核四改火力、太陽能、天然氣發電。
6、廢死刑。
7、同性婚姻。
8、通姦除罪。
9、建立網軍。
10、成立檢、調東廠宦官清算異黨。
11、操控媒體。
12、非法成立25個委員會，大封黑官，
破壞文官制度。
13、集體貪汚、控制司法。
14、總統專機走私香菸。
15、歌頌日本🇯🇵殖民統治。
16、現在又要將華航改台航、中醫改台醫。
17、破壞兩岸交流、搞民粹
18、培養太陽花反服貿、占行政院、
立法院。太陽花暴徒不起訴。
19、掠奪水利會、婦聯會民財。
20、限制人民言論自由。
21、鼓吹大港開唱。
22、罷韓。
24、青鳥、黑熊四叉貓、八囧、閩南狼、王八千、曹老二、…大罷免。
施政劣蹟罄竹難書。

以上比較下：

大陸焉不強盛，
台灣焉不衰敗?


罷免成功條件有二：
1、該選區有投票權的人，1/4出來投票。
2、贊成罷免的大於反對罷免的。這兩項都要過才算。

如果不同意罷免，是不是不要投票就可以了？答案是“絕對不行！”
簡單舉例：
假設一個選區有100人有投票權，那麼只要25人出來投票，第1個條件就通過。
而這25票中，13人贊成罷免、12人反對罷免；則第2條件也通過了。罷免成功。

結果形同13票代表了100人的意見，“贊成罷免”。也就是100÷13=7,692。即一票就有7倍效力。
所以，即便不出門投票的75人都反對罷免，但“放棄表達意見”，就只能眼巴巴讓少數贊成罷免者得逞。
因此，我們要創造的結果是：
無論如何都要出來投票，只要反對罷免比贊成罷免多一票，罷免就失敗。",6eiQ75cBDktNo1YhqV-F,RUMOR,2025-07-09 14:22:04.676000+00:00,RUMOR,102.9971122222222,"我的一個朋友很感概的說，

30年前，1995年5月底就業，
拿到第一份薪水是3萬元，

30年後，2025.5月底，他兒子就業，
拿到的第一份薪水也是3萬元

台湾的30年
究竟到那裡去了?

遠的不說，談談這20年來，
大陸和台湾都在做些什麼?

大陸(red arrow right)(red arrow right)(red arrow right)
1、登陸月球。
2、建太空站。
3、建5",1,0,0,scam,2025,2025|scam,recent,recent
490,f8c37dj41jes,2025-10-09 14:21:07.421000+00:00,TEXT,如果要帶過去，要申報，重新審核，這樣要多推遲幾個月，之前的努力等待都白費，所以我只能給你寄過去,gUJopp0BYNn_1SiYSnbi,RUMOR,2026-04-19 15:42:26.016000+00:00,RUMOR,4609.355165277778,如果要帶過去，要申報，重新審核，這樣要多推遲幾個月，之前的努力等待都白費，所以我只能給你寄過去,0,0,0,other,2025,2025|other,recent,recent
491,2jrkwmspreabm,2025-06-09 02:32:40.260000+00:00,TEXT,"告台灣同胞書（106）：台灣已不適合人居

陳真
2025.05.24.

台灣要嘛，趕緊解放，要不就走人，我不認為這是一個適合正直、正常的人類居住的環境。

你辛苦賺的血汗錢，幾兆幾千億地被貪污，幾兆幾千億地送給美國人，或是幾兆幾千億地買一大堆武器。台灣是全世界武器密度第一（或第二，僅次於以色列）的地區。

還有就是所有美國日本沒有人要買的毒豬毒牛、輻射食物以及農藥嚴重超標或含有致癌物的所有食品或產品，統統賣給台灣人。

如果農藥不合台灣的法規標準，人渣黨的做法不是退回，而是直接大量全面修改法規，大幅放寬標準到等於沒有標準，或是非常粗糙簡略地假抽查真放水，或是掩飾核污染產地，用盡一切手段，無論如何就是要讓日、美的致癌致病輻射含毒食物進口。

另外還有可怕的高比例火力發電（竟然高達九成），及其隨之而來的空污與持續飆高的肺部疾病與肺癌發生率，同樣也都是瘋狂貪污與賣台的後果。

當人渣黨自己執政時，為了撈核能的錢，就瘋狂加碼幾百億蓋核四，錢撈完之後，當國民黨執政，就瘋狂反核。

當自己又再度執政，就開始幾兆幾千億地大撈所謂綠能的錢，事實上還是火力發電，於是就發明一些鬼話，說什麼 ""乾淨的媒""。

原本說什麼非核家園，把反核說成人類的最高道德原則，只要是人，都必須反核，否則就是敵人，就是傷害台灣家園的魔鬼。現在卻說要繼續發展核能，說要跟美國人買 ""先進核能""。什麼荒唐鬼話都敢講。

人渣黨貪污貪到這種地步，無法無天瘋狂搶錢，賣台賣到這種泯滅人性的地步，把自己的重要產業台積電送美國人，幾兆白花花的銀子拿去送美國人，美國人逼迫台幣升值，無數人得失業，無數公司得倒閉。人渣黨一概聽命於美國，而且還主動加碼孝敬美國主子。

現在居然喪心病狂到連最後一根救命稻草--外匯存底，也要五鬼搬運拿去送美國人與日本人，假投資，真詐財。

聯合國毒品和犯罪問題辦公室（UNODC）最近出具報告，指稱包括台灣在內的東南亞詐騙與洗錢問題極其嚴重。光是台灣島內，每天的詐騙金額就高達台幣五億。事實上，人渣黨才是全世界最大的詐騙集團。

令人無奈且極端痛苦的是：台灣人居然還普遍（將近半數）擁護這個恐怕是整個人類近代史上最骯髒最貪婪最走狗最無恥的黨。這不是黨，而是一群歹徒，一群理當繩之以法的賣台犯罪集團。

但是，在假民主的投票機制下，我們根本不可能推翻這個台奸犯罪集團，更不用說繩之以法，因為人渣黨控制了島內媒體及教材，美國更是控制了全球的媒體。

唯一能拯救台灣的力量就是祖國大陸，但他不知道要拖到何年何月？我能理解，對於整個國家發展大局而言，台灣人的死活並不具重要性，拖上幾十年又何妨？問題是，對於台灣人而言卻很不幸，得繼續忍受美國及其貪污走狗的凌虐與剝削多久，才能過上正常生活，接受正常教育？才能對明天抱持樂觀與希望？

舉個例，三十年前，也就是1996年，台灣所謂民主化也就是開始全民選總統那一年，全台灣16家銀行新進人員的平均薪資是三萬五千元起跳，現在呢？三十年後的今天，一樣是三萬多元，或許更低。

那麼，三十年後呢？我想應該還是三萬多。

在美國的毀台計畫下，人渣黨事實上就是在從事撈大錢與掏空台灣的最後一段瘋狂舉動，難道你會蠢到以為人渣黨真的是在施政，是在籌劃台灣未來的發展？

年輕一代無知無腦可以理解，畢竟他們打從一出生的每一天每一刻就被無數的謊言洗腦。但是，四、五十歲以上的人，難道也蠢到這種地步？看不清這是一個沒有明天的島嶼？

套句蔣家年代的慣用語，除非大陸趕緊來拯救水深火熱的台灣同胞，否則這個島事實上已不適合正直、正常的人居住。

你知道，我們的一切努力，一切奮鬥與勇氣，一切的犧牲與痛苦，無非就是為了小孩，為了你我的下一代，為了所有人的下ㄧ代。他們的未來不應該被掠奪、被沒收，他們有權過上一個正常、正直的生活，他們有權對未來抱持希望。",s12PfpcBfs35m9MiXuQ6,RUMOR,2025-06-17 15:43:34.458000+00:00,RUMOR,205.18172166666665,"告台灣同胞書（106）：台灣已不適合人居

陳真
2025.05.24.

台灣要嘛，趕緊解放，要不就走人，我不認為這是一個適合正直、正常的人類居住的環境。

你辛苦賺的血汗錢，幾兆幾千億地被貪污，幾兆幾千億地送給美國人，或是幾兆幾千億地買一大堆武器。台灣是全世界武器密度第一（或第二，僅次於以色列）的地區。

還有就是所有美國日本沒有人要買的毒豬毒牛、輻射食物以及農藥嚴重超標或含有致癌物的所有食品",0,0,2,health,2025,2025|health,recent,recent
492,5jlvdvlgzrzf,2025-07-16 14:51:01.291000+00:00,TEXT,"請大家注意喔！
此次投票沒有投票通知單，綠色政府故意玩陰的。

請直接到你平時的投票所，跟以前選舉時一樣去投票。

7月26日(六)當天早上8點到下午4點止，
帶著身分證印章前往投「不同意罷免」。謝謝！

請大家用力傳出去，謝謝您。

不用連署 連署是罷免 您只要出門投票［不同意罷免］就好
謝謝大家轉知其他的親朋好友。",nehnQpgBDktNo1Yhfv6Q,RUMOR,2025-07-25 16:25:35.631000+00:00,RUMOR,217.5762055555556,"請大家注意喔！
此次投票沒有投票通知單，綠色政府故意玩陰的。

請直接到你平時的投票所，跟以前選舉時一樣去投票。

7月26日(六)當天早上8點到下午4點止，
帶著身分證印章前往投「不同意罷免」。謝謝！

請大家用力傳出去，謝謝您。

不用連署 連署是罷免 您只要出門投票［不同意罷免］就好
謝謝大家轉知其他的親朋好友。",1,3,0,political,2025,2025|political,recent,recent
493,kvj94lngadi7,2025-08-21 13:08:14.816000+00:00,TEXT,"這是頭份菜市場的扒手影片，朋友分享的，景氣不好.物價飛漲，菜市場和夜市扒手特別多。
⚠️她/他們都是有團隊的，注意看一人得手立刻轉其他夥伴離去！",AL7s15gB6nor6FKtuvL6,RUMOR,2025-08-23 17:14:32.569000+00:00,RUMOR,52.104931388888886,"這是頭份菜市場的扒手影片，朋友分享的，景氣不好.物價飛漲，菜市場和夜市扒手特別多。
⚠️她/他們都是有團隊的，注意看一人得手立刻轉其他夥伴離去！",0,0,0,other,2025,2025|other,recent,recent
494,10le7xnhgkkv1,2025-09-26 05:22:31.047000+00:00,TEXT,"花蓮堰塞湖釀災，醫列舉國民黨執政時期2作為：一比嚇一跳！

00:152025/09/26
中時新聞網 黃麗蓉

花蓮縣馬太鞍溪堰塞湖23日溢流，造成光復鄉市區嚴重災情。

而1999年9月21日草嶺也曾因地震形成堰塞湖，第31天第一階段緊急工程，就完成5公里溢流水道、隔離土堤、攔河壩築填；九份二山堰塞湖當年也在第100天完成1400公尺緊急溢流水道。

胸腔科醫師蘇一峰認為，國民黨執政，只要有發現堰塞湖，就是中央直接接手處理。

綠營現在則是我們要加強火力攻擊，側翼一起攻擊藍營。

蘇一峰25日在臉書貼文表示，不比不知道，一比嚇一跳。

國民黨執政（李登輝/蕭萬長、馬英九/劉兆玄）的時候，只要有發現堰塞湖，就是中央直接接手處理，三天內就到場看完開完會，中央官員直接接手指揮，機組分批運送上山，馬上開始動工，31天就完成5公里溢流水道。

日本一樣有事，中央接管做到好。綠營則是我們要加強火力攻擊，側翼一起攻擊藍營。

網友表示，「國民黨執政時，好像比較有在做事的樣子，民進黨在幹嘛呢」、「就一句話，有沒有心想處理而已」、「治國不行，甩鍋最行」、「行政院長下台。將帥無能，累死警消，害死百姓」、「雖然覺得馬英九很軟弱，但馬英九時期那些老官僚都是負責任的官僚，颱風期間父親節去吃個飯都被罵下台，感覺現在民進黨有人則是推責任官僚」、「沒有民進黨的襯托，都不知道國民黨那麼優秀」。
https://www.chinatimes.com/realtimenews/20250926000028-260407?from=CTfans&utm_source=facebook&utm_medium=social&utm_campaign=postrss&fbclid=IwZnRzaANCZX9leHRuA2FlbQExAAEeUbERJxk8QLzeN1V5BuMujiMuJ8hs628sXgh1XtJ41qit8JBBZ31g7ZBnC-c_aem_WTRhJG_qIlCDukAk1Dijpw",hoB9lpkB29ocKseupWU5,RUMOR,2025-09-29 17:20:40.760000+00:00,RUMOR,83.96936472222222,"花蓮堰塞湖釀災，醫列舉國民黨執政時期2作為：一比嚇一跳！

00:152025/09/26
中時新聞網 黃麗蓉

花蓮縣馬太鞍溪堰塞湖23日溢流，造成光復鄉市區嚴重災情。

而1999年9月21日草嶺也曾因地震形成堰塞湖，第31天第一階段緊急工程，就完成5公里溢流水道、隔離土堤、攔河壩築填；九份二山堰塞湖當年也在第100天完成1400公尺緊急溢流水道。

胸腔科醫師蘇一峰認為，國民黨執政，只要有發",0,1,1,political,2025,2025|political,recent,recent
495,vhrlarc4gpow,2025-09-09 02:08:33.023000+00:00,TEXT,"尊敬的車主，您好：

這是關於交通違規處理的最終提醒。系統顯示您的違規紀錄處理期限即將屆滿，為避免後續產生不必要的費用或影響您的權益，誠摯建議您立即處理。

提醒資訊

通知性質：本提醒由系統自動發送，無須回覆。

提醒事項：交通違規處理（最終提醒）。

建議時程：請於24小時內完成處理，以免權益受損。

辦理方式參考
您可立即透過「監理服務網」進行線上處理，這是目前最快速便捷的方式。處理完成後，請務必保留相關證明。

狀態摘要

提醒類別：交通違規處理最終提醒

當前狀態：亟待處理

聯絡與協助
如果您在處理過程中遇到任何困難，或需要特殊協助，請立即透過「監理服務網線上客服」與我們聯繫，並提供查詢碼 FINAL-REMINDER。

────────────────────────────

感謝您的配合與理解
交通部公路總局 監理服務站
客戶服務組 敬上",_Cq4QJkBnPW1yVGMEYc6,RUMOR,2025-09-13 01:37:08.921000+00:00,RUMOR,95.47663833333333,"尊敬的車主，您好：

這是關於交通違規處理的最終提醒。系統顯示您的違規紀錄處理期限即將屆滿，為避免後續產生不必要的費用或影響您的權益，誠摯建議您立即處理。

提醒資訊

通知性質：本提醒由系統自動發送，無須回覆。

提醒事項：交通違規處理（最終提醒）。

建議時程：請於24小時內完成處理，以免權益受損。

辦理方式參考
您可立即透過「監理服務網」進行線上處理，這是目前最快速便捷的方式。處理完成後，",0,0,0,other,2025,2025|other,recent,recent
496,2z9p5zbznsi43,2026-01-11 15:48:15.235000+00:00,TEXT,"咖啡淺焙or深焙哪個好？醫揭「這款」能防脂肪肝、糖尿病 | 三立新聞網 | LINE TODAY

https://liff.line.me/1454987169-1WAXAP3K/v3/article/mW5nqLE?utm_source=lineshare",IdWrtZsBrQ7DCeIz8aUD,NOT_RUMOR,2026-01-13 04:45:03.106000+00:00,NOT_RUMOR,36.94663083333334,"咖啡淺焙or深焙哪個好？醫揭「這款」能防脂肪肝、糖尿病 | 三立新聞網 | LINE TODAY

https://liff.line.me/1454987169-1WAXAP3K/v3/article/mW5nqLE?utm_source=lineshare",0,0,0,other,2026,2026|other,recent,recent
497,2t5qovzu7s8va,2025-06-03 01:41:38.225000+00:00,TEXT,"(emoji)(emoji)(emoji)大家 :
6月1號開始取締行人違規！只要不走斑馬線，一律開罰$1800元！而且警察都會躲藏在不容易被發現的角落！小心荷包失血！且安全第一！
本月20日開始紅燈右轉罰$5400，三次馬上吊銷駕照...，請看以下重罰項目：

全國(Taiwan)將實施紅燈越線處罰條例，凡是在等待紅燈時，超出白色禁止越線者馬上處以$900元的罰金。
還有紅燈右轉$5400元(這是目前交通警察的重點工作之一) 注意喔！！
本月20日起，沒有車的人，通知一下有車族吧！趕快通知你的親朋好友吧！最好印一張，能提醒自己：
1 .闖紅燈由$1800~3600元，調為$3600~7200元！
2 .超速由$1200~2400元，調為$6000!+每超速1公里，加罰$100 元！若限速60，你開80，則需付 $8000！

有車沒車的人都要看!!
收到後記得轉發給親友們，馬上開始罰了！
不管你是騎機車或者是開汽車的 ---都要注意！！",5Ue-wJwBB0eXeo82Mq2I,RUMOR,2026-03-06 01:23:36.198000+00:00,RUMOR,6623.699436944445,"(emoji)(emoji)(emoji)大家 :
6月1號開始取締行人違規！只要不走斑馬線，一律開罰$1800元！而且警察都會躲藏在不容易被發現的角落！小心荷包失血！且安全第一！
本月20日開始紅燈右轉罰$5400，三次馬上吊銷駕照...，請看以下重罰項目：

全國(Taiwan)將實施紅燈越線處罰條例，凡是在等待紅燈時，超出白色禁止越線者馬上處以$900元的罰金。
還有紅燈右轉$5400元(這",1,0,0,scam,2025,2025|scam,recent,recent
498,3huh907qeg5kk,2026-03-03 15:33:23.024000+00:00,TEXT,"3月1日起，这3樣東西‘確定漲價’！家裡有老人的注意，荷包要大失血了！看到這張帳單別被嚇壞！ #醫療通膨 #看病漲價 #天價看護費

【本期重點】
各位康樂年華的老朋友大家好，我是老陳。 👨‍🦳
拿著最近的就醫繳費單，你是不是覺得上面的數字變多了？老陳遺憾地告訴你：不是算錯，真的漲價了！
在2026年通膨背景下，政府和醫療業者已經悄悄針對我們老年人最離不開的醫療「剛需」動刀了。如果還不懂這些帳單背後的邏輯，你辛苦存了一輩子的退休金，很可能在幾個月內就被合法收割得一乾二淨！ ⚡️

本期視頻，老陳為你深度拆解**“3月起全面漲價的3大醫療隱形炸彈”**。
從掛號費無上限到天價看護費，再到慢性病拿藥的嚴格部分負擔。同時為你梳理出萬物皆漲時代的“純乾貨避坑指南”，嚴格執行這幾招，一年絕對能幫你家省下好幾萬！

👇本期精彩節點：
00:00 緊急提醒：3月1日打響第一槍，你的醫療帳單為什麼越來越貴？
02:15 漲價炸彈一：診所掛號費「無上限時代」來臨，溫水煮青蛙掏空錢包！
05:40 漲價炸彈二：一天3000塊起跳的無底洞！大缺工時代下的「天價住院看護費」。
10:20 漲價炸彈三：政府不再買全單！慢性病拿藥與大醫院高階檢查「部分負擔」暴漲。
14:15 容易忽略的隱形開銷：無障礙交通接送車與特定醫療營養品價格狂飆。
18:30 避坑策略第一個招：小病絕對不會跑大醫院！善用「轉診單」與社區特約藥局。
22:10 避坑策略第二招：醫療通膨的免死金牌！你必須懂的「重大傷病卡」與看護補助。
25:40 避坑策略第三招：你的老保單夠賠嗎？立刻體檢「實支實付」醫療險額度！
28:00 核心總結：最徹底的省錢方法永遠是“不生病”，把健康投資放在理財第一位！

🛡️核心觀念：
醫療成本的上漲是一種不可逆的時代趨勢。我們唯一能做的就是丟掉以前「看病很便宜」的舊觀念。精打細算、善用轉診制度與隱形補助來保護自己，別讓辛苦存下的退休金被無情收割。記住老陳的話：現在花在預防疾病上的每一塊錢，都是在為你未來的退休金構築最堅固的防線！

#康樂年華 #醫療通膨 #看病漲價 #天價看護費 #掛號費無上限",Xke2tpwBB0eXeo82-p2X,OPINIONATED,2026-03-04 02:39:30.965000+00:00,OPINIONATED,11.102205833333333,"3月1日起，这3樣東西‘確定漲價’！家裡有老人的注意，荷包要大失血了！看到這張帳單別被嚇壞！ #醫療通膨 #看病漲價 #天價看護費

【本期重點】
各位康樂年華的老朋友大家好，我是老陳。 👨‍🦳
拿著最近的就醫繳費單，你是不是覺得上面的數字變多了？老陳遺憾地告訴你：不是算錯，真的漲價了！
在2026年通膨背景下，政府和醫療業者已經悄悄針對我們老年人最離不開的醫療「剛需」動刀了。如果還不懂這些帳單背",0,0,0,other,2026,2026|other,recent,recent
499,db7tkfku9398,2025-06-02 13:48:30.190000+00:00,TEXT,台灣銀行一個新制上路，一片哀嚎帳戶，詐騙---   https://news.tvbs.com.tw/life/2886283,kV2LSpcBfs35m9MiOYuh,NOT_RUMOR,2025-06-07 13:18:47.712000+00:00,NOT_RUMOR,119.50486722222222,台灣銀行一個新制上路，一片哀嚎帳戶，詐騙---   https://news.tvbs.com.tw/life/2886283,3,0,0,scam,2025,2025|scam,recent,recent
500,331tcrills4n6,2026-04-09 03:42:11.397000+00:00,TEXT,"🚨「毒倒」高雄157人!「跟你有關!」
最近高雄發生的春捲攤中毒事件，短短幾天內高達 157 人受害、31 人嚴重到住院！衛生局與醫院追查後，初步研判感染源是，我們每天都會吃的雞蛋染上了「沙門氏桿菌」。

看到這新聞，你是不是覺得：「那都是外面攤販衛生不好，我買回家後只要看到蛋殼髒，都會習慣先在水槽『洗乾淨』再放冰箱，這樣才衛生吧？」快住手！這個動作極度危險！ 你以為的愛乾淨，其實是親手把沙門氏桿菌推給家人吃。

這篇關於**【雞蛋的保鮮與食安真相】**，為了家人的腸胃，請一定要耐心看完！
😨 【駭人真相】洗過的雞蛋，細菌反而直接「入住」？
為什麼買回來的蛋絕對不能「自作聰明」拿去洗？這是有科學根據的恐怖原因：
1. 天然防護罩消失： 蛋殼表面有一層肉眼看不見的「護膜」，一旦用水清洗，這層護膜就會被破壞。
2. 細菌大門大開： 蛋殼上有數千個微細氣孔，沒了護膜，水裡的沙門氏桿菌或環境細菌會順著水流，直接「鑽進」蛋液裡開趴！
3. 冰箱裡的隱形威脅： 雖然外表洗得白淨，但裡面早已在腐敗。你端上桌的不是營養，而是給孩子吃一顆「細菌培養皿」！

🧐 為什麼市售「水洗蛋」就沒事？
妳一定會問：「那超市賣的『水洗蛋』不也是洗過的嗎？」差別就在於專業工廠有一套嚴格程序，這是在家裡水槽做不到的：
* 恆溫控制： 用比蛋溫略高的溫水清洗，防止水分因為溫差被「倒吸」進蛋殼。
* 專業除菌： 加入合規的除菌劑進行噴洗。
* 重塑防護層（最關鍵）： 洗完後會立刻噴上一層「食用級礦物油或蠟」，重新封住氣孔，模擬天然護膜。
妳在家用自來水洗，只會把保護層洗掉，卻沒辦法補上防護罩！這就是自洗蛋壞得特別快的原因。

⚠️ 妳沒注意到的「食安死角」
* 「摸蛋」造成的交叉污染： 最毒的其實是「蛋殼」！如果你打完蛋沒用肥皂洗手，轉頭就去抓春捲皮或切熟食。細菌會瞬間從你的手，無縫接軌沾滿所有直接下肚的食物。蛋是煮熟了，但全家人卻在生吃滿滿細菌的配菜。
* 半生不熟的奪命陷阱： 半熟蛋、滑蛋固然美味，但沙門氏菌極度頑強！只要中心溫度沒有確實超過 71°C，它們根本死不透，直接進到腸胃裡作怪。
* 室溫下的細菌爆發： 備好的蛋皮或配料，若沒有妥善冷藏而擺在常溫下。天氣一熱，沙門氏桿菌會以等比級數瘋狂暴增，不出幾小時就全盤污染！

💡 【K.Y. 專業保命 3 鐵則】請從今晚開始嚴格執行！
高雄 157 人的教訓告訴我們，食安沒有僥倖。在自家廚房，請守住這三道防線：
1. 「摸蛋＝摸毒」立刻洗手： 只要手碰過生蛋殼或生蛋液，請馬上用肥皂狂搓 20 秒！絕對不要順手去碰其他熟食或餐具，嚴防交叉污染。
2. 生熟食「絕對隔離」： 裝過生蛋液的碗、攪拌過的筷子，請直接視為「重度污染區」！馬上丟進水槽清洗，嚴禁再拿來夾取熟食，砧板刀具也要生熟分開。
3. 「全熟」才是唯一護身符： 尤其是給幼童、長輩或孕婦吃的料理，請務必煎到、煮到 100% 全熟！別為了一時的軟嫩口感，賠上全家人的健康。
♥️ 網路分享 ♥️",-aAlh50BoX_cNU7jGPPa,NOT_RUMOR,2026-04-13 14:00:48.601000+00:00,NOT_RUMOR,106.31033444444444,"🚨「毒倒」高雄157人!「跟你有關!」
最近高雄發生的春捲攤中毒事件，短短幾天內高達 157 人受害、31 人嚴重到住院！衛生局與醫院追查後，初步研判感染源是，我們每天都會吃的雞蛋染上了「沙門氏桿菌」。

看到這新聞，你是不是覺得：「那都是外面攤販衛生不好，我買回家後只要看到蛋殼髒，都會習慣先在水槽『洗乾淨』再放冰箱，這樣才衛生吧？」快住手！這個動作極度危險！ 你以為的愛乾淨，其實是親手把沙門氏桿",0,0,2,health,2026,2026|health,recent,recent
501,2h4qaca134d1r,2025-05-27 15:00:20.897000+00:00,TEXT,https://youtu.be/hItvMvoqh1s?si=Q_F-dsutIvUh9ZoE,v12vO5cBfs35m9MiqXCK,RUMOR,2025-06-04 16:04:17.417000+00:00,RUMOR,193.0657,https://youtu.be/hItvMvoqh1s?si=Q_F-dsutIvUh9ZoE,0,0,0,other,2025,2025|other,recent,recent
502,qxeqi1r4kehs,2025-06-10 02:49:54.938000+00:00,TEXT,"沈伯洋父遭爆賺紅錢鐵證　公司竟以「中國台灣」向陸海關登記 | ETtoday新聞雲
https://www.ettoday.net/amp/amp_news.php7?news_id=2975042&from=ampshare-line-fixed",zJb2-JsB9EfTQQdNeweD,RUMOR,2026-01-26 06:21:01.699000+00:00,RUMOR,5523.518544722222,"沈伯洋父遭爆賺紅錢鐵證　公司竟以「中國台灣」向陸海關登記 | ETtoday新聞雲
https://www.ettoday.net/amp/amp_news.php7?news_id=2975042&from=ampshare-line-fixed",0,1,0,political,2025,2025|political,recent,recent
503,12avdld7p5ejd,2025-07-05 12:39:07.226000+00:00,TEXT,7／26日投票沒有投票通知單要自己去投票所投票要攜帶身份證印章去投票所投票這是綠搞出來的把戲,lOhiQpgBDktNo1Yhv_52,RUMOR,2025-07-25 16:20:24.565000+00:00,RUMOR,483.6881497222222,7／26日投票沒有投票通知單要自己去投票所投票要攜帶身份證印章去投票所投票這是綠搞出來的把戲,0,1,0,political,2025,2025|political,recent,recent
504,1320htqp93s8l,2025-05-25 01:42:05.364000+00:00,TEXT,"看了巴菲特的退休演講，我才明白什麼是一個人最好的投資
2025/05/20
•
導語：生命是比錢更貴的東西。


巴菲特要退休了。

前幾天，在一年一度的波克夏股東大會上，巴菲特宣佈了他將在年底退休的消息。

也就是說：這屆股東大會是“巴菲特時代”的謝幕演講。

巴菲特一如既往地健談，大會上他連續說了四個小時，逢問必答。

其中最讓我驚訝的，不是複雜的投資邏輯，而是那些普通平易的人生哲學。

在巴菲特看來，人生最好的投資，不是帳戶上的數字，而是志同道合的夥伴，熱愛的工作、良好的心態。

擁有這些，很多時候，就已經是一個普通人最大的幸福與圓滿。

01
選對朋友
巴菲特說：要跟有智慧的人在一起，一起學習。

比起投資項目，投資朋友是一個對普通人來說更重要的選擇。

就像巴菲特自己，在年輕的時候結識了芒格。

倆人是朋友，是同事，也是戰友。

有共同的愛好，共同的理念，共同的事業。

他們彼此支援，相互激發，才有了波克夏如今在投資界的地位。

我們常說：一個人的水平等於身邊五個朋友的平均水平。

和見識高的人在一起，你的認知也會提高。

和視野廣的人交朋友，你的眼界也會拓寬。

相反，和一些頹喪、消極的人在一起，自己也會慢慢沉淪。

和一些狹隘、固執的人在一起，自己也會慢慢變得偏激。

你選擇的朋友是什麼樣，你的未來就是什麼樣。

讀好書，交善友。

走出家門，去結識那些比自己更優秀的人，你也會遇到一個更好的自己。

02
選對工作
巴菲特說：在很年輕的時候就找到喜歡、對胃口的東西你就會很努力，會想去爭取，不要太擔心一開始的薪水是多少。

在巴菲特看來，工作才是年輕人最好的投資。

如果選錯了自己的工作，那人生也就失去了未來。

而選擇工作的標準，不是薪水多少，不是是否體面光鮮，而是你是否喜歡。

如今網際網路上很多人以牛馬自嘲，視同事如冤家，視老闆如仇寇。每天上班如上墳，把生命裡三分之一的時間，過得怨氣衝天。

歸根結底，是因為沒有找到一份自己熱愛的工作。

就拿巴菲特自己來說。

他已經90多歲高齡，但依然不把工作當成負累。

他說：工作讓我快樂，退休會讓我無聊。工作對他來說，是愛好，是事業，也是價值。

所以他每天都花大量的時間在工作上而樂此不疲，工作是他快樂的源泉。

張泉靈曾說：生命是比錢更貴的東西。

你加入一家公司，選擇一份工作，其實就是用自己的生命在投資，這是遠比用錢投資更值得慎重的事情。

而投資的結果，決定了人生的結果。

所以，選擇為熱愛工作，為那些讓你有成長、有價值的事情努力，你才是在“投資”你的人生。

03
選對伴侶
巴菲特說：人生中最重要的決定是跟什麼人結婚，而不是任何一筆投資。

在他看來，選錯伴侶損失的不只是金錢，更是人生的可能性。

有一個好的妻子，很多時候就有了一個穩定的大後方。

他的妻子蘇珊就是如此。他曾說蘇珊是他的力量源泉，在他疲憊的時候支撐著他，那怕後來兩人分居，她也依然守護著家庭。

家庭是最後的港灣。有一個溫暖的伴侶，這個港灣才能是溫暖的。

前幾天看《人生的邏輯》，作者馮侖裡面提到了一個故事，頗有感觸。

他說自己剛“下海”那會兒，如果對象天天嘮叨他“瞎折騰”“賺不到錢”，他沒準就煩了。

後來遇到困難了，他和妻子也能樂觀面對，而不是怨天尤人。

正是因為妻子的支撐，才有了他後來的事業。

巴菲特說：婚姻與家庭，人生最大的投資，沒有之一。

選擇好伴侶，維護好婚姻，經營好家庭，才是人生中最重要的幸福體驗。

04
保持好心態
大會上，有人問巴菲特，怎麼看待人生的低谷。

巴菲特說：壞的事情總會發生，多關注好的。

在過去的大半個世紀裡，巴菲特覺得他沒有遇到過太糟糕的事情。或者說，他更傾向於關注那些美好的事情。

只要心態不崩，那些糟糕的問題，總是能想辦法去解決，美好往往就能如期而至。

巴菲特一生遇到過很多挫折，有投資失誤、有股市暴跌，也曾被人質疑。

但是他卻始終保持樂觀，甚至說：自己都94歲了，還能隨時隨地喝上喜歡的可樂，這就是挺美好的事。

正是這種積極樂觀的心態，讓他闖過了一次又一次的險灘。

得到的CEO脫不花曾經去大學招聘。

期間有一個學生問她：如何面對失敗？

脫不花的回答很有意思，她說：沒有失敗，只有待解決的問題。

我們永遠不會把對外解決問題的心態，轉化為一種對內自我傷害的情緒，那樣才叫挫折。

真正的低谷在人心裡。

所有挫折都是歷練，所有經歷都是成長。

內心保持光亮，人生自然也就沒有陰霾。

05
保持好奇，多讀書
有人問巴菲特：為什麼94歲的他依然思維敏捷。

他說：好奇心。

唯有保持好奇，才能不斷攝取新知，這樣大腦才不會僵化，認知才不會老化。

學會對大腦投資，不斷給大腦喂飯，才不至於跟不上時代的步伐。

很多人驚嘆於巴菲特對趨勢的判斷，卻不知道他每天要抽四五個小時來讀書。

他曾說：讀書是世界上最賺錢的生意。

每天他都要在繁忙的日程中特意安排時間來閱讀，正是這些閱讀，讓他在職業和生活中做出正確的處理和判斷。

作家周嶺說：人每讀一本書，都是在進行一次名人訪談，是在和頂級的專家交流談話。

書讀得越多，大腦中累積的智慧就越多，解決問題的能力就越強。

馬斯克成為世界首富之後，曾經到清華大學演講。

清華大學經管學院院長問他是如何取得這些成就的。

馬斯克的答案很簡單：“因為我看很多書。”

讀書，是可以改命的。

靜下心來品讀書籍，用智慧把握人生，當你開始翻動書頁時，人生也將翻起新的篇章。

▽
巴菲特今年已經94歲了，他做了70年的投資。

在執掌波克夏的60年裡，波克夏的年化收益率達到了驚人的19.9%。

但在最後的謝幕演講上，他沒有告訴人們如何通過投資暴富，而是告訴我們：人生最好的投資，是你自己，以及你選擇與誰同行。

投資自己的頭腦，保持良好的心態，選擇優秀的夥伴。",P7BJTZwBRkUkW3J-80NM,RUMOR,2026-02-11 15:20:17.993000+00:00,RUMOR,6301.6368413888895,"看了巴菲特的退休演講，我才明白什麼是一個人最好的投資
2025/05/20
•
導語：生命是比錢更貴的東西。


巴菲特要退休了。

前幾天，在一年一度的波克夏股東大會上，巴菲特宣佈了他將在年底退休的消息。

也就是說：這屆股東大會是“巴菲特時代”的謝幕演講。

巴菲特一如既往地健談，大會上他連續說了四個小時，逢問必答。

其中最讓我驚訝的，不是複雜的投資邏輯，而是那些普通平易的人生哲學。

在巴",1,0,0,scam,2025,2025|scam,recent,recent
505,1cp3prqc65fyl,2025-07-21 01:13:04.303000+00:00,TEXT,"聽說在台北延平南路的國軍演練，慘不忍睹！媒體封鎖，沒人敢報導。
尚未查證，不知真假？",r-gxLJgBDktNo1YhG9K7,RUMOR,2025-07-21 08:54:32.635000+00:00,RUMOR,7.691203333333333,"聽說在台北延平南路的國軍演練，慘不忍睹！媒體封鎖，沒人敢報導。
尚未查證，不知真假？",0,0,0,other,2025,2025|other,recent,recent
506,zkz8354q54l9,2025-05-11 08:38:18.064000+00:00,TEXT,那個戒指我本來是想回來的時候帶過去親手給你的，但我做了移民財產登記，然後我今天問了一下移民局那邊，然後那邊給我的回復是帶不過去，如果說帶過去的話要我重新申報，然後我就得等多三個月，所以我只能給你寄過去，物流費和保价费我給就好了，收到了記得好好保存！我回到台灣之後再親自幫你戴上，你看這樣可以嗎,u4C4i5kB29ocKseuI1Mz,RUMOR,2025-09-27 15:08:44.721000+00:00,RUMOR,3342.507404722222,那個戒指我本來是想回來的時候帶過去親手給你的，但我做了移民財產登記，然後我今天問了一下移民局那邊，然後那邊給我的回復是帶不過去，如果說帶過去的話要我重新申報，然後我就得等多三個月，所以我只能給你寄過去，物流費和保价费我給就好了，收到了記得好好保存！我回到台灣之後再親自幫你戴上，你看這樣可以嗎,0,0,0,other,2025,2025|other,recent,recent
507,2pszeiapx3c63,2026-04-01 06:07:58.350000+00:00,TEXT,"已經有一堆人哀嚎 LINE 被強制登出、好友跟群組全消失。這波駭客不是破密碼，是鑽 「語音信箱」 的漏洞！

目前受害者大多是台灣大哥大用戶!

 駭客是怎麼盜你的？

目前猜測可能是駭客嘗試登入你的 LINE，選「語音驗證碼」。

LINE 打給你，你沒接，驗證碼直接進語音信箱。

駭客用遠端撥號＋預設密碼 (0000/1234) 聽取驗證碼。

你的 LINE 瞬間變別人的，聊天紀錄直接歸零

請立刻在台哥大的App關閉語音信箱：

設定-門號設定-語音信箱-選擇取消（默認是打開的）。",YMuTTJ0BZgZZYBoaQ_dJ,NOT_RUMOR,2026-04-02 05:03:32.681000+00:00,NOT_RUMOR,22.92620305555556,"已經有一堆人哀嚎 LINE 被強制登出、好友跟群組全消失。這波駭客不是破密碼，是鑽 「語音信箱」 的漏洞！

目前受害者大多是台灣大哥大用戶!

 駭客是怎麼盜你的？

目前猜測可能是駭客嘗試登入你的 LINE，選「語音驗證碼」。

LINE 打給你，你沒接，驗證碼直接進語音信箱。

駭客用遠端撥號＋預設密碼 (0000/1234) 聽取驗證碼。

你的 LINE 瞬間變別人的，聊天紀錄直接歸零
",2,0,0,scam,2026,2026|scam,recent,recent
508,3qjtrg673ylg0,2025-05-26 12:59:47.706000+00:00,TEXT,"【工作時間及薪資】
45,000/正職月薪 285/兼職時薪
🌸不限上班地點 🌸工時彈性
採在家作業、線上報班、打卡
日領/月領/周領皆可向主管申請
手機/電腦任一樣即可上班
薪水可申請匯款轉帳或薪資袋",V12-DJcBfs35m9MiEx4O,RUMOR,2025-05-26 13:17:52.779000+00:00,RUMOR,0.3014091666666667,"【工作時間及薪資】
45,000/正職月薪 285/兼職時薪
🌸不限上班地點 🌸工時彈性
採在家作業、線上報班、打卡
日領/月領/周領皆可向主管申請
手機/電腦任一樣即可上班
薪水可申請匯款轉帳或薪資袋",7,0,0,scam,2025,2025|scam,recent,recent
509,1n15ql4e2tomt,2025-08-25 03:33:10.846000+00:00,TEXT,"#別讓「掛不到號」成為中風的幫兇

星期六的上午，我難得加開了門診。剛休假幾天，許多需要追蹤的病友早已排滿了預約。正當我準備開始看診時，護理師匆忙進來，說院內一位同事有急事找我。同事一進診間，語氣近乎哀求：「主任！我同學好像中風了，能不能請您幫幫她？」我看著滿診間的病人，實在分身乏術，只能請她先安頓好同學，我下診後會立刻過去了解狀況。👨⚕️

門診一路看到下午五點多，我拖著疲憊的步伐趕到病房。病床上躺著的，是一位才54歲的女士，但她已經呈現明顯的右半身癱瘓，也無法開口說話。這麼年輕，症狀卻如此嚴重，我心中不禁一沉。由於患者無法言語，我轉向家屬，詢問詳細的病程。😟

女兒焦急地還原了整個過程：「她星期四下午就開始覺得右腳怪怪的，有時候會突然沒力，但休息一下又好像恢復了。我們帶她去看了家庭醫學科，那位醫師很警覺，說可能是中風，要我們趕快掛神經科，但不巧的是，您的門診早就掛不進去了…」她們就這樣，一直拖到星期六上午，眼看情況不對，才十萬火急地送到急診，並拜託同事找到我。🗓️

「其實，星期四下午出現間歇性無力的症狀時，就應該直接來急診了！」我忍不住向家屬解釋，「那不是小問題，那是老天爺給的警告，是典型的『#暫時性腦缺血發作』(TIA)，也就是俗稱的『小中風』，是大中風最緊急的前兆！」🧠

女兒一臉無辜地回應：「有啊，我們有去看醫生，但是要轉到您的門診就掛不上號啊…」這個回答，讓我心裡更加沉重。「請記住，任何突發性的神經學症狀，都應該視為急症！」我嚴肅地說，「可以直接到急診！台灣任何一家醫院的急診，對於中風的診斷都非常有經驗。他們會在第一時間啟動中風治療流程，根本不需要執著於掛特定醫師的門診而延誤時機。時間，就是大腦；錯過一分鐘，壞死的腦細胞就再也回不來了！」⏳

磁振造影的結果證實了我的擔憂，影像清楚顯示左側內頸動脈到中大腦動脈完全阻塞，造成了左腦大範圍的梗塞。因為錯失了施打血栓溶解劑和進行動脈取栓的黃金治療時間，導致了如此嚴重的後果。看著眼前這位原本應是活力充沛的女士，想到她未來漫長而艱辛的復健之路，實在令人扼腕。一個可以被及早攔截的悲劇，卻因為「掛不到號就再等等」的迷思而發生了。😔

這個案例提醒了我們所有人，中風的搶救，是一場與時間的賽跑。當身體發出警訊時，請不要猶豫、不要等待。立即前往最近的醫院急診，才是最正確的選擇。現在，我們能做的，就是與患者和家屬一起，訂定最完善的治療與復健計畫，並給予他們最大的心理支持，共同面對這場硬仗。🙏
________________________________________

中風警訊與注意事項
1. 熟記口訣「臨微不亂」：
**「臨」**時手腳軟：單側手腳無力，或單側臉部下垂。
**「微」**笑也困難：臉部表情不對稱。
**「不」**語：說話不清楚、口齒不清或無法言語。
**「亂」**立即撥打119，記下發作時間，火速就醫。
2. #暫時性腦缺血 (TIA) 就是警報： 任何短暫、突發性的無力、麻木、言語或視覺障礙，即使幾分鐘後就恢復，也絕對不能輕忽。這是大中風來臨前最嚴重的警告，必須立即就醫檢查。
3. 別等門診，直衝急診： 懷疑中風時，時間就是一切。不要浪費時間等待門診掛號或尋找特定醫師。應立即前往最近的醫院急診室，爭取在黃金時間內接受血栓溶解劑治療，或在更長時間窗內評估動脈取栓的可能性。
4. 記下發作時間： 務必清楚記下症狀最早出現的時間點，這對醫師判斷能否進行緊急治療至關重要。",7b_N7pgB6nor6FKtIxhp,OPINIONATED,2025-08-28 03:51:18.120000+00:00,OPINIONATED,72.30202055555556,"#別讓「掛不到號」成為中風的幫兇

星期六的上午，我難得加開了門診。剛休假幾天，許多需要追蹤的病友早已排滿了預約。正當我準備開始看診時，護理師匆忙進來，說院內一位同事有急事找我。同事一進診間，語氣近乎哀求：「主任！我同學好像中風了，能不能請您幫幫她？」我看著滿診間的病人，實在分身乏術，只能請她先安頓好同學，我下診後會立刻過去了解狀況。👨⚕️

門診一路看到下午五點多，我拖著疲憊的步伐趕到病房。病床",0,0,0,other,2025,2025|other,recent,recent
510,18shek65wsn9m,2026-04-02 06:26:53.599000+00:00,TEXT,"🔥 趕快檢查！LINE爆大規模「帳號被盜」災情❗快改掉這組設定，三大電信自救法全攻略
https://go.edh.tw/8wa67p

💨🌊 胃脹氣與胃食道逆流是脾胃在喊救命！氣功名師教你「顫掌順氣法」排掉濁氣救消化
https://go.edh.tw/8waac5

🌰 不吃澱粉老更快！醫師點名這3種好澱粉：維持代謝更助減脂（澱粉不是敵人，吃錯才是問題！）
https://go.edh.tw/8waapv

😞 32歲男星自曝「鬼剃頭」全因這行為！救救掉髮補對4營養讓毛囊不罷工
https://go.edh.tw/8wa9n8",-aBaep0BoX_cNU7jvt0T,NOT_RUMOR,2026-04-11 02:24:20.498000+00:00,NOT_RUMOR,211.95747194444445,"🔥 趕快檢查！LINE爆大規模「帳號被盜」災情❗快改掉這組設定，三大電信自救法全攻略
https://go.edh.tw/8wa67p

💨🌊 胃脹氣與胃食道逆流是脾胃在喊救命！氣功名師教你「顫掌順氣法」排掉濁氣救消化
https://go.edh.tw/8waac5

🌰 不吃澱粉老更快！醫師點名這3種好澱粉：維持代謝更助減脂（澱粉不是敵人，吃錯才是問題！）
https://go.edh.tw/",1,0,1,scam,2026,2026|scam,recent,recent
511,1cexrj7rqm2s7,2025-07-29 03:17:53.771000+00:00,TEXT,"大家注意了～8月23日不管自己選區有沒有國民黨被罷免的七位立委，因為與全國性公投「核三重啟公投案」綁在一起，因此8/23當天全台「一樣必須全部出來投票」，因為8月23日的核三重啟公投案關係到你、我荷包、國家未來能源政策、減少PM2.5污染的重要事件，核三如果無法重啟則一年電費成本要增加一千億元，電價漲價都要轉嫁至人民身上，所以請繼續號召親朋好友，8/23一定要再出來投一次票！

核三重啟投「同意」票",tQ65b5gBngzKCCgMlKYW,OPINIONATED,2025-08-03 11:38:09.813000+00:00,OPINIONATED,128.33778944444444,"大家注意了～8月23日不管自己選區有沒有國民黨被罷免的七位立委，因為與全國性公投「核三重啟公投案」綁在一起，因此8/23當天全台「一樣必須全部出來投票」，因為8月23日的核三重啟公投案關係到你、我荷包、國家未來能源政策、減少PM2.5污染的重要事件，核三如果無法重啟則一年電費成本要增加一千億元，電價漲價都要轉嫁至人民身上，所以請繼續號召親朋好友，8/23一定要再出來投一次票！

核三重啟投「同意」",0,5,0,political,2025,2025|political,recent,recent
512,25vc9wa3n3lpu,2025-12-20 03:51:41.634000+00:00,TEXT,"台南軍火標案這件事，為什麼「連常識都騙不過」？

事情其實一點都不複雜。

最近被揭發的，是幾家台南的公司，突然接連拿到好幾億元的軍火採購標案。問題的關鍵，從來不在「形式上有沒有合法」，而在於——
整件事怎麼看，都怪到讓人無法忽視，甚至可以說是扯到離譜。

我們不談政治立場，只用最基本的常識，一條一條來看。

⸻

第一個怪：原本根本不是做軍火的

這些公司原本在做什麼？
   •   室內裝修
   •   一般貿易
   •   日用品、鞋子等民生商品

不是軍工、不是軍需，更不是國防產業。

結果呢？

只要在公司登記資料上「多加一行字」——
加上「國際貿易」、「軍火相關項目」，
沒多久，就能去標國防部的炸藥、軍用物資，
而且一標就是好幾億元，甚至幾乎沒有競爭對手。

請問一句最簡單的話：
👉 如果你是軍方，你真的敢把炸藥交給這種背景的公司嗎？

⸻

第二個怪：時間點剛剛好

這些公司，幾乎都在 2024 年、賴清德上任之後，
才突然變更營業項目，
接著不久，就接連得標。

不是十年前布局，
不是多年累積專業，
而是——

改完登記，馬上發大財。

你覺得這是巧合？
還是「剛好有人幫你把路鋪好」？

⸻

第三個怪：通通集中在台南

更耐人尋味的是——
公司通通在台南。

而且其中有些公司，
早年就經常承攬台南市政府的標案，
也正是賴清德擔任台南市長的時期。

面對這種高度集中的現象，
社會本來就該看到檢調主動出面釐清。

但現實是什麼？
大家心裡都有數——
這類案件，檢調系統往往呈現一種
既聾、又瞎、又啞的狀態。

所以問題不是「正不正常」，
而是：
👉 這樣的集中度，本來就不正常，也幾乎沒人敢碰。

⸻

第四個怪：政府只剩下一句「合法」

政府怎麼回應？

一句話打天下：

「都有照程序來，合法。」

但問題來了——
這個「合法」，是嘴上說的合法，還是經得起全面檢驗的合法？

更讓人錯愕的是，
現任國防部長，本身是辯才無礙的大律師出身，
卻在面對這起軍火標案爭議時，
說話變得支支吾吾、答非所問，
幾乎到了「有口難言」的程度。

這本身，就已經是一個警訊。

⸻

結論：這就是「合法貪腐」，而且連常識都騙不過

是不是犯法，
當然必須交由後續嚴格調查與檢視。

但人民其實早就看懂一件事：

👉 軍火不是裝修工程
👉 炸藥不是一般商品
👉 國防不是拿來賺快錢的生意

當一個政府，可以讓「明顯是外行的公司」，
透過「形式合法的程序」，
一次又一次吃下軍火大案——

那就是：

合法包裝的貪腐，
而且是連常識都騙不過的那一種。

人民要的，從來不是一句「合法就好」，
人民要的是：

安全、專業、說得清楚、講得明白。

而這一點，
現在的賴政府，
究竟是沒有解釋的能力？
還是事情本身，就真的無從解釋？",kZUVOpsBvuNcPglU4ov9,RUMOR,2025-12-20 04:47:51.546000+00:00,RUMOR,0.9360866666666666,"台南軍火標案這件事，為什麼「連常識都騙不過」？

事情其實一點都不複雜。

最近被揭發的，是幾家台南的公司，突然接連拿到好幾億元的軍火採購標案。問題的關鍵，從來不在「形式上有沒有合法」，而在於——
整件事怎麼看，都怪到讓人無法忽視，甚至可以說是扯到離譜。

我們不談政治立場，只用最基本的常識，一條一條來看。

⸻

第一個怪：原本根本不是做軍火的

這些公司原本在做什麼？
   •   室內裝修
",0,0,0,other,2025,2025|other,recent,recent
513,tbnw3w2pl0ek,2026-03-29 09:22:24.541000+00:00,TEXT,北海道超級地震最新預測！專家警告：板塊能量積聚達100%／規模與311大地震相約／可引發30米高海嘯 https://share.google/H2GyBRxbJHI9kfo8Q,Ibo_OZ0B-5SQhC6hC7E0,RUMOR,2026-03-29 10:58:46.195000+00:00,RUMOR,1.6060150000000002,北海道超級地震最新預測！專家警告：板塊能量積聚達100%／規模與311大地震相約／可引發30米高海嘯 https://share.google/H2GyBRxbJHI9kfo8Q,0,0,0,other,2026,2026|other,recent,recent
514,s2nb5qrln9wf,2025-09-28 14:13:25.478000+00:00,TEXT,好的 申請之前的話 需要了解一下你的資料看下是否符合申請標準    我發一下資料 你辛苦填寫一下,l4BSkZkB29ocKseus1xb,RUMOR,2025-09-28 17:15:40.250000+00:00,RUMOR,3.037436666666667,好的 申請之前的話 需要了解一下你的資料看下是否符合申請標準    我發一下資料 你辛苦填寫一下,0,0,0,other,2025,2025|other,recent,recent
515,5trnocidhf8w,2025-11-15 05:52:51.919000+00:00,TEXT,"台電公司新聞稿：電郵申請電費退款陷阱！台電提醒：圖片連結有詐，切勿點擊
https://www.moea.gov.tw/Mns/populace/news/News.aspx?kind=1&menu_id=40&news_id=121080",0n1CW5sBQRhppPJGlTy-,RUMOR,2025-12-26 15:24:09.019000+00:00,RUMOR,993.5214166666668,"台電公司新聞稿：電郵申請電費退款陷阱！台電提醒：圖片連結有詐，切勿點擊
https://www.moea.gov.tw/Mns/populace/news/News.aspx?kind=1&menu_id=40&news_id=121080",1,0,0,scam,2025,2025|scam,recent,recent
516,3351d4q8hzzlk,2025-07-18 04:16:31.793000+00:00,TEXT,"近期有詐騙集團假冒中華郵政，以包裹配送異常為由，在通知單上留下郵務專員的手機號碼，並要求儘速回電，這是詐騙手法，請民眾提高警覺，根據奇摩新聞報導，郵差不會留手機號碼聯繫，若有疑慮可撥打中華郵政客服專線0800-700-365或165反詐騙專線查證。 
詐騙手法解析:
假通知單:
詐騙集團會製作假的郵局包裹配送異常通知單，上面寫著「郵務專員手機號碼」，並要求收件人回電。
錯誤訊息:
通知單上通常會註明不合理的營業時間，例如晚上9點，或是使用「配送」而非郵政用語的「投遞」。
誘騙個資:
詐騙集團的目的在於誘騙民眾回撥電話，或是點擊不明連結，進而盜取個資或進行其他詐騙行為。 
如何防範:
不隨意回覆:
不要隨意回覆不明來源的包裹配送異常通知，尤其是留下手機號碼的通知。 
撥打客服專線:
若有疑慮，可直接撥打中華郵政客服專線0800-700-365或165反詐騙專線查證。",DP7R95oBNXI5ecaqFLgY,NOT_RUMOR,2025-12-07 07:57:45.876000+00:00,NOT_RUMOR,3411.687245277778,"近期有詐騙集團假冒中華郵政，以包裹配送異常為由，在通知單上留下郵務專員的手機號碼，並要求儘速回電，這是詐騙手法，請民眾提高警覺，根據奇摩新聞報導，郵差不會留手機號碼聯繫，若有疑慮可撥打中華郵政客服專線0800-700-365或165反詐騙專線查證。 
詐騙手法解析:
假通知單:
詐騙集團會製作假的郵局包裹配送異常通知單，上面寫著「郵務專員手機號碼」，並要求收件人回電。
錯誤訊息:
通知單上通常會註",1,0,0,scam,2025,2025|scam,recent,recent
517,36ranacv3gbwr,2025-05-17 16:11:38.705000+00:00,TEXT,https://tw.news.yahoo.com/%E5%A4%A7%E7%BD%B7%E5%85%8D%E4%B8%AD%E7%9A%84520-230000746.html,oawkt5gBicoXA8iSazIp,OPINIONATED,2025-08-17 08:27:54.024000+00:00,OPINIONATED,2200.2709219444446,https://tw.news.yahoo.com/%E5%A4%A7%E7%BD%B7%E5%85%8D%E4%B8%AD%E7%9A%84520-230000746.html,0,0,0,other,2025,2025|other,recent,recent
518,2mjxu7tkqjek1,2025-10-27 13:06:21.866000+00:00,TEXT,"您好：
我們是曉明女中高一的同學，參加「2026年全國公民行動方案」競賽，我們正在進行一項關於 「神經多樣性正名運動」 的研究。神經多樣性（Neurodiversity）是一種理解與尊重人類思維差異的觀點，強調自閉症、過動症、讀寫困難等狀況，不應只是「缺陷」或「疾病」，而是多元的存在方式。
本問卷的目的，是希望了解社會大眾對神經多樣性相關概念的認識、態度與看法，以作為我們研究與推廣正名運動的參考依據。
填答本問卷大約需要3~5分鐘，所有資料僅用於學術研究與教育推廣，不會公開個人資訊，請放心作答。
您的每一份回覆，對於推動社會對神經多樣性的理解與友善，都非常重要。

感謝您的時間與參與！

曉明女中高一 林芊妤、林思貝、陳宛非、陳姸妤、黃子容、黃念慈同學
指導老師     賴維真老師
https://reurl.cc/x38AL1

協助推動單位：
社團法人 青少年神經多樣性行動協會 
國教行動聯盟",PsDXKpoBWwAUNc5btdPv,NOT_ARTICLE,2025-10-28 12:42:51.246000+00:00,NOT_ARTICLE,23.608161111111112,"您好：
我們是曉明女中高一的同學，參加「2026年全國公民行動方案」競賽，我們正在進行一項關於 「神經多樣性正名運動」 的研究。神經多樣性（Neurodiversity）是一種理解與尊重人類思維差異的觀點，強調自閉症、過動症、讀寫困難等狀況，不應只是「缺陷」或「疾病」，而是多元的存在方式。
本問卷的目的，是希望了解社會大眾對神經多樣性相關概念的認識、態度與看法，以作為我們研究與推廣正名運動的參考依",0,0,0,other,2025,2025|other,recent,recent
519,3o3drfjb66z4o,2025-09-03 02:12:48.812000+00:00,TEXT,"🎧 初音ミク× 7-ELEVEN限定CUBE FACE LCD觸屏藍牙耳機！
限量100組 每人限購一台喔~
下訂連結🛒 https://morep.site/CUBE-FACE-LCD",VNLwOpkBHl7v1na38WDJ,RUMOR,2025-09-11 22:41:33.126000+00:00,RUMOR,212.4789761111111,"🎧 初音ミク× 7-ELEVEN限定CUBE FACE LCD觸屏藍牙耳機！
限量100組 每人限購一台喔~
下訂連結🛒 https://morep.site/CUBE-FACE-LCD",0,0,0,other,2025,2025|other,recent,recent
520,1gxcyv6nx87c5,2025-05-29 02:50:18.020000+00:00,TEXT,https://youtu.be/3h3lx1LKSF4?si=TlvEKwCQ885VFGNk,v12vO5cBfs35m9MiqXCK,RUMOR,2025-06-04 16:04:17.417000+00:00,RUMOR,157.23316583333337,https://youtu.be/3h3lx1LKSF4?si=TlvEKwCQ885VFGNk,0,0,0,other,2025,2025|other,recent,recent
521,1e2chyjsdc50v,2025-04-13 15:18:58.850000+00:00,TEXT,"📵為了方便大家能夠及時查看族群資訊，大家盡量減少發言，禁止刷屏📵

🔴🔴🔴對於「箱體結構」的分享到此為止

「箱體結構」結構是非常常見並且比較簡單的交易方式，之所以有那麼多人不懂得使用，是因為沒有信心和耐心
所以請大家對交易保持信心和耐心，持之以恆地去做一件事才能夠成功

今天下午的分享到此結束

為了大家更好地在週末時間休息，晚上不安排分享

大家週末愉快！(halo smile)🔴🔴🔴

📵為了方便大家能夠及時查看族群資訊，大家盡量減少發言，禁止刷屏📵",J1www5YBfs35m9Miwp0C,RUMOR,2025-05-12 06:31:14.689000+00:00,RUMOR,687.2043997222223,"📵為了方便大家能夠及時查看族群資訊，大家盡量減少發言，禁止刷屏📵

🔴🔴🔴對於「箱體結構」的分享到此為止

「箱體結構」結構是非常常見並且比較簡單的交易方式，之所以有那麼多人不懂得使用，是因為沒有信心和耐心
所以請大家對交易保持信心和耐心，持之以恆地去做一件事才能夠成功

今天下午的分享到此結束

為了大家更好地在週末時間休息，晚上不安排分享

大家週末愉快！(halo smile)🔴🔴🔴

📵為",1,0,0,scam,2025,2025|scam,recent,recent
522,31ask753u7fut,2025-07-28 19:40:04.730000+00:00,TEXT,https://ctinews.com/news/items/vNWOP3YAaw?from=fb_ctinews&fbclid=IwQ0xDSwL0sQlleHRuA2FlbQIxMQABHj-aRio4QUT-r2SuIeZZOFBlZpoRM96GiZLhlIRfnMfW94W9eMwirrU4OaG-_aem_DOCmlwwE80XjETgXlIyOHQ#nckpb9ubmrgj711ldg92518fjpo2cmxs,Da-HE5wBRkUkW3J-geTv,OPINIONATED,2026-01-31 10:09:33.677000+00:00,OPINIONATED,4478.491374166667,https://ctinews.com/news/items/vNWOP3YAaw?from=fb_ctinews&fbclid=IwQ0xDSwL0sQlleHRuA2FlbQIxMQABHj-aRio4QUT-r2SuIeZZOFBlZpoRM96GiZLhlIRfnMfW94W9eMwirrU4OaG-_aem_DOCmlwwE80XjETgXlIyOHQ#nckpb9ubmrgj711ld,0,0,0,other,2025,2025|other,recent,recent
523,347hug0d1bgbw,2026-02-07 15:56:20.962000+00:00,TEXT,https://www.instagram.com/reel/DUZNZcyjF5P/?igsh=aHIyZDQxd3UwNDJ5,KrALQ5wBRkUkW3J-njSk,NOT_RUMOR,2026-02-09 15:36:00.931000+00:00,NOT_RUMOR,47.661102500000005,https://www.instagram.com/reel/DUZNZcyjF5P/?igsh=aHIyZDQxd3UwNDJ5,0,0,0,other,2026,2026|other,recent,recent
524,38w7fqoupz0g8,2025-06-16 01:32:52.217000+00:00,TEXT,"「91歲醫師揭露洋蔥的7個真相｜藥廠絕對不會告訴你的，預防癌症與失智的黃金食譜
https://youtu.be/Y4BgEYQ2yoU",Y-hI8pcBDktNo1YhKWP8,RUMOR,2025-07-10 03:01:45.083000+00:00,RUMOR,577.4813516666667,"「91歲醫師揭露洋蔥的7個真相｜藥廠絕對不會告訴你的，預防癌症與失智的黃金食譜
https://youtu.be/Y4BgEYQ2yoU",0,0,2,health,2025,2025|health,recent,recent
525,249n9k1i1t3hn,2025-12-15 13:05:09.051000+00:00,TEXT,"在屠殺中國人的日本兵𥚃， 有個特別殘忍的陸軍少佐， 他的名字叫做高市利彥。 就是現在日本首相高市早苗的祖父。 高市早苗從不承認南京大屠殺， 應該是不敢面 ...

瑞士公布的照片就是高市利彥！",aH2GVZsBoG1LWB_I6CWO,RUMOR,2025-12-25 12:41:03.373000+00:00,RUMOR,239.59842277777776,"在屠殺中國人的日本兵𥚃， 有個特別殘忍的陸軍少佐， 他的名字叫做高市利彥。 就是現在日本首相高市早苗的祖父。 高市早苗從不承認南京大屠殺， 應該是不敢面 ...

瑞士公布的照片就是高市利彥！",0,1,0,political,2025,2025|political,recent,recent
526,13j8bc5f7j8m3,2025-12-12 15:23:22.920000+00:00,TEXT,親愛的，我本來是想過去的時候帶過去親手給你的，但我做了移民財產登記，帶不過去，只能給你寄過去我本來是想過去的時候帶過去親手給你的，但我做了移民財產登記，帶不過去，只能給你寄過去,gkJopp0BYNn_1SiYXnbV,RUMOR,2026-04-19 15:42:31.121000+00:00,RUMOR,3072.318944722222,親愛的，我本來是想過去的時候帶過去親手給你的，但我做了移民財產登記，帶不過去，只能給你寄過去我本來是想過去的時候帶過去親手給你的，但我做了移民財產登記，帶不過去，只能給你寄過去,0,0,0,other,2025,2025|other,recent,recent
527,1xjbhzstqwy8k,2025-07-30 12:53:48.709000+00:00,TEXT,"來源：健康2.0
https://share.google/60ePxImsNWQsYfoL6",Da-HE5wBRkUkW3J-geTv,OPINIONATED,2026-01-31 10:09:33.677000+00:00,OPINIONATED,4437.262491111112,"來源：健康2.0
https://share.google/60ePxImsNWQsYfoL6",0,0,1,health,2025,2025|health,recent,recent
528,2me99jkfp37y7,2025-06-09 13:26:04.309000+00:00,TEXT,"朋友們好，這裡先跟大家說明清楚：所有朋友都是在各自的帳戶操作，不需要匯款給我！

我一直強調，現在各大券商背後的主力和大戶，早已擁有專屬的高頻交易系統（HFT App）。這些平台不僅技術門檻極高，連使用資格也需經過層層審核，且必須符合高資產標準。高額的資金門檻，幾乎將一般散戶拒之門外，財富的金字塔從一開始就設了圍牆。

而我多年來的好友，台灣券商公會理事長，也是元富證券董事——陳俊宏先生，正是推動券商數位轉型、強化國際競爭力的重要推手。這些年來，他致力於帶領台灣券商穩健發展，提升整體資本市場的實力。然而，外資長期透過各種手段將台灣散戶的資金搬離本土，這不只是股市疲弱的問題，更是嚴重削弱台灣整體經濟活力，對成長產生直接打擊。

資金的流失，意味著企業無法擴張、無法創造更多就業，最終削弱了台灣經濟體系的穩定性。長期以往，這不僅是投資人的財富流失，更是國家競爭力的根基被侵蝕，影響的是整個世代的未來。

台灣這片土地給了我們生命，也塑造了我們的靈魂。無論是山川河流，還是勤奮智慧的人民，都讓我無比感激和驕傲。然而，當我看到外資不斷收割台灣散戶的資金，讓經濟命脈逐步流失，我感到憤怒，更感到不能坐視不管。這不只是資金的流失，更關乎我們國家的未來，關乎產業、就業、生活穩定，甚至是我們下一代的希望。

這一次，陳俊宏董事特別開放了原本專供元富證券大戶主力使用的【理財安心行】交易平台，並搭載了數位統籌技術，首次釋出一部分名額給我們。老蘇也將親自帶領這部分朋友，運用數位統籌，對抗外資的資金掠奪，為自己，更為台灣的未來，守住這一條財富與希望的防線！",AA-UpJgBngzKCCgMHgbV,RUMOR,2025-08-13 17:57:07.408000+00:00,RUMOR,1564.5175275,"朋友們好，這裡先跟大家說明清楚：所有朋友都是在各自的帳戶操作，不需要匯款給我！

我一直強調，現在各大券商背後的主力和大戶，早已擁有專屬的高頻交易系統（HFT App）。這些平台不僅技術門檻極高，連使用資格也需經過層層審核，且必須符合高資產標準。高額的資金門檻，幾乎將一般散戶拒之門外，財富的金字塔從一開始就設了圍牆。

而我多年來的好友，台灣券商公會理事長，也是元富證券董事——陳俊宏先生，正是推動",4,0,0,scam,2025,2025|scam,recent,recent
529,2opnlbr67p9ei,2026-02-07 12:30:58.554000+00:00,TEXT,https://youtu.be/ujrqN-h9TeE?si=0hnpfpIdD-_OoDmM,v0eswJwBB0eXeo82xK1X,RUMOR,2026-03-06 01:04:33.878000+00:00,RUMOR,636.5598122222223,https://youtu.be/ujrqN-h9TeE?si=0hnpfpIdD-_OoDmM,0,0,0,other,2026,2026|other,recent,recent
530,2z7u8n7ex8512,2025-07-03 10:56:16.876000+00:00,TEXT,妳好👋請問是應徵線上麻將陪打員嗎？,XkjnG50BB0eXeo82ODnw,RUMOR,2026-03-23 18:13:51.471000+00:00,RUMOR,6319.292943055555,妳好👋請問是應徵線上麻將陪打員嗎？,0,0,0,other,2025,2025|other,recent,recent
531,21gcc79qp83cx,2025-12-01 02:08:42.666000+00:00,TEXT,"芥菜、俗稱年夜菜. 你可知道它的妙用在那裡？
芥菜，真的是我以前超抗拒的菜，特別是過年必吃的長年菜，我連筷子都不想伸過去！但最近，我居然開始常喝芥菜湯，原因還挺有意思。

話說很多年前，媽媽感冒得很嚴重，有次在市場邊走邊狂咳，咳到呼吸不過來。這時一位阿姨熱心跑來教她：「回家用芥菜加地瓜煮湯，喝幾次就好了！」媽媽半信半疑，但回去試了，結果真的好了！從那之後，這偏方就變成我們家的標配，誰感冒她就煮這湯，還挺管用。

最近感冒的人很多，媽媽又叮囑我：「這湯多跟人推薦，天然ㄟ尚好！」

不加糖、鹽巴  喝原汁原味的菜湯（芥菜）經常抽筋的要吃，睡眠不足的更要吃， 這種菜「養腎補鈣」很多人不知道！",SBrP7poBElZarx-V3gND,OPINIONATED,2025-12-05 13:59:51.614000+00:00,OPINIONATED,107.85248555555556,"芥菜、俗稱年夜菜. 你可知道它的妙用在那裡？
芥菜，真的是我以前超抗拒的菜，特別是過年必吃的長年菜，我連筷子都不想伸過去！但最近，我居然開始常喝芥菜湯，原因還挺有意思。

話說很多年前，媽媽感冒得很嚴重，有次在市場邊走邊狂咳，咳到呼吸不過來。這時一位阿姨熱心跑來教她：「回家用芥菜加地瓜煮湯，喝幾次就好了！」媽媽半信半疑，但回去試了，結果真的好了！從那之後，這偏方就變成我們家的標配，誰感冒她就煮這湯",0,0,0,other,2025,2025|other,recent,recent
532,1n4h1znhtke2c,2025-07-03 10:56:16.877000+00:00,TEXT,"那我這邊跟你說一下✨【陪打工作內容】✨
🔊須具備麻將基礎，不會算台沒關係
🔊24小時制自行安排，單純陪玩，不需要任何費用
🔊使用明星三缺一進行麻將對局
🔊麻將遊戲每個月完成線上麻將40將，每月20000元/月結
🔊我這邊幫你登記場次，月結報表並傳回遊戲公司確認，15號準時發薪這邊沒有問題的幫我回覆(沒問題)",X0jnG50BB0eXeo82VDnE,RUMOR,2026-03-23 18:13:58.593000+00:00,RUMOR,6319.294921111111,"那我這邊跟你說一下✨【陪打工作內容】✨
🔊須具備麻將基礎，不會算台沒關係
🔊24小時制自行安排，單純陪玩，不需要任何費用
🔊使用明星三缺一進行麻將對局
🔊麻將遊戲每個月完成線上麻將40將，每月20000元/月結
🔊我這邊幫你登記場次，月結報表並傳回遊戲公司確認，15號準時發薪這邊沒有問題的幫我回覆(沒問題)",1,0,0,scam,2025,2025|scam,recent,recent
533,3jk27bdo83p7z,2025-08-29 07:15:40.059000+00:00,TEXT,這邊你本人不需要出國 因為我們在歐洲就有公司可以直接幫你包裝歐洲的創業身分跟生活記錄 幫你包裝好 提交給銀行審核，審核通過就會撥款到你的賬戶，這是政府補貼 申請下來是可以不用還的 對你在台灣  本土的生活也不會有影響 明白了嗎？,Sr8v9ZgB6nor6FKtxSTO,RUMOR,2025-08-29 09:36:45.517000+00:00,RUMOR,2.351516111111111,這邊你本人不需要出國 因為我們在歐洲就有公司可以直接幫你包裝歐洲的創業身分跟生活記錄 幫你包裝好 提交給銀行審核，審核通過就會撥款到你的賬戶，這是政府補貼 申請下來是可以不用還的 對你在台灣  本土的生活也不會有影響 明白了嗎？,1,0,0,scam,2025,2025|scam,recent,recent
534,2dyekbiv8mrgn,2026-02-03 05:36:11.294000+00:00,TEXT,"漢他病毒無治療藥物 醫警告「一開始像感冒」！數小時致命
壹蘋新聞網
2026年2月1日 週日 下午3:49


3

【記者黃泓哲／台北報導】疾管署日前公布國內今年首例漢他病毒死亡個案，引發關注。醫師黃軒在臉書提醒，真正讓人害怕的不是不認識病毒，而是「一開始太像感冒」。因為漢他病毒在初期幾乎和一般感冒、流感沒有差別，常見症狀包括流鼻水、喉嚨痛、發燒、全身痠痛，卻可能在短短幾小時內急速惡化，引發肺水腫甚至休克，錯過治療時機，此外疾管署提醒過，目前漢他病毒的感染並無特殊治療方法，基本上施以支持療法，可說相當嚴重。

醫師黃軒指出，臨床上最容易出問題的，就是太早把高風險病毒當成小感冒處理。他說，許多病毒的「開場白」都很溫和，關鍵不在第一天，而是後續幾天身體的變化。像一般感冒病毒、非重症的冠狀病毒、副流感或成人型RSV，多半症狀單純、病程緩慢，休息幾天就會改善，通常不會造成器官衰竭。

廣告

但有些病毒「前段很普通，後段才出事」。黃軒說，流感一開始常被誤認為小感冒，接著卻高燒不退、全身痠痛；COVID-19前幾天症狀輕微，卻可能在第5-8天突然惡化；腺病毒則常合併喉嚨痛與結膜炎，群聚感染時更要提高警覺，這類病毒最容易在門診被低估。

延伸閱讀



北部出現今年首例染漢他病毒 疾管署籲落實防鼠三措施
真的要很小心  即使粉塵都會傳染      NOW健康

北部爆漢他病毒！外界憂大安森林公園松鼠成傳播媒介　醫生說話了
CTWANT

漢他病毒奪命 王欣儀批前柯市府取消滅鼠週釀「防疫破洞」
中時新聞網

大安森林公園很多松鼠...會感染漢他病毒？　醫：通常還好
中天新聞網
至於漢他病毒，則屬於醫師一看到就會「直接拉警報」的類型。黃軒提醒，只要感冒症狀合併發燒卻越來越喘、意識變慢、肌肉痛異常劇烈，或有鼠類、特殊環境接觸史，加上病情突然惡化，就絕不能再當普通感冒看，務必盡快就醫，才能爭取關鍵救命時間。",grDzO5wBRkUkW3J-cScG,NOT_RUMOR,2026-02-08 06:32:15.877000+00:00,NOT_RUMOR,120.93460638888888,"漢他病毒無治療藥物 醫警告「一開始像感冒」！數小時致命
壹蘋新聞網
2026年2月1日 週日 下午3:49


3

【記者黃泓哲／台北報導】疾管署日前公布國內今年首例漢他病毒死亡個案，引發關注。醫師黃軒在臉書提醒，真正讓人害怕的不是不認識病毒，而是「一開始太像感冒」。因為漢他病毒在初期幾乎和一般感冒、流感沒有差別，常見症狀包括流鼻水、喉嚨痛、發燒、全身痠痛，卻可能在短短幾小時內急速惡化，引發肺水",0,0,4,health,2026,2026|health,recent,recent
535,wytqeflj8mmi,2025-07-08 06:45:23.014000+00:00,TEXT,"颱風過後、請不要買中南部的養殖魚、因為太陽能版被颱風吹壞掉到魚池、因為太陽能板破了漏出的粉液、非常毒！
因為魚吃了毒、可能就被撈起、送到市場、假如人吃了、後果難以想像⋯⋯",EOjH7JcBDktNo1YhzVlk,RUMOR,2025-07-09 01:23:26.691000+00:00,RUMOR,18.63435472222222,"颱風過後、請不要買中南部的養殖魚、因為太陽能版被颱風吹壞掉到魚池、因為太陽能板破了漏出的粉液、非常毒！
因為魚吃了毒、可能就被撈起、送到市場、假如人吃了、後果難以想像⋯⋯",0,0,0,other,2025,2025|other,recent,recent
536,1w3taop8gwbyb,2025-08-04 13:19:14.988000+00:00,TEXT,普發一萬的詐騙手法開始了，請大家注意不要提供信用卡資料出去,gMChH5oBWwAUNc5b2MED,NOT_RUMOR,2025-10-26 08:28:11.650000+00:00,NOT_RUMOR,1987.1490727777773,普發一萬的詐騙手法開始了，請大家注意不要提供信用卡資料出去,2,0,0,scam,2025,2025|scam,recent,recent
537,3k5iqzju6ddzb,2025-09-15 23:46:16.736000+00:00,TEXT,"最新消息！：台灣NCC公告國家防災日全國性演練消息【114年國家防災日｜電視頻道切換播放災防訊息】指定電視頻道播放重大訊息演練」演練時間：

・預先演練：9月17日（三）凌晨3:00~3:02
・正式演練：9月19日（五）上午10:59~11:01

NCC指出當天公共電視將提供重大災害緊急警報訊息並傳遞演練預演影像畫面傳送至全國各無線電視臺（含台視、中視、華視、民視）；地方有線電視系統也會強制將用戶正在收看的頻道切換至公視之指定頻道。

請全國民眾看到電視畫面切換不必驚慌！",7X9yUJkB29ocKseuX-7a,NOT_RUMOR,2025-09-16 02:54:56.985000+00:00,NOT_RUMOR,3.144513611111111,"最新消息！：台灣NCC公告國家防災日全國性演練消息【114年國家防災日｜電視頻道切換播放災防訊息】指定電視頻道播放重大訊息演練」演練時間：

・預先演練：9月17日（三）凌晨3:00~3:02
・正式演練：9月19日（五）上午10:59~11:01

NCC指出當天公共電視將提供重大災害緊急警報訊息並傳遞演練預演影像畫面傳送至全國各無線電視臺（含台視、中視、華視、民視）；地方有線電視系統也會強制將",0,0,0,other,2025,2025|other,recent,recent
538,3qyo624mq6q0q,2025-06-23 09:56:10.484000+00:00,TEXT,"醫院骨科主任寫給中壯年的公開信￼

現在少子化、退休族群要懂得照顧自己、不要跌倒、要小心再小心、自己安全顧好，就不會拖累伴侶和子女、要健康平安、才能走的遠、樂活自在

醫院骨科主任寫給所有老年人（60-100歲及以上）的一封信…

 *如何減少意外傷害？*

 *我總結出來的所謂秘密有七個字，那就是：*

 *「小心，小心，再小心」！*

 *具體措施包括：*

 *1. 切勿站在椅子或凳子上拿東西，即使是矮凳。*

 *2. 下雨天盡量不要外出。*

 *3. 洗澡或上廁所時要特別小心，防止滑倒​​。*

 *4. 最重要的是，特別是對於女性來說，不要在浴室裡穿內衣，不要支撐牆壁或其他東西......這是滑倒和髖關節骨折的最常見原因...沐浴後，回到更衣室......舒適地坐在椅子上或床上，然後穿上內衣..*

 *5. 上廁所時，請確保浴室地板乾燥不滑。只使用馬桶。同時，固定一個扶手，以便從馬桶座上起身時可以握住。...上廁所時也是如此。坐在浴凳上洗澡。*

 *5. 睡前一定要清理家裡地板上的雜物，地板潮濕時要加倍小心…*

 *5. 半夜起床時，先在床上坐3-4分鐘再起身； 一定要先開燈，然後起床。*

 *6. 至少在晚上甚至白天（如果可行），請不要從裡面關上廁所門。如果可能的話，在廁所里安裝一個警鈴，在發生緊急情況時按下它可以呼叫家人等的幫助。任何緊急情況.. .*

 *7. 老年人必須坐在椅子或床上才能穿褲子等*

 *8. 萬一摔倒，必須伸出雙手，以得到地面的支撐。 前臂和手腕骨折比髖關節股骨頸骨折好。*

 *8. 我強烈提倡鍛煉，至少步行，盡可能適合您..*

 *9. 特別是對於女性來說..要非常非常認真地將體重控制在允許的範圍內...飲食控制是最重要的關鍵...吃剩菜，女性的常見行為...遠離它...餵剩菜對迷途的牛…控制體重絕對是你的事和你的想法，「總是最好在半腹飽時停止進食，而不是在飽腹時吃到飽為止。*

 *關於增加骨量，我也主張膳食補充劑（乳製品、豆製品和海鮮，特別是小蝦皮，鈣含量高）而不是藥物補充劑。*

 *另一個是適當進行戶外活動，因為陽光照射（在紫外線下）會將皮膚中的膽固醇轉化為維生素D。*

 *有利於促進腸道對鈣的吸收及成骨細胞活性，具有延緩骨質疏鬆的作用。*

 *2. 老年人保健：*

 *(1) 小結 在調查300多位百歲老人後，我發現了一些驚人的數據。 幾乎所有跌倒的百歲老人都會在三個月內死亡。*

 *（2）跌倒不一定會導致骨折，但跌倒的震動和衝擊力會使老年人全身機能紊亂，經絡不通，不能成為一個有機的整體。達到自我平衡調節，導致內臟功能快速衰竭，從而快速死亡。*

 *（3）特別注意衛浴地板的防滑。 上樓梯時，要使用扶手，不要跌倒。 大家保重。*

 *因此，老人家一定要注意防滑、防摔措施。*

 *一次跌倒將損失十年生命。 因為所有的骨頭和肌肉都被破壞了。 手術沒用，保守治療也很拖累。 所以，要小心。*

 **避免站立時間過長**

 *這條訊息可能看起來很長，但值得一讀，尤其是對於老年人和照顧老年人的人來說。",3-hlNZgBDktNo1YhzuSX,OPINIONATED,2025-07-23 03:48:41.238000+00:00,OPINIONATED,713.8752094444445,"醫院骨科主任寫給中壯年的公開信￼

現在少子化、退休族群要懂得照顧自己、不要跌倒、要小心再小心、自己安全顧好，就不會拖累伴侶和子女、要健康平安、才能走的遠、樂活自在

醫院骨科主任寫給所有老年人（60-100歲及以上）的一封信…

 *如何減少意外傷害？*

 *我總結出來的所謂秘密有七個字，那就是：*

 *「小心，小心，再小心」！*

 *具體措施包括：*

 *1. 切勿站在椅子或凳子上拿東",0,0,2,health,2025,2025|health,recent,recent
539,lhvzejgexqah,2025-06-27 08:57:16.090000+00:00,TEXT,"緊急通知⚠️

中國大陸所有的機場
行動電源（充電寶）沒有三個C的標誌的,
安檢時一律不準帶上飛機，安全人員說這是昨天晚上發布的命令，全中國大陸機場都一樣。",e7_J85gB6nor6FKteiE7,OPINIONATED,2025-08-29 03:05:24.283000+00:00,OPINIONATED,1506.1356091666669,"緊急通知⚠️

中國大陸所有的機場
行動電源（充電寶）沒有三個C的標誌的,
安檢時一律不準帶上飛機，安全人員說這是昨天晚上發布的命令，全中國大陸機場都一樣。",0,1,0,political,2025,2025|political,recent,recent
540,24ziy3frov8ic,2025-08-16 10:30:38.578000+00:00,TEXT,這就是屬於 台南市政府 交通違規開單員,S32eYJsBQRhppPJGdEYT,OPINIONATED,2025-12-27 16:22:35.794000+00:00,OPINIONATED,3197.865893333333,這就是屬於 台南市政府 交通違規開單員,0,0,0,other,2025,2025|other,recent,recent
541,7szzlasmirw,2025-07-08 06:07:39.464000+00:00,TEXT,https://youtube.com/shorts/U-hEWDRERmA?si=C8conHV_c8hwq-4_,tOhZ6ZcBDktNo1YhjlOW,RUMOR,2025-07-08 09:24:10.005000+00:00,RUMOR,3.2751502777777777,https://youtube.com/shorts/U-hEWDRERmA?si=C8conHV_c8hwq-4_,0,0,0,other,2025,2025|other,recent,recent
